pair,price,days,weeks,cycles,mean_bp,ci95_low,ci95_high,half_width_bp,daily_sd_bp,cycles_same_sign,carry_adj_bp_median
M-TEN,close,1107,74,16,-21.7,-40.8,-6.9,17.0,86.9,7/16,12.78
M-TEN,VWAP,1107,74,16,-20.1,-36.3,-7.1,14.6,70.2,8/16,12.78
M-GUINEA,close,1100,81,15,-109.7,-140.1,-83.6,28.3,130.1,15/15,12.7
M-GUINEA,VWAP,1100,81,15,-108.6,-136.2,-83.5,26.3,117.4,15/15,12.7
M-PETAL,close,1163,82,16,-118.5,-146.0,-93.8,26.1,122.6,16/16,12.41
M-PETAL,VWAP,1163,82,16,-117.5,-141.6,-95.9,22.9,109.2,16/16,12.41
TEN-GUINEA,close,1230,74,17,-92.0,-108.7,-76.8,16.0,70.8,17/17,0.0
TEN-GUINEA,VWAP,1230,74,17,-92.4,-109.0,-77.5,15.7,68.9,17/17,0.0
TEN-PETAL,close,1316,78,18,-100.0,-114.2,-87.3,13.4,62.5,18/18,0.0
TEN-PETAL,VWAP,1316,78,18,-100.6,-114.0,-88.3,12.8,60.2,18/18,0.0
GUINEA-PETAL,close,1473,86,17,-8.2,-14.6,-1.6,6.5,38.9,12/17,0.0
GUINEA-PETAL,VWAP,1473,86,17,-8.2,-14.5,-1.5,6.5,38.7,12/17,0.0
