pair,expiry,mean_bp,days
M-TEN,2025-04-30,17.9,21
M-TEN,2025-05-30,4.8,43
M-TEN,2025-06-30,17.2,60
M-TEN,2025-07-31,10.1,63
M-TEN,2025-08-29,11.6,60
M-TEN,2025-09-30,14.2,61
M-TEN,2025-10-31,2.7,61
M-TEN,2025-11-28,4.8,59
M-TEN,2025-12-31,-2.0,71
M-TEN,2026-01-30,-39.4,92
M-TEN,2026-02-27,-53.3,112
M-TEN,2026-03-31,-51.1,124
M-TEN,2026-04-30,-64.9,123
M-TEN,2026-05-29,-88.6,123
M-TEN,2026-06-30,-75.1,125
M-TEN,2026-07-31,-48.3,125
M-TEN,2026-11-30,-9.6,80
M-TEN,2026-12-31,0.3,59
M-TEN,2027-01-29,-15.2,36
M-GUINEA,2025-01-31,-27.8,23
M-GUINEA,2025-02-28,-71.3,44
M-GUINEA,2025-03-31,-77.5,61
M-GUINEA,2025-04-30,-69.3,59
M-GUINEA,2025-05-30,-52.5,61
M-GUINEA,2025-06-30,-35.5,60
M-GUINEA,2025-07-31,-25.1,63
M-GUINEA,2025-08-29,-28.5,60
M-GUINEA,2025-09-30,-18.9,61
M-GUINEA,2025-10-31,-48.0,61
M-GUINEA,2025-11-28,-67.8,59
M-GUINEA,2025-12-31,-84.0,71
M-GUINEA,2026-01-30,-152.4,92
M-GUINEA,2026-02-27,-173.5,112
M-GUINEA,2026-03-31,-186.6,124
M-GUINEA,2026-04-30,-201.0,123
M-GUINEA,2026-05-29,-223.1,123
M-GUINEA,2026-06-30,-196.8,125
M-GUINEA,2026-07-31,-137.3,125
M-GUINEA,2026-08-31,-71.9,126
M-GUINEA,2026-12-31,-98.9,59
M-GUINEA,2027-01-29,-102.2,36
M-PETAL,2025-01-31,90.5,23
M-PETAL,2025-02-28,31.8,44
M-PETAL,2025-03-31,-30.7,61
M-PETAL,2025-04-30,-88.8,59
M-PETAL,2025-05-30,-90.8,61
M-PETAL,2025-06-30,-65.3,60
M-PETAL,2025-07-31,-61.3,63
M-PETAL,2025-08-29,-54.1,60
M-PETAL,2025-09-30,-37.0,61
M-PETAL,2025-10-31,-54.4,61
M-PETAL,2025-11-28,-76.0,59
M-PETAL,2025-12-31,-91.6,71
M-PETAL,2026-01-30,-150.4,92
M-PETAL,2026-02-27,-176.1,112
M-PETAL,2026-03-31,-188.3,124
M-PETAL,2026-04-30,-204.9,123
M-PETAL,2026-05-29,-233.2,123
M-PETAL,2026-06-30,-208.9,125
M-PETAL,2026-07-31,-146.2,125
M-PETAL,2026-08-31,-81.3,126
M-PETAL,2026-11-30,-85.8,80
M-PETAL,2026-12-31,-91.3,59
M-PETAL,2027-01-29,-83.5,36
TEN-GUINEA,2025-04-30,-37.9,21
TEN-GUINEA,2025-05-30,-42.5,43
TEN-GUINEA,2025-06-30,-55.6,64
TEN-GUINEA,2025-07-31,-38.1,66
TEN-GUINEA,2025-08-29,-38.0,64
TEN-GUINEA,2025-09-30,-34.1,65
TEN-GUINEA,2025-10-31,-49.3,64
TEN-GUINEA,2025-11-28,-69.5,64
TEN-GUINEA,2025-12-31,-81.9,71
TEN-GUINEA,2026-01-30,-113.0,92
TEN-GUINEA,2026-02-27,-120.1,113
TEN-GUINEA,2026-03-31,-132.7,127
TEN-GUINEA,2026-04-30,-136.1,127
TEN-GUINEA,2026-05-29,-131.8,128
TEN-GUINEA,2026-06-30,-128.4,128
TEN-GUINEA,2026-07-31,-96.7,129
TEN-GUINEA,2026-09-30,-51.6,129
TEN-GUINEA,2026-12-31,-97.0,63
TEN-GUINEA,2027-01-29,-89.0,39
TEN-GUINEA,2027-02-26,-94.7,19
TEN-PETAL,2025-04-30,-93.4,21
TEN-PETAL,2025-05-30,-83.2,43
TEN-PETAL,2025-06-30,-86.6,64
TEN-PETAL,2025-07-31,-73.6,66
TEN-PETAL,2025-08-29,-63.3,64
TEN-PETAL,2025-09-30,-54.2,65
TEN-PETAL,2025-10-31,-56.2,64
TEN-PETAL,2025-11-28,-77.3,64
TEN-PETAL,2025-12-31,-89.6,71
TEN-PETAL,2026-01-30,-111.0,92
TEN-PETAL,2026-02-27,-122.3,113
TEN-PETAL,2026-03-31,-135.1,127
TEN-PETAL,2026-04-30,-137.6,127
TEN-PETAL,2026-05-29,-142.4,128
TEN-PETAL,2026-06-30,-136.5,128
TEN-PETAL,2026-07-31,-94.5,130
TEN-PETAL,2026-09-30,-60.1,130
TEN-PETAL,2026-11-30,-77.8,85
TEN-PETAL,2026-12-31,-89.7,63
TEN-PETAL,2027-01-29,-72.8,40
TEN-PETAL,2027-02-26,-59.3,19
GUINEA-PETAL,2025-01-31,118.3,23
GUINEA-PETAL,2025-02-28,103.1,44
GUINEA-PETAL,2025-03-31,48.9,64
GUINEA-PETAL,2025-04-30,13.1,79
GUINEA-PETAL,2025-05-30,-12.1,85
GUINEA-PETAL,2025-06-30,-29.6,85
GUINEA-PETAL,2025-07-31,-34.0,87
GUINEA-PETAL,2025-08-29,-27.1,86
GUINEA-PETAL,2025-09-30,-21.2,86
GUINEA-PETAL,2025-10-31,-14.0,87
GUINEA-PETAL,2025-11-28,-7.6,84
GUINEA-PETAL,2025-12-31,-6.4,86
GUINEA-PETAL,2026-01-30,2.0,92
GUINEA-PETAL,2026-02-27,-2.2,113
GUINEA-PETAL,2026-03-31,-2.4,127
GUINEA-PETAL,2026-04-30,-1.5,127
GUINEA-PETAL,2026-05-29,-10.5,128
GUINEA-PETAL,2026-06-30,-8.1,128
GUINEA-PETAL,2026-07-31,-4.3,129
GUINEA-PETAL,2026-08-31,-9.1,130
GUINEA-PETAL,2026-09-30,-8.5,129
GUINEA-PETAL,2026-12-31,7.3,63
GUINEA-PETAL,2027-01-29,17.0,39
GUINEA-PETAL,2027-02-26,35.4,19
