symbol,start,end,alert_days,direction,expiry,z,premium_bp,usual_bp,prem_5d,prem_10d,prem_20d,closed_half_10d,days_to_half
GOLDPETAL,2023-12-22,2023-12-27,3,cheap vs GOLDM,2024-01-31,-1.97,-204.8,-145.2,-202.6,-166.1,-207.5,True,7.0
GOLDPETAL,2024-01-01,2024-01-01,1,cheap vs GOLDM,2024-01-31,-1.57,-202.6,-152.4,-166.1,-189.3,-187.0,True,2.0
GOLDGUINEA,2024-01-17,2024-01-17,1,rich vs GOLDM,2024-02-29,2.0,145.1,76.1,65.0,12.0,93.3,True,1.0
GOLDPETAL,2024-01-22,2024-01-23,2,cheap vs GOLDM,2024-01-31,-1.86,-207.5,-154.5,-187.0,-210.7,-156.4,True,4.0
GOLDGUINEA,2024-01-23,2024-01-23,1,cheap vs GOLDM,2024-01-31,-1.62,21.5,78.4,39.1,35.7,39.0,True,1.0
GOLDPETAL,2024-01-31,2024-02-02,3,cheap vs GOLDM,2024-02-29,-1.66,-203.7,-157.2,-214.3,-139.3,-201.2,True,8.0
GOLDGUINEA,2024-02-01,2024-02-01,1,cheap vs GOLDM,2024-02-29,-1.91,12.0,76.0,33.0,93.3,8.1,True,6.0
GOLDPETAL,2024-02-06,2024-02-08,3,cheap vs GOLDM,2024-02-29,-1.8,-210.7,-159.6,-135.6,-156.4,-221.2,True,4.0
GOLDPETAL,2024-02-15,2024-02-15,1,rich vs GOLDM,2024-03-28,1.76,-110.0,-160.2,-209.8,-218.9,-209.9,True,1.0
GOLDGUINEA,2024-02-22,2024-02-29,6,cheap vs GOLDM,2024-02-29,-1.61,18.9,72.3,8.1,-138.3,-10.9,False,
GOLDPETAL,2024-02-22,2024-02-23,2,cheap vs GOLDM,2024-02-29,-1.81,-209.8,-158.9,-218.9,-209.6,-222.1,False,
GOLDPETAL,2024-02-29,2024-03-01,2,cheap vs GOLDM,2024-03-28,-2.03,-218.9,-161.2,-209.6,-209.9,-275.1,False,
GOLDGUINEA,2024-03-04,2024-03-13,8,cheap vs GOLDM,2024-03-28,-3.07,-49.4,65.7,-140.4,-69.2,-12.2,False,14.0
GOLDPETAL,2024-03-05,2024-03-06,2,cheap vs GOLDM,2024-03-28,-1.92,-221.2,-163.5,-229.6,-238.0,-248.9,False,
GOLDPETAL,2024-03-08,2024-03-12,3,cheap vs GOLDM,2024-03-28,-2.53,-248.1,-166.2,-205.0,-225.7,-141.8,True,5.0
GOLDGUINEA,2024-03-18,2024-03-20,3,cheap vs GOLDM,2024-04-30,-1.73,-69.2,45.7,-5.6,-12.2,65.2,True,3.0
GOLDPETAL,2024-03-18,2024-03-19,2,cheap vs GOLDM,2024-03-28,-1.67,-231.1,-171.0,-230.5,-284.5,-217.3,False,12.0
GOLDPETAL,2024-03-26,2024-04-03,6,cheap vs GOLDM,2024-04-30,-1.52,-232.5,-175.0,-248.9,-131.4,-125.5,True,6.0
GOLDPETAL,2024-04-12,2024-04-12,1,rich vs GOLDM,2024-04-30,1.8,-104.9,-178.1,-89.5,-154.7,-212.1,True,1.0
GOLDPETAL,2024-04-17,2024-04-19,3,rich vs GOLDM,2024-04-30,2.67,-67.1,-176.9,-125.5,-112.0,-209.8,True,3.0
GOLDPETAL,2024-04-23,2024-04-23,1,rich vs GOLDM,2024-05-31,2.0,-88.3,-174.1,-97.3,-169.4,-160.6,True,2.0
GOLDPETAL,2024-04-30,2024-04-30,1,rich vs GOLDM,2024-05-31,1.73,-97.3,-172.4,-169.4,-196.6,-133.5,True,2.0
GOLDPETAL,2024-05-23,2024-05-23,1,rich vs GOLDM,2024-06-28,1.63,-102.8,-171.6,-105.1,-149.5,-149.9,True,9.0
GOLDPETAL,2024-05-31,2024-05-31,1,rich vs GOLDM,2024-06-28,1.86,-88.5,-168.8,-69.7,-86.7,-99.5,True,3.0
GOLDGUINEA,2024-05-31,2024-06-04,3,rich vs GOLDM,2024-06-28,1.78,155.4,47.9,191.8,156.8,123.6,False,
GOLDPETAL,2024-06-07,2024-06-11,3,rich vs GOLDM,2024-06-28,2.18,-69.7,-166.5,-86.7,-89.6,-171.6,True,9.0
GOLDGUINEA,2024-06-07,2024-06-14,6,rich vs GOLDM,2024-06-28,2.29,191.8,51.1,156.8,140.1,43.6,True,7.0
GOLDPETAL,2024-06-13,2024-06-17,3,rich vs GOLDM,2024-06-28,2.52,-44.2,-163.5,-149.9,-107.1,-187.1,True,5.0
GOLDPETAL,2024-06-25,2024-06-26,2,rich vs GOLDM,2024-07-31,1.66,-79.1,-160.1,-106.7,-133.7,-41.0,True,6.0
GOLDPETAL,2024-07-23,2024-07-23,1,rich vs GOLDM,2024-08-30,2.37,-41.0,-156.6,-136.8,-106.0,-197.0,True,1.0
GOLDGUINEA,2024-07-23,2024-07-23,1,rich vs GOLDM,2024-08-30,2.82,242.6,62.5,98.1,103.8,82.4,True,2.0
GOLDPETAL,2024-08-16,2024-08-16,1,cheap vs GOLDM,2024-08-30,-1.58,-230.1,-152.9,-291.9,-197.9,-233.0,True,4.0
GOLDPETAL,2024-08-23,2024-08-23,1,cheap vs GOLDM,2024-08-30,-2.83,-291.9,-153.9,-197.9,-192.2,-242.3,True,1.0
GOLDPETAL,2024-09-12,2024-09-13,2,cheap vs GOLDM,2024-09-30,-1.52,-230.9,-156.8,-207.8,-194.1,-190.2,True,4.0
GOLDPETAL,2024-09-20,2024-09-24,3,cheap vs GOLDM,2024-10-31,-1.72,-242.3,-158.2,-148.1,-163.4,-186.4,True,4.0
GOLDGUINEA,2024-11-06,2024-11-06,1,rich vs GOLDM,2024-11-29,1.88,174.1,67.8,155.8,110.5,71.1,True,1.0
GOLDPETAL,2024-11-06,2024-12-09,24,rich vs GOLDM,2024-11-29,4.04,32.1,-159.5,132.6,69.4,10.1,False,
GOLDGUINEA,2024-11-11,2024-11-11,1,rich vs GOLDM,2024-11-29,1.64,161.3,68.6,109.6,98.6,63.6,True,5.0
GOLDGUINEA,2024-11-13,2024-11-15,3,rich vs GOLDM,2024-11-29,1.52,155.8,69.3,110.5,75.1,34.9,True,3.0
GOLDPETAL,2024-12-13,2024-12-23,7,rich vs GOLDM,2024-12-31,2.09,19.3,-140.1,48.9,-47.0,-86.0,True,9.0
GOLDPETAL,2025-02-13,2025-04-09,40,rich vs GOLDM,2025-02-28,1.82,12.4,-130.0,121.0,159.9,125.4,False,
GOLDGUINEA,2025-02-28,2025-02-28,1,rich vs GOLDM,2025-03-31,1.56,154.1,70.2,121.5,84.7,38.3,True,1.0
GOLDGUINEA,2025-04-10,2025-04-10,1,cheap vs GOLDM,2025-04-30,-2.47,-58.6,72.0,29.9,59.5,28.1,True,1.0
GOLDPETAL,2025-04-17,2025-04-17,1,rich vs GOLDM,2025-04-30,1.66,83.1,-99.5,90.4,93.7,113.0,False,
GOLDPETAL,2025-04-22,2025-04-23,2,rich vs GOLDM,2025-05-30,1.84,104.5,-98.6,68.2,34.5,28.1,False,
GOLDPETAL,2025-04-25,2025-04-25,1,rich vs GOLDM,2025-05-30,1.68,90.4,-97.1,93.7,45.4,2.2,False,
GOLDPETAL,2025-04-30,2025-05-02,3,rich vs GOLDM,2025-05-30,1.54,77.3,-95.7,26.8,112.3,65.7,False,
GOLDPETAL,2025-05-12,2025-05-16,5,rich vs GOLDM,2025-05-30,1.75,105.3,-92.3,81.2,22.5,64.5,True,9.0
GOLDGUINEA,2025-05-23,2025-05-23,1,cheap vs GOLDM,2025-06-30,-1.72,-23.1,68.3,30.7,44.6,45.8,True,2.0
GOLDPETAL,2025-06-24,2025-06-24,1,rich vs GOLDM,2025-07-31,1.5,93.1,-81.1,72.8,91.6,-7.7,False,19.0
GOLDPETAL,2025-06-27,2025-06-30,2,rich vs GOLDM,2025-07-31,1.65,111.9,-79.8,80.4,49.9,72.5,False,16.0
GOLDGUINEA,2025-07-22,2025-07-22,1,cheap vs GOLDM,2025-08-29,-1.72,-25.4,64.3,23.9,-6.2,41.8,True,2.0
GOLDPETAL,2025-10-17,2025-10-17,1,rich vs GOLDM,2025-10-31,1.59,128.0,-58.9,66.4,84.5,119.4,False,
GOLDPETAL,2025-11-17,2025-11-18,2,rich vs GOLDM,2025-11-28,1.55,130.6,-53.1,93.7,85.2,121.8,False,
GOLDPETAL,2025-11-20,2025-11-20,1,rich vs GOLDM,2025-12-31,1.52,128.0,-52.2,80.1,97.0,118.8,False,
GOLDTEN,2025-12-19,2025-12-19,1,rich vs GOLDM,2026-01-30,1.59,15.7,-7.6,50.5,31.2,59.2,True,1.0
GOLDGUINEA,2025-12-26,2026-01-09,11,rich vs GOLDM,2026-01-30,1.89,157.4,62.7,299.3,170.6,488.2,False,11.0
GOLDTEN,2025-12-26,2026-01-08,10,rich vs GOLDM,2026-01-30,1.68,17.1,-7.3,64.6,16.1,135.5,False,
GOLDPETAL,2025-12-29,2026-01-09,10,rich vs GOLDM,2026-01-30,2.0,195.6,-44.8,232.0,139.3,344.3,False,
GOLDTEN,2026-01-12,2026-02-12,24,rich vs GOLDM,2026-01-30,2.23,40.5,-4.0,59.2,149.3,193.4,False,
GOLDPETAL,2026-01-13,2026-02-20,29,rich vs GOLDM,2026-02-27,1.66,170.2,-39.1,288.7,225.8,348.2,False,
GOLDGUINEA,2026-01-14,2026-01-16,3,rich vs GOLDM,2026-01-30,1.69,166.8,67.4,633.5,346.0,302.0,False,
GOLDGUINEA,2026-01-20,2026-02-19,23,rich vs GOLDM,2026-02-27,3.25,262.8,68.4,192.7,429.0,346.7,False,
GOLDPETAL,2026-02-26,2026-02-26,1,rich vs GOLDM,2026-03-31,1.56,234.8,-15.3,294.3,253.7,99.4,False,19.0
GOLDPETAL,2026-03-02,2026-03-09,6,rich vs GOLDM,2026-03-31,1.65,251.7,-14.3,260.0,231.8,58.9,False,17.0
GOLDGUINEA,2026-03-03,2026-03-05,3,rich vs GOLDM,2026-03-31,1.8,264.4,85.5,142.9,197.7,28.6,True,5.0
GOLDPETAL,2026-03-12,2026-03-13,2,rich vs GOLDM,2026-03-31,1.6,253.7,-10.0,210.8,99.4,80.3,True,9.0
GOLDPETAL,2026-03-23,2026-03-23,1,rich vs GOLDM,2026-04-30,1.57,253.4,-6.9,58.9,71.2,104.4,True,2.0
