strategy,what,expiry,entry,exit,gross_stored,gross,gap_part,gold_part,gold_move_pct,net_5bp,run
A,GOLDGUINEA-GOLDPETAL,2025-05-30,2025-05-06,2025-05-07,380.38,380.38,376.89,3.49,-0.49,-631.65,A_test
A,GOLDGUINEA-GOLDPETAL,2025-05-30,2025-05-08,2025-05-13,890.89,890.89,933.05,-42.16,-2.37,-102.03,A_test
A,GOLDGUINEA-GOLDTEN,2025-05-30,2025-05-21,2025-05-27,68.07,68.07,65.95,2.12,0.13,-924.26,A_test
A,GOLDPETAL-GOLDTEN,2025-05-30,2025-05-07,2025-05-13,2102.1,2102.1,2243.5,-141.4,-3.52,1108.11,A_test
A,GOLDGUINEA-GOLDPETAL,2025-06-30,2025-05-05,2025-05-06,120.12,120.12,86.67,33.45,2.71,-884.32,A_test
A,GOLDGUINEA-GOLDPETAL,2025-06-30,2025-05-13,2025-05-21,840.84,840.84,855.65,-14.81,1.38,-151.49,A_test
A,GOLDGUINEA-GOLDPETAL,2025-06-30,2025-06-10,2025-06-11,-60.06,-60.06,-58.81,-1.25,-0.11,-1067.15,A_test
A,GOLDGUINEA-GOLDTEN,2025-06-30,2025-05-21,2025-05-28,1523.52,1523.52,1530.72,-7.19,-0.38,527.05,A_test
A,GOLDPETAL-GOLDTEN,2025-06-30,2025-05-21,2025-05-28,1453.45,1453.45,1464.51,-11.06,-0.38,455.75,A_test
A,GOLDGUINEA-GOLDPETAL,2025-07-31,2025-05-14,2025-05-22,750.75,750.75,777.68,-26.93,2.47,-241.18,A_test
A,GOLDGUINEA-GOLDPETAL,2025-07-31,2025-06-03,2025-06-11,745.75,745.75,749.74,-3.99,-0.3,-267.3,A_test
A,GOLDGUINEA-GOLDPETAL,2025-07-31,2025-06-25,2025-07-10,-440.44,-440.44,-454.96,14.52,-0.73,-1454.07,A_test
A,GOLDGUINEA-GOLDPETAL,2025-07-31,2025-07-16,2025-07-17,-190.19,-190.19,-193.8,3.61,-0.17,-1206.41,A_test
A,GOLDGUINEA-GOLDPETAL,2025-07-31,2025-07-21,2025-07-28,-180.18,-180.18,-169.96,-10.22,-0.88,-1203.15,A_test
A,GOLDGUINEA-GOLDTEN,2025-07-31,2025-05-21,2025-05-28,2093.09,2093.09,2101.22,-8.12,-0.42,1092.64,A_test
A,GOLDGUINEA-GOLDTEN,2025-07-31,2025-07-02,2025-07-09,945.95,945.95,965.72,-19.77,-0.9,-61.59,A_test
A,GOLDGUINEA-GOLDTEN,2025-07-31,2025-07-15,2025-07-24,1021.02,1021.02,999.42,21.6,1.26,5.05,A_test
A,GOLDPETAL-GOLDTEN,2025-07-31,2025-05-21,2025-05-28,1957.96,1957.96,1970.82,-12.87,-0.42,956.12,A_test
A,GOLDPETAL-GOLDTEN,2025-07-31,2025-07-14,2025-07-25,600.6,600.6,602.98,-2.38,-0.07,-416.18,A_test
A,GOLDGUINEA-GOLDPETAL,2025-08-29,2025-08-20,2025-08-21,-1486.49,-1486.49,-1485.98,-0.51,-0.23,-2514.93,A_hold
A,GOLDGUINEA-GOLDTEN,2025-08-29,2025-08-20,2025-08-21,-29.03,-29.03,-27.56,-1.47,0.14,-1055.15,A_hold
A,GOLDGUINEA-GOLDPETAL,2025-09-30,2025-08-20,2025-08-25,450.45,450.45,440.76,9.69,1.01,-588.28,A_hold
A,GOLDGUINEA-GOLDPETAL,2025-09-30,2025-08-26,2025-08-29,605.61,605.61,613.12,-7.51,2.48,-453.41,A_hold
A,GOLDGUINEA-GOLDPETAL,2025-09-30,2025-09-22,2025-09-26,2752.75,2752.75,2700.12,52.63,2.45,1594.65,A_hold
A,GOLDGUINEA-GOLDTEN,2025-09-30,2025-09-16,2025-09-19,-386.39,-386.39,-385.46,-0.92,-0.28,-1515.55,A_hold
A,GOLDGUINEA-GOLDTEN,2025-09-30,2025-09-23,2025-09-24,514.51,514.51,549.59,-35.08,-0.94,-649.57,A_hold
A,GOLDPETAL-GOLDTEN,2025-09-30,2025-08-27,2025-09-04,492.49,492.49,409.17,83.33,4.78,-579.75,A_hold
A,GOLDPETAL-GOLDTEN,2025-09-30,2025-09-16,2025-09-17,-456.46,-456.46,-452.38,-4.08,-0.3,-1586.82,A_hold
A,GOLDPETAL-GOLDTEN,2025-09-30,2025-09-22,2025-09-24,1441.44,1441.44,1441.07,0.37,0.54,290.01,A_hold
A,GOLDGUINEA-GOLDPETAL,2025-10-31,2025-08-12,2025-08-13,45.05,45.05,45.51,-0.46,0.08,-1003.17,A_hold
A,GOLDGUINEA-GOLDPETAL,2025-10-31,2025-09-25,2025-10-14,485.49,485.49,454.04,31.45,11.28,-741.22,A_hold
A,GOLDGUINEA-GOLDPETAL,2025-10-31,2025-10-20,2025-10-24,200.2,200.2,146.49,53.71,-5.54,-1085.63,A_hold
A,GOLDGUINEA-GOLDTEN,2025-10-31,2025-08-19,2025-08-25,1921.92,1921.92,1945.55,-23.63,1.75,882.53,A_hold
A,GOLDGUINEA-GOLDTEN,2025-10-31,2025-09-17,2025-09-23,-7.01,-7.01,52.13,-59.13,3.6,-1158.82,A_hold
A,GOLDGUINEA-GOLDTEN,2025-10-31,2025-10-01,2025-10-14,-61.06,-61.06,154.9,-215.96,7.55,-1302.31,A_hold
A,GOLDGUINEA-GOLDTEN,2025-10-31,2025-10-23,2025-10-24,-2439.44,-2439.44,-2429.19,-10.24,-0.56,-3692.74,A_hold
A,GOLDPETAL-GOLDTEN,2025-10-31,2025-08-27,2025-09-04,108.11,108.11,28.04,80.07,4.84,-969.49,A_hold
A,GOLDPETAL-GOLDTEN,2025-10-31,2025-09-17,2025-09-23,-92.09,-92.09,-7.22,-84.87,3.6,-1244.72,A_hold
A,GOLDPETAL-GOLDTEN,2025-10-31,2025-10-10,2025-10-14,92.09,92.09,231.15,-139.06,4.28,-1166.88,A_hold
A,GOLDPETAL-GOLDTEN,2025-10-31,2025-10-17,2025-10-23,2198.2,2198.2,2102.94,95.26,-2.3,925.38,A_hold
A,GOLDGUINEA-GOLDPETAL,2025-11-28,2025-08-25,2025-08-29,820.82,820.82,813.26,7.56,2.63,-247.19,A_hold
A,GOLDGUINEA-GOLDPETAL,2025-11-28,2025-09-19,2025-09-24,25.03,25.03,17.6,7.43,2.72,-1131.7,A_hold
A,GOLDGUINEA-GOLDPETAL,2025-11-28,2025-10-01,2025-10-07,360.36,360.36,363.03,-2.67,2.74,-864.4,A_hold
A,GOLDGUINEA-GOLDPETAL,2025-11-28,2025-10-20,2025-10-28,700.7,700.7,655.19,45.52,-8.34,-577.37,A_hold
A,GOLDGUINEA-GOLDPETAL,2025-11-28,2025-11-20,2025-11-25,2197.2,2197.2,2184.18,13.02,1.44,922.89,A_hold
A,GOLDGUINEA-GOLDTEN,2025-11-28,2025-09-17,2025-09-23,636.64,636.64,714.65,-78.01,3.63,-521.06,A_hold
A,GOLDGUINEA-GOLDTEN,2025-11-28,2025-10-09,2025-10-14,516.52,516.52,643.04,-126.52,4.66,-744.94,A_hold
A,GOLDGUINEA-GOLDTEN,2025-11-28,2025-10-23,2025-10-28,147.15,147.15,249.62,-102.47,-3.58,-1096.75,A_hold
A,GOLDGUINEA-GOLDTEN,2025-11-28,2025-11-05,2025-11-11,929.93,929.93,1037.96,-108.03,2.88,-318.65,A_hold
A,GOLDPETAL-GOLDTEN,2025-11-28,2025-09-17,2025-09-23,176.18,176.18,282.38,-106.21,3.63,-982.18,A_hold
A,GOLDPETAL-GOLDTEN,2025-11-28,2025-10-10,2025-10-14,-416.42,-416.42,-288.17,-128.24,3.97,-1681.66,A_hold
A,GOLDPETAL-GOLDTEN,2025-11-28,2025-10-20,2025-10-23,-144.14,-144.14,-336.81,192.67,-4.93,-1440.31,A_hold
A,GOLDPETAL-GOLDTEN,2025-11-28,2025-11-04,2025-11-11,856.86,856.86,1000.46,-143.6,3.36,-389.69,A_hold
A,GOLDPETAL-GOLDTEN,2025-11-28,2025-11-18,2025-11-25,-76.08,-76.08,35.27,-111.35,1.76,-1341.22,A_hold
A,GOLDGUINEA-GOLDPETAL,2025-12-31,2025-09-24,2025-09-25,475.48,475.48,475.15,0.32,0.07,-704.46,A_hold
A,GOLDGUINEA-GOLDPETAL,2025-12-31,2025-10-09,2025-10-13,1791.79,1791.79,1775.88,15.91,2.61,528.25,A_hold
A,GOLDGUINEA-GOLDPETAL,2025-12-31,2025-11-17,2025-11-21,935.94,935.94,932.1,3.84,0.77,-340.37,A_hold
A,GOLDGUINEA-GOLDPETAL,2025-12-31,2025-11-26,2025-12-05,410.41,410.41,427.43,-17.02,1.98,-897.31,A_hold
A,GOLDGUINEA-GOLDPETAL,2025-12-31,2025-12-17,2025-12-29,10.01,10.01,10.37,-0.36,-0.15,-1349.17,A_hold
A,GOLDGUINEA-GOLDTEN,2025-12-31,2025-10-09,2025-10-15,1704.7,1704.7,1495.78,208.92,5.22,430.71,A_hold
A,GOLDGUINEA-GOLDTEN,2025-12-31,2025-11-05,2025-11-11,281.28,281.28,394.97,-113.69,2.92,-975.66,A_hold
A,GOLDGUINEA-GOLDTEN,2025-12-31,2025-11-18,2025-11-24,426.43,426.43,466.35,-39.92,0.81,-841.86,A_hold
A,GOLDGUINEA-GOLDTEN,2025-12-31,2025-12-01,2025-12-05,584.58,584.58,589.79,-5.21,-0.14,-730.42,A_hold
A,GOLDGUINEA-GOLDTEN,2025-12-31,2025-12-10,2025-12-12,1096.1,1096.1,1203.85,-107.75,2.41,-227.62,A_hold
A,GOLDPETAL-GOLDTEN,2025-12-31,2025-10-14,2025-10-15,-268.27,-268.27,-299.49,31.22,0.85,-1567.6,A_hold
A,GOLDPETAL-GOLDTEN,2025-12-31,2025-10-20,2025-10-24,448.45,448.45,276.88,171.56,-5.32,-852.29,A_hold
A,GOLDPETAL-GOLDTEN,2025-12-31,2025-11-05,2025-11-11,256.26,256.26,383.17,-126.91,2.92,-1001.21,A_hold
A,GOLDPETAL-GOLDTEN,2025-12-31,2025-11-21,2025-11-26,128.13,128.13,194.09,-65.96,1.41,-1155.17,A_hold
A,GOLDPETAL-GOLDTEN,2025-12-31,2025-12-01,2025-12-05,-556.56,-556.56,-550.12,-6.43,-0.14,-1873.21,A_hold
A,GOLDPETAL-GOLDTEN,2025-12-31,2025-12-09,2025-12-12,516.52,516.52,628.77,-112.26,2.11,-809.56,A_hold
A,GOLDGUINEA-GOLDPETAL,2026-01-30,2025-10-13,2025-10-20,945.95,945.95,980.38,-34.43,5.05,-370.32,A_hold
A,GOLDGUINEA-GOLDPETAL,2026-01-30,2025-11-17,2025-11-21,1771.77,1771.77,1767.63,4.14,0.98,487.15,A_hold
A,GOLDGUINEA-GOLDPETAL,2026-01-30,2025-12-10,2025-12-12,-25.03,-25.03,-49.35,24.32,2.53,-1369.38,A_hold
A,GOLDGUINEA-GOLDPETAL,2026-01-30,2025-12-16,2026-01-05,-65.07,-65.07,-64.69,-0.37,3.88,-1461.94,A_hold
A,GOLDGUINEA-GOLDPETAL,2026-01-30,2026-01-20,2026-01-22,1416.42,1416.42,1418.49,-2.07,5.46,-162.44,A_hold
A,GOLDGUINEA-GOLDTEN,2026-01-30,2025-10-22,2025-10-23,-866.87,-866.87,-794.77,-72.1,1.87,-2135.69,A_hold
A,GOLDGUINEA-GOLDTEN,2026-01-30,2025-12-10,2025-12-12,1428.43,1428.43,1546.1,-117.67,2.84,91.01,A_hold
A,GOLDGUINEA-GOLDTEN,2026-01-30,2025-12-29,2026-01-07,-1024.02,-1024.02,-798.1,-225.92,2.26,-2417.92,A_hold
A,GOLDGUINEA-GOLDTEN,2026-01-30,2026-01-13,2026-01-21,20657.66,20657.66,18569.37,2088.28,8.46,19148.97,A_hold
A,GOLDGUINEA-GOLDTEN,2026-01-30,2026-01-22,2026-01-27,13265.27,13265.27,13462.19,-196.92,2.16,11664.06,A_hold
A,GOLDPETAL-GOLDTEN,2026-01-30,2025-10-20,2025-10-23,1209.21,1209.21,1027.21,181.99,-4.66,-100.38,A_hold
A,GOLDPETAL-GOLDTEN,2026-01-30,2025-10-30,2025-11-03,1113.11,1113.11,1112.36,0.75,0.02,-142.54,A_hold
A,GOLDPETAL-GOLDTEN,2026-01-30,2025-11-20,2025-11-26,2482.48,2482.48,2588.58,-106.1,2.6,1195.2,A_hold
A,GOLDPETAL-GOLDTEN,2026-01-30,2025-12-11,2025-12-12,-136.14,-136.14,-90.77,-45.36,0.87,-1485.63,A_hold
A,GOLDPETAL-GOLDTEN,2026-01-30,2025-12-30,2026-01-09,472.47,472.47,558.84,-86.36,1.04,-930.14,A_hold
A,GOLDPETAL-GOLDTEN,2026-01-30,2026-01-13,2026-01-20,5117.12,5117.12,4446.98,670.13,6.02,3633.8,A_hold
A,GOLDPETAL-GOLDTEN,2026-01-30,2026-01-22,2026-01-27,17869.87,17869.87,17970.4,-100.53,2.16,16271.13,A_hold
A,GOLDGUINEA-GOLDPETAL,2026-02-27,2025-10-13,2025-10-20,760.76,760.76,837.1,-76.34,5.09,-563.44,A_hold
A,GOLDGUINEA-GOLDPETAL,2026-02-27,2025-10-27,2025-10-28,-1016.02,-1016.02,-1003.72,-12.29,-1.05,-2274.67,A_hold
A,GOLDGUINEA-GOLDPETAL,2026-02-27,2025-11-11,2025-11-17,1811.81,1811.81,1820.52,-8.71,-0.7,519.18,A_hold
A,GOLDGUINEA-GOLDPETAL,2026-02-27,2025-12-12,2025-12-17,980.98,980.98,983.93,-2.95,1.3,-402.03,A_hold
A,GOLDGUINEA-GOLDPETAL,2026-02-27,2025-12-18,2026-01-06,-950.95,-950.95,-896.6,-54.35,4.29,-2369.18,A_hold
A,GOLDGUINEA-GOLDPETAL,2026-02-27,2026-01-13,2026-01-27,1151.15,1151.15,1174.7,-23.55,15.53,-427.18,A_hold
A,GOLDGUINEA-GOLDPETAL,2026-02-27,2026-01-28,2026-01-29,3188.19,3188.19,2838.09,350.1,6.78,1394.87,A_hold
A,GOLDGUINEA-GOLDPETAL,2026-02-27,2026-01-30,2026-02-03,7272.27,7272.27,7379.05,-106.77,-4.26,5663.77,A_hold
A,GOLDGUINEA-GOLDTEN,2026-02-27,2025-10-13,2025-10-23,-1131.13,-1131.13,-1155.3,24.17,-0.5,-2421.35,A_hold
A,GOLDGUINEA-GOLDTEN,2026-02-27,2025-11-11,2025-11-17,1095.1,1095.1,1123.18,-28.09,-0.57,-192.76,A_hold
A,GOLDGUINEA-GOLDTEN,2026-02-27,2025-12-01,2025-12-03,1236.24,1236.24,1239.62,-3.38,-0.07,-100.92,A_hold
A,GOLDGUINEA-GOLDTEN,2026-02-27,2025-12-11,2025-12-12,-866.87,-866.87,-829.28,-37.59,0.97,-2228.32,A_hold
A,GOLDGUINEA-GOLDTEN,2026-02-27,2025-12-29,2026-01-07,261.26,261.26,495.74,-234.48,2.56,-1154.79,A_hold
A,GOLDGUINEA-GOLDTEN,2026-02-27,2026-01-13,2026-01-21,18937.94,18937.94,16629.86,2308.08,10.69,17389.99,A_hold
A,GOLDGUINEA-GOLDTEN,2026-02-27,2026-01-22,2026-01-29,17229.23,17229.23,18046.11,-816.88,14.02,15491.92,A_hold
A,GOLDGUINEA-GOLDTEN,2026-02-27,2026-02-18,2026-02-24,3311.31,3311.31,3496.18,-184.86,1.62,1730.82,A_hold
A,GOLDPETAL-GOLDTEN,2026-02-27,2025-10-20,2025-10-23,244.24,244.24,43.13,201.11,-4.82,-1072.94,A_hold
A,GOLDPETAL-GOLDTEN,2026-02-27,2025-11-20,2025-11-24,728.73,728.73,762.76,-34.03,0.73,-558.4,A_hold
A,GOLDPETAL-GOLDTEN,2026-02-27,2025-12-11,2025-12-12,-576.58,-576.58,-527.38,-49.19,0.97,-1939.63,A_hold
A,GOLDPETAL-GOLDTEN,2026-02-27,2025-12-23,2025-12-26,900.9,900.9,795.04,105.86,1.64,-525.11,A_hold
A,GOLDPETAL-GOLDTEN,2026-02-27,2025-12-30,2026-01-07,688.69,688.69,780.29,-91.6,1.14,-735.29,A_hold
A,GOLDPETAL-GOLDTEN,2026-02-27,2026-01-13,2026-01-20,6642.64,6642.64,5818.83,823.82,6.8,5127.32,A_hold
A,GOLDPETAL-GOLDTEN,2026-02-27,2026-01-21,2026-01-28,20284.28,20284.28,20664.73,-380.45,8.44,18599.08,A_hold
A,GOLDGUINEA-GOLDPETAL,2026-03-31,2025-11-11,2025-11-18,-65.07,-65.07,-58.71,-6.35,-0.62,-1365.5,A_hold
A,GOLDGUINEA-GOLDPETAL,2026-03-31,2025-12-01,2025-12-10,-30.03,-30.03,-28.31,-1.72,0.16,-1383.01,A_hold
A,GOLDGUINEA-GOLDPETAL,2026-03-31,2025-12-18,2026-01-07,-2402.4,-2402.4,-2311.54,-90.86,4.27,-3837.05,A_hold
A,GOLDGUINEA-GOLDPETAL,2026-03-31,2026-01-13,2026-01-23,-85.09,-85.09,-50.69,-34.4,17.56,-1700.9,A_hold
A,GOLDGUINEA-GOLDPETAL,2026-03-31,2026-01-28,2026-01-29,285.29,285.29,185.88,99.41,6.66,-1567.3,A_hold
A,GOLDGUINEA-GOLDPETAL,2026-03-31,2026-02-25,2026-03-04,1616.62,1616.62,1656.69,-40.07,1.41,-29.14,A_hold
A,GOLDGUINEA-GOLDPETAL,2026-03-31,2026-03-20,2026-03-27,3668.67,3668.67,3762.33,-93.66,-1.86,2201.38,A_hold
A,GOLDGUINEA-GOLDTEN,2026-03-31,2025-11-11,2025-11-20,2199.2,2199.2,2252.56,-53.36,-0.75,902.54,A_hold
A,GOLDGUINEA-GOLDTEN,2026-03-31,2025-11-26,2025-12-03,1857.86,1857.86,1752.4,105.46,2.14,524.53,A_hold
A,GOLDGUINEA-GOLDTEN,2026-03-31,2025-12-30,2026-01-07,2496.5,2496.5,2603.73,-107.23,1.05,1047.29,A_hold
A,GOLDGUINEA-GOLDTEN,2026-03-31,2026-01-13,2026-01-20,7403.4,7403.4,6473.45,929.95,7.78,5858.44,A_hold
A,GOLDGUINEA-GOLDTEN,2026-03-31,2026-01-22,2026-01-29,16465.47,16465.47,17581.14,-1115.67,14.16,14669.55,A_hold
A,GOLDGUINEA-GOLDTEN,2026-03-31,2026-03-24,2026-03-26,7452.45,7452.45,7463.85,-11.4,0.37,6039.95,A_hold
A,GOLDPETAL-GOLDTEN,2026-03-31,2025-10-20,2025-10-23,520.52,520.52,344.21,176.31,-4.59,-804.66,A_hold
A,GOLDPETAL-GOLDTEN,2026-03-31,2025-12-30,2026-01-06,572.57,572.57,683.16,-110.59,1.3,-875.09,A_hold
A,GOLDPETAL-GOLDTEN,2026-03-31,2026-01-13,2026-01-20,7423.42,7423.42,6481.55,941.87,7.78,5878.28,A_hold
A,GOLDPETAL-GOLDTEN,2026-03-31,2026-01-21,2026-01-29,19847.85,19847.85,21202.85,-1355.0,14.68,18051.49,A_hold
A,GOLDPETAL-GOLDTEN,2026-03-31,2026-03-24,2026-03-25,8388.39,8388.39,8469.04,-80.65,3.39,6956.29,A_hold
A,GOLDGUINEA-GOLDPETAL,2026-04-30,2025-12-02,2025-12-10,-150.15,-150.15,-141.13,-9.02,0.62,-1512.49,A_hold
A,GOLDGUINEA-GOLDPETAL,2026-04-30,2025-12-19,2025-12-23,-905.91,-905.91,-879.06,-26.85,2.76,-2343.92,A_hold
A,GOLDGUINEA-GOLDPETAL,2026-04-30,2025-12-24,2026-01-06,-1141.14,-1141.14,-1116.95,-24.19,1.84,-2618.34,A_hold
A,GOLDGUINEA-GOLDPETAL,2026-04-30,2026-01-21,2026-01-27,-4234.23,-4234.23,-4168.35,-65.88,1.11,-6022.01,A_hold
A,GOLDGUINEA-GOLDPETAL,2026-04-30,2026-01-28,2026-01-30,795.8,795.8,692.31,103.48,-6.2,-1007.79,A_hold
A,GOLDGUINEA-GOLDPETAL,2026-04-30,2026-02-03,2026-02-04,-1636.64,-1636.64,-1626.85,-9.79,-0.68,-3267.97,A_hold
A,GOLDGUINEA-GOLDPETAL,2026-04-30,2026-02-17,2026-02-23,1501.5,1501.5,1573.77,-72.27,5.22,-123.04,A_hold
A,GOLDGUINEA-GOLDPETAL,2026-04-30,2026-02-26,2026-03-03,2067.07,2067.07,2117.8,-50.73,1.66,402.99,A_hold
A,GOLDGUINEA-GOLDPETAL,2026-04-30,2026-03-16,2026-03-24,-780.78,-780.78,-626.7,-154.08,-11.45,-2310.8,A_hold
A,GOLDGUINEA-GOLDPETAL,2026-04-30,2026-04-07,2026-04-08,-40.04,-40.04,-59.69,19.65,1.39,-1551.66,A_hold
A,GOLDGUINEA-GOLDPETAL,2026-04-30,2026-04-22,2026-04-24,245.25,245.25,243.12,2.13,-0.15,-1280.0,A_hold
A,GOLDGUINEA-GOLDTEN,2026-04-30,2025-12-29,2026-01-06,5240.24,5240.24,5571.55,-331.31,3.13,3778.47,A_hold
A,GOLDGUINEA-GOLDTEN,2026-04-30,2026-01-13,2026-01-20,8582.58,8582.58,7339.88,1242.7,8.25,7010.2,A_hold
A,GOLDGUINEA-GOLDTEN,2026-04-30,2026-01-21,2026-01-29,20503.5,20503.5,22437.38,-1933.88,15.35,18654.51,A_hold
A,GOLDGUINEA-GOLDTEN,2026-04-30,2026-03-26,2026-04-09,-2273.27,-2273.27,-2460.28,187.01,7.64,-3751.15,A_hold
A,GOLDGUINEA-GOLDTEN,2026-04-30,2026-04-22,2026-04-27,811.81,811.81,782.02,29.79,-0.97,-700.58,A_hold
A,GOLDPETAL-GOLDTEN,2026-04-30,2025-12-30,2026-01-07,1477.48,1477.48,1586.78,-109.3,1.12,10.65,A_hold
A,GOLDPETAL-GOLDTEN,2026-04-30,2026-01-13,2026-01-20,5849.85,5849.85,4867.35,982.5,8.25,4279.97,A_hold
A,GOLDPETAL-GOLDTEN,2026-04-30,2026-01-21,2026-01-28,26690.69,26690.69,27232.38,-541.69,9.01,24897.99,A_hold
A,GOLDPETAL-GOLDTEN,2026-04-30,2026-02-19,2026-02-24,4408.41,4408.41,4771.0,-362.59,2.98,2785.36,A_hold
A,GOLDPETAL-GOLDTEN,2026-04-30,2026-03-26,2026-04-09,-1717.72,-1717.72,-1988.95,271.23,7.64,-3196.68,A_hold
A,GOLDPETAL-GOLDTEN,2026-04-30,2026-04-22,2026-04-27,1317.32,1317.32,1276.31,41.01,-0.97,-196.74,A_hold
A,GOLDGUINEA-GOLDPETAL,2026-05-29,2025-12-24,2026-01-05,-1431.43,-1431.43,-1366.47,-64.97,1.83,-2929.86,A_hold
A,GOLDGUINEA-GOLDPETAL,2026-05-29,2026-01-22,2026-01-23,-4059.06,-4059.06,-3998.11,-60.95,1.89,-5862.43,A_hold
A,GOLDGUINEA-GOLDPETAL,2026-05-29,2026-01-27,2026-01-30,4394.39,4394.39,4501.22,-106.82,-2.65,2562.46,A_hold
A,GOLDGUINEA-GOLDPETAL,2026-05-29,2026-02-19,2026-02-23,1276.28,1276.28,1310.34,-34.07,3.16,-389.48,A_hold
A,GOLDGUINEA-GOLDPETAL,2026-05-29,2026-02-26,2026-03-03,3298.3,3298.3,3334.06,-35.77,1.52,1610.6,A_hold
A,GOLDGUINEA-GOLDPETAL,2026-05-29,2026-03-23,2026-03-31,985.99,985.99,909.02,76.96,3.88,-510.62,A_hold
A,GOLDGUINEA-GOLDPETAL,2026-05-29,2026-04-28,2026-05-04,250.25,250.25,244.3,5.95,-0.38,-1263.16,A_hold
A,GOLDGUINEA-GOLDPETAL,2026-05-29,2026-05-14,2026-05-26,1156.16,1156.16,1245.49,-89.33,-3.69,-434.51,A_hold
A,GOLDGUINEA-GOLDTEN,2026-05-29,2025-12-29,2026-01-07,6014.01,6014.01,6350.62,-336.61,2.43,4530.07,A_hold
A,GOLDGUINEA-GOLDTEN,2026-05-29,2026-01-13,2026-01-21,19684.68,19684.68,16031.04,3653.64,14.2,18041.73,A_hold
A,GOLDGUINEA-GOLDTEN,2026-05-29,2026-01-22,2026-01-28,17588.59,17588.59,18169.24,-580.65,9.83,15754.96,A_hold
A,GOLDGUINEA-GOLDTEN,2026-05-29,2026-03-18,2026-03-19,-630.63,-630.63,95.46,-726.09,-5.99,-2185.04,A_hold
A,GOLDGUINEA-GOLDTEN,2026-05-29,2026-03-23,2026-03-26,6665.67,6665.67,6668.34,-2.68,0.05,5214.44,A_hold
A,GOLDGUINEA-GOLDTEN,2026-05-29,2026-03-30,2026-04-09,3569.57,3569.57,3455.64,113.93,3.61,2054.24,A_hold
A,GOLDGUINEA-GOLDTEN,2026-05-29,2026-04-22,2026-04-28,111.11,111.11,44.56,66.55,-1.81,-1411.51,A_hold
A,GOLDGUINEA-GOLDTEN,2026-05-29,2026-05-12,2026-05-14,852.85,852.85,711.88,140.97,5.36,-722.92,A_hold
A,GOLDPETAL-GOLDTEN,2026-05-29,2025-12-29,2026-01-09,1389.39,1389.39,1672.1,-282.71,2.82,-89.75,A_hold
A,GOLDPETAL-GOLDTEN,2026-05-29,2026-01-13,2026-01-21,22902.9,22902.9,18936.89,3966.01,14.2,21258.76,A_hold
A,GOLDPETAL-GOLDTEN,2026-05-29,2026-01-22,2026-01-28,15031.03,15031.03,15771.65,-740.62,9.83,13196.91,A_hold
A,GOLDPETAL-GOLDTEN,2026-05-29,2026-02-20,2026-03-03,-1393.39,-1393.39,-884.18,-509.22,3.22,-3053.22,A_hold
A,GOLDPETAL-GOLDTEN,2026-05-29,2026-03-24,2026-03-25,5441.44,5441.44,5648.92,-207.48,3.64,3970.57,A_hold
A,GOLDPETAL-GOLDTEN,2026-05-29,2026-03-26,2026-04-09,-2862.86,-2862.86,-3114.25,251.39,7.28,-4358.33,A_hold
A,GOLDPETAL-GOLDTEN,2026-05-29,2026-04-22,2026-05-01,924.92,924.92,879.65,45.27,-0.99,-605.23,A_hold
A,GOLDPETAL-GOLDTEN,2026-05-29,2026-05-07,2026-05-18,-688.69,-688.69,-856.54,167.85,4.39,-2250.35,A_hold
A,GOLDPETAL-GOLDTEN,2026-05-29,2026-05-21,2026-05-26,-3183.18,-3183.18,-3174.78,-8.4,-1.6,-4760.78,A_hold
B,GOLDGUINEA,2025-05-30,2025-03-13,2025-03-24,9048.35,9048.35,8970.31,78.04,0.31,4797.93,B_dev
B,GOLDGUINEA,2025-04-30,2025-03-31,2025-04-07,15245.56,15245.56,15864.81,-619.25,-2.64,10964.05,B_dev
B,GOLDGUINEA,2025-06-30,2025-04-08,2025-04-10,23883.07,23883.07,24001.79,-118.72,4.27,19549.02,B_dev
B,GOLDGUINEA,2025-04-30,2025-04-11,2025-04-23,13862.76,13862.76,13578.71,284.05,2.11,9352.65,B_dev
B,GOLDGUINEA,2025-06-30,2025-05-07,2025-06-23,7656.04,7656.04,7437.4,218.64,1.55,2951.76,B_dev
B,GOLDPETAL,2025-05-30,2025-04-07,2025-04-10,24877.3,24877.3,25255.05,-377.75,4.19,20548.89,B_dev
B,GOLDPETAL,2025-04-30,2025-04-11,2025-04-23,17752.2,17752.2,17274.47,477.73,2.11,13233.24,B_dev
B,GOLDTEN,2025-07-31,2025-05-13,2025-05-20,1327.59,1327.59,1347.12,-19.53,0.41,-3211.24,B_dev
B,GOLDGUINEA,2025-10-31,2025-10-10,2025-10-14,1611.34,1611.34,2544.08,-932.74,3.9,-4276.3,B_hold
B,GOLDGUINEA,2026-02-27,2025-10-15,2025-11-11,14352.2,14352.2,14029.66,322.55,-1.64,8210.33,B_hold
B,GOLDGUINEA,2026-01-30,2025-11-17,2025-12-01,19908.93,19908.93,20530.59,-621.66,4.74,13799.73,B_hold
B,GOLDGUINEA,2026-05-29,2025-12-16,2026-03-30,16956.77,16956.77,17839.68,-882.91,5.1,10065.13,B_hold
B,GOLDPETAL,2025-12-31,2025-09-23,2025-09-25,9351.99,9351.99,9496.6,-144.61,-0.63,3847.18,B_hold
B,GOLDPETAL,2026-01-30,2025-10-20,2025-11-11,4283.03,4283.03,3544.46,738.56,-2.83,-1849.7,B_hold
B,GOLDPETAL,2026-05-29,2025-12-18,2026-03-30,11791.42,11791.42,13272.86,-1481.43,4.85,4879.19,B_hold
B,GOLDTEN,2025-12-31,2025-09-23,2025-09-24,-1525.69,-1525.69,-1521.22,-4.47,-0.08,-7030.69,B_hold
B,GOLDTEN,2025-12-31,2025-09-25,2025-10-06,3160.06,3160.06,3299.05,-138.98,5.22,-2451.49,B_hold
B,GOLDTEN,2025-11-28,2025-10-09,2025-11-11,6390.36,6390.36,6506.99,-116.63,1.69,496.78,B_hold
B,GOLDTEN,2026-01-30,2025-11-17,2025-12-01,7718.8,7718.8,7774.55,-55.74,4.74,1631.9,B_hold
B,GOLDTEN,2026-05-29,2025-12-16,2026-04-02,-7427.7,-7427.7,-6578.75,-848.95,6.08,-14332.49,B_hold
