date,symbol,contracts,slope_pa_pct,max_days,fit_error_bp
2023-10-10,GOLDGUINEA,3,6.391,80,4.035
2023-10-10,GOLDM,3,6.209,87,0.811
2023-10-10,GOLDPETAL,4,4.7,113,24.43
2023-10-11,GOLDGUINEA,3,7.05,79,1.989
2023-10-11,GOLDM,3,6.679,86,1.923
2023-10-11,GOLDPETAL,4,5.88,112,19.484
2023-10-12,GOLDGUINEA,3,6.404,78,2.728
2023-10-12,GOLDM,3,7.807,85,3.324
2023-10-12,GOLDPETAL,4,7.169,111,2.95
2023-10-13,GOLDGUINEA,4,10.593,110,48.198
2023-10-13,GOLDM,3,6.683,84,2.983
2023-10-13,GOLDPETAL,4,6.107,110,7.392
2023-10-16,GOLDGUINEA,3,5.516,74,4.718
2023-10-16,GOLDM,3,6.16,81,1.142
2023-10-16,GOLDPETAL,3,8.455,74,3.222
2023-10-17,GOLDGUINEA,3,6.671,73,6.582
2023-10-17,GOLDM,3,6.318,80,0.617
2023-10-17,GOLDPETAL,4,7.294,105,5.548
2023-10-18,GOLDGUINEA,3,4.532,72,4.17
2023-10-18,GOLDM,3,5.696,79,5.07
2023-10-18,GOLDPETAL,4,5.239,105,19.352
2023-10-19,GOLDGUINEA,4,5.317,104,9.969
2023-10-19,GOLDM,3,5.3,78,5.576
2023-10-19,GOLDPETAL,4,6.539,104,9.68
2023-10-20,GOLDGUINEA,3,2.012,70,0.751
2023-10-20,GOLDM,3,5.199,77,3.517
2023-10-20,GOLDPETAL,4,6.731,103,12.996
2023-10-23,GOLDGUINEA,4,-0.664,100,16.518
2023-10-23,GOLDM,3,4.024,74,0.426
2023-10-23,GOLDPETAL,4,6.238,100,14.378
2023-10-24,GOLDM,3,3.418,73,0.929
2023-10-24,GOLDPETAL,3,5.692,99,13.649
2023-10-25,GOLDM,3,2.744,72,0.474
2023-10-25,GOLDPETAL,3,8.082,98,2.087
2023-10-26,GOLDM,3,3.257,71,2.671
2023-10-26,GOLDPETAL,3,6.686,97,3.751
2023-10-27,GOLDPETAL,3,4.813,95,8.285
2023-10-30,GOLDPETAL,3,7.352,93,1.88
2023-10-31,GOLDPETAL,3,6.89,92,0.859
2023-11-01,GOLDGUINEA,3,4.717,91,1.752
2023-11-01,GOLDPETAL,3,6.195,91,4.781
2023-11-02,GOLDGUINEA,3,3.084,90,4.774
2023-11-02,GOLDPETAL,4,6.06,119,2.19
2023-11-03,GOLDGUINEA,3,3.231,89,5.811
2023-11-03,GOLDPETAL,4,6.031,118,5.689
2023-11-06,GOLDGUINEA,3,3.281,86,8.649
2023-11-06,GOLDPETAL,4,6.214,115,9.991
2023-11-07,GOLDGUINEA,4,14.215,114,84.907
2023-11-07,GOLDPETAL,4,7.89,114,8.144
2023-11-08,GOLDGUINEA,3,9.846,113,16.835
2023-11-08,GOLDPETAL,4,8.808,113,7.701
2023-11-09,GOLDGUINEA,4,3.903,112,5.324
2023-11-09,GOLDPETAL,4,8.023,112,8.943
2023-11-10,GOLDGUINEA,4,10.572,111,43.494
2023-11-10,GOLDPETAL,4,8.343,111,3.037
2023-11-12,GOLDPETAL,4,9.458,109,10.689
2023-11-13,GOLDGUINEA,3,3.571,79,6.272
2023-11-13,GOLDM,3,4.01,84,3.912
2023-11-13,GOLDPETAL,4,7.52,108,4.387
2023-11-14,GOLDGUINEA,3,1.584,78,10.456
2023-11-14,GOLDM,3,4.286,83,2.649
2023-11-14,GOLDPETAL,3,7.242,78,3.534
2023-11-15,GOLDGUINEA,4,2.483,105,25.34
2023-11-15,GOLDM,3,4.992,82,2.306
2023-11-15,GOLDPETAL,4,6.448,105,19.382
2023-11-16,GOLDGUINEA,3,4.244,76,4.297
2023-11-16,GOLDM,3,4.217,81,5.989
2023-11-16,GOLDPETAL,4,6.32,105,4.804
2023-11-17,GOLDGUINEA,4,4.24,104,3.939
2023-11-17,GOLDM,3,3.974,80,2.62
2023-11-17,GOLDPETAL,4,7.301,104,3.828
2023-11-20,GOLDGUINEA,4,3.463,100,9.084
2023-11-20,GOLDM,3,4.091,77,1.616
2023-11-20,GOLDPETAL,4,7.018,100,8.76
2023-11-21,GOLDGUINEA,4,3.685,100,8.261
2023-11-21,GOLDM,3,3.318,76,0.596
2023-11-21,GOLDPETAL,4,7.048,100,6.224
2023-11-22,GOLDGUINEA,4,4.148,99,3.388
2023-11-22,GOLDM,3,3.671,75,1.363
2023-11-22,GOLDPETAL,4,6.75,99,5.64
2023-11-23,GOLDGUINEA,3,2.521,98,8.972
2023-11-23,GOLDM,3,3.373,74,0.635
2023-11-23,GOLDPETAL,3,7.324,98,3.35
2023-11-24,GOLDGUINEA,3,3.255,97,7.298
2023-11-24,GOLDM,3,2.7,73,4.359
2023-11-24,GOLDPETAL,3,8.259,97,5.107
2023-11-27,GOLDGUINEA,3,3.08,94,6.03
2023-11-27,GOLDM,3,3.3,70,0.516
2023-11-27,GOLDPETAL,3,7.014,94,0.574
2023-11-28,GOLDGUINEA,3,3.786,93,9.31
2023-11-28,GOLDPETAL,3,6.786,93,1.002
2023-11-29,GOLDGUINEA,3,3.448,92,4.168
2023-11-29,GOLDPETAL,3,5.908,92,0.059
2023-11-30,GOLDGUINEA,3,5.26,91,3.549
2023-11-30,GOLDPETAL,3,6.213,91,2.66
2023-12-01,GOLDGUINEA,3,2.593,90,6.25
2023-12-01,GOLDPETAL,3,6.174,90,3.398
2023-12-04,GOLDGUINEA,3,5.231,87,1.212
2023-12-04,GOLDPETAL,3,8.275,87,5.465
2023-12-05,GOLDGUINEA,3,6.275,86,4.171
2023-12-05,GOLDPETAL,3,8.224,86,1.244
2023-12-06,GOLDGUINEA,3,4.874,85,0.8
2023-12-06,GOLDPETAL,3,7.28,85,2.801
2023-12-07,GOLDGUINEA,3,5.393,84,2.509
2023-12-07,GOLDPETAL,3,7.068,84,0.211
2023-12-08,GOLDGUINEA,3,5.058,83,5.153
2023-12-08,GOLDM,3,4.189,88,4.672
2023-12-08,GOLDPETAL,4,7.153,111,3.568
2023-12-11,GOLDGUINEA,4,9.823,108,37.417
2023-12-11,GOLDM,3,4.543,85,3.019
2023-12-11,GOLDPETAL,4,9.693,108,14.151
2023-12-12,GOLDGUINEA,3,5.465,79,4.205
2023-12-12,GOLDM,3,4.417,84,1.386
2023-12-12,GOLDPETAL,3,7.734,79,1.897
2023-12-13,GOLDGUINEA,4,3.544,105,10.153
2023-12-13,GOLDM,3,4.918,83,0.135
2023-12-13,GOLDPETAL,4,8.662,105,8.038
2023-12-14,GOLDGUINEA,4,-1.449,105,52.127
2023-12-14,GOLDM,3,4.854,82,1.457
2023-12-14,GOLDPETAL,4,5.649,105,6.667
2023-12-15,GOLDGUINEA,3,5.405,76,0.339
2023-12-15,GOLDM,3,4.244,81,0.087
2023-12-15,GOLDPETAL,3,7.713,76,6.108
2023-12-18,GOLDGUINEA,4,5.695,100,8.039
2023-12-18,GOLDM,3,3.965,78,2.655
2023-12-18,GOLDPETAL,3,7.179,73,0.149
2023-12-19,GOLDGUINEA,3,5.073,72,0.286
2023-12-19,GOLDM,3,4.506,77,1.639
2023-12-19,GOLDPETAL,4,5.498,100,14.87
2023-12-20,GOLDGUINEA,3,5.144,71,2.875
2023-12-20,GOLDM,3,4.822,76,1.982
2023-12-20,GOLDPETAL,4,6.836,99,11.401
2023-12-21,GOLDGUINEA,3,5.193,70,0.221
2023-12-21,GOLDM,3,4.752,75,0.855
2023-12-21,GOLDPETAL,4,6.285,98,18.518
2023-12-22,GOLDGUINEA,3,4.981,97,1.616
2023-12-22,GOLDM,3,4.477,74,2.826
2023-12-22,GOLDPETAL,3,6.389,97,1.92
2023-12-26,GOLDGUINEA,3,4.485,93,1.172
2023-12-26,GOLDM,3,4.511,70,2.968
2023-12-26,GOLDPETAL,3,7.605,93,2.616
2023-12-27,GOLDGUINEA,3,3.152,92,4.495
2023-12-27,GOLDM,3,4.799,69,4.163
2023-12-27,GOLDPETAL,3,7.049,92,3.747
2023-12-28,GOLDGUINEA,3,2.616,91,10.044
2023-12-28,GOLDM,3,4.324,68,0.885
2023-12-28,GOLDPETAL,3,6.947,91,2.626
2023-12-29,GOLDGUINEA,3,4.627,90,1.756
2023-12-29,GOLDPETAL,3,7.165,90,1.87
2024-01-01,GOLDGUINEA,3,4.576,87,1.758
2024-01-01,GOLDPETAL,4,7.419,120,2.387
2024-01-02,GOLDGUINEA,3,3.587,86,2.406
2024-01-02,GOLDPETAL,4,6.923,119,5.323
2024-01-03,GOLDGUINEA,3,6.636,85,5.835
2024-01-03,GOLDPETAL,4,8.582,118,2.539
2024-01-04,GOLDGUINEA,3,4.511,84,1.697
2024-01-04,GOLDPETAL,4,6.641,117,2.023
2024-01-05,GOLDGUINEA,3,6.388,83,6.79
2024-01-05,GOLDPETAL,4,6.351,116,6.067
2024-01-08,GOLDGUINEA,3,5.493,80,2.643
2024-01-08,GOLDM,3,4.69,88,0.225
2024-01-08,GOLDPETAL,4,7.041,113,3.029
2024-01-09,GOLDGUINEA,3,7.161,79,4.493
2024-01-09,GOLDM,3,4.324,87,0.89
2024-01-09,GOLDPETAL,4,8.458,112,10.578
2024-01-10,GOLDGUINEA,3,7.055,78,9.722
2024-01-10,GOLDM,3,4.658,86,0.22
2024-01-10,GOLDPETAL,4,7.522,111,3.524
2024-01-11,GOLDGUINEA,4,4.645,110,13.429
2024-01-11,GOLDM,3,4.364,85,0.432
2024-01-11,GOLDPETAL,4,8.101,110,1.606
2024-01-12,GOLDGUINEA,4,6.689,109,10.441
2024-01-12,GOLDM,3,3.43,84,1.253
2024-01-12,GOLDPETAL,4,7.825,109,7.548
2024-01-15,GOLDGUINEA,3,4.016,73,2.92
2024-01-15,GOLDM,3,4.164,81,1.016
2024-01-15,GOLDPETAL,4,6.484,105,2.597
2024-01-16,GOLDGUINEA,4,3.58,105,14.592
2024-01-16,GOLDM,3,4.354,80,0.82
2024-01-16,GOLDPETAL,4,8.252,105,5.356
2024-01-17,GOLDGUINEA,3,4.041,71,8.715
2024-01-17,GOLDM,3,3.93,79,0.036
2024-01-17,GOLDPETAL,4,7.938,104,2.941
2024-01-18,GOLDGUINEA,4,5.374,103,13.131
2024-01-18,GOLDM,3,3.492,78,1.003
2024-01-18,GOLDPETAL,4,7.029,103,3.564
2024-01-19,GOLDGUINEA,3,5.302,69,2.973
2024-01-19,GOLDM,3,3.532,77,0.623
2024-01-19,GOLDPETAL,4,8.051,102,4.64
2024-01-22,GOLDGUINEA,4,5.817,99,10.673
2024-01-22,GOLDM,3,3.232,74,0.966
2024-01-22,GOLDPETAL,4,7.745,99,8.788
2024-01-23,GOLDGUINEA,3,6.265,65,1.627
2024-01-23,GOLDM,3,3.124,73,0.833
2024-01-23,GOLDPETAL,4,8.757,98,3.168
2024-01-24,GOLDGUINEA,3,6.845,97,3.282
2024-01-24,GOLDM,3,1.216,72,3.978
2024-01-24,GOLDPETAL,3,7.545,97,5.6
2024-01-25,GOLDGUINEA,3,4.915,95,2.219
2024-01-25,GOLDM,3,1.142,71,8.591
2024-01-25,GOLDPETAL,3,8.162,95,1.981
2024-01-29,GOLDPETAL,3,6.468,92,6.375
2024-01-30,GOLDGUINEA,3,0.091,91,16.006
2024-01-30,GOLDPETAL,3,8.631,91,1.292
2024-01-31,GOLDGUINEA,3,5.085,90,0.38
2024-01-31,GOLDPETAL,3,6.856,90,2.676
2024-02-01,GOLDGUINEA,3,3.705,89,8.213
2024-02-01,GOLDPETAL,3,6.557,89,2.191
2024-02-02,GOLDPETAL,3,8.23,88,1.625
2024-02-05,GOLDGUINEA,3,6.319,85,4.413
2024-02-05,GOLDPETAL,4,6.823,116,4.757
2024-02-06,GOLDGUINEA,4,-0.157,115,17.252
2024-02-06,GOLDM,3,3.613,87,2.412
2024-02-06,GOLDPETAL,4,6.351,115,6.24
2024-02-07,GOLDGUINEA,3,4.304,83,2.921
2024-02-07,GOLDM,3,3.994,86,1.099
2024-02-07,GOLDPETAL,3,7.655,83,2.955
2024-02-08,GOLDM,3,3.791,85,0.95
2024-02-08,GOLDPETAL,4,7.659,113,4.189
2024-02-09,GOLDGUINEA,3,6.367,81,4.397
2024-02-09,GOLDM,3,3.458,84,2.414
2024-02-09,GOLDPETAL,3,8.245,81,3.161
2024-02-12,GOLDM,3,3.974,81,3.546
2024-02-12,GOLDPETAL,4,8.594,109,8.228
2024-02-13,GOLDGUINEA,3,4.447,77,3.408
2024-02-13,GOLDM,3,4.658,80,2.35
2024-02-13,GOLDPETAL,4,8.65,108,0.569
2024-02-14,GOLDGUINEA,4,3.935,107,4.571
2024-02-14,GOLDM,3,4.675,79,4.577
2024-02-14,GOLDPETAL,4,7.812,107,4.644
2024-02-15,GOLDGUINEA,3,4.469,75,4.079
2024-02-15,GOLDM,3,4.835,78,6.755
2024-02-15,GOLDPETAL,4,7.078,105,10.958
2024-02-16,GOLDGUINEA,4,5.062,105,4.235
2024-02-16,GOLDM,3,5.262,77,7.339
2024-02-16,GOLDPETAL,4,7.468,105,6.185
2024-02-19,GOLDGUINEA,3,5.675,71,0.849
2024-02-19,GOLDM,3,5.316,74,6.587
2024-02-19,GOLDPETAL,4,7.216,102,4.542
2024-02-20,GOLDGUINEA,4,5.345,100,7.223
2024-02-20,GOLDM,3,5.179,73,5.757
2024-02-20,GOLDPETAL,3,7.88,70,3.035
2024-02-21,GOLDGUINEA,3,4.949,69,0.414
2024-02-21,GOLDM,3,5.461,72,5.485
2024-02-21,GOLDPETAL,3,8.39,69,1.287
2024-02-22,GOLDM,3,5.525,71,2.477
2024-02-22,GOLDPETAL,3,7.164,99,5.687
2024-02-23,GOLDGUINEA,3,4.802,98,1.02
2024-02-23,GOLDM,3,6.194,70,6.659
2024-02-23,GOLDPETAL,3,6.587,98,4.202
2024-02-26,GOLDGUINEA,3,2.04,95,12.369
2024-02-26,GOLDM,3,6.043,67,5.035
2024-02-26,GOLDPETAL,3,7.412,95,2.391
2024-02-27,GOLDPETAL,3,6.488,94,0.77
2024-02-28,GOLDGUINEA,3,4.218,93,0.849
2024-02-28,GOLDPETAL,3,6.488,93,0.004
2024-02-29,GOLDGUINEA,3,2.198,92,13.058
2024-02-29,GOLDPETAL,3,6.751,92,2.646
2024-03-01,GOLDGUINEA,3,-0.196,91,6.35
2024-03-01,GOLDPETAL,4,4.207,119,15.178
2024-03-04,GOLDGUINEA,3,0.224,88,14.211
2024-03-04,GOLDPETAL,4,2.022,116,10.025
2024-03-05,GOLDGUINEA,4,5.768,115,22.882
2024-03-05,GOLDPETAL,4,2.81,115,8.644
2024-03-06,GOLDGUINEA,4,5.337,114,19.71
2024-03-06,GOLDM,3,4.291,91,2.43
2024-03-06,GOLDPETAL,4,0.837,114,14.521
2024-03-07,GOLDGUINEA,3,4.497,85,3.818
2024-03-07,GOLDM,3,5.01,90,0.544
2024-03-07,GOLDPETAL,4,1.766,113,8.445
2024-03-08,GOLDGUINEA,3,5.349,84,2.127
2024-03-08,GOLDM,3,5.525,89,1.48
2024-03-08,GOLDPETAL,4,3.764,112,4.29
2024-03-11,GOLDGUINEA,4,5.066,109,1.501
2024-03-11,GOLDM,3,5.627,86,0.483
2024-03-11,GOLDPETAL,4,4.005,109,6.423
2024-03-12,GOLDGUINEA,3,5.707,80,5.952
2024-03-12,GOLDM,3,5.214,85,1.551
2024-03-12,GOLDPETAL,4,7.689,108,18.803
2024-03-13,GOLDGUINEA,3,4.408,79,1.528
2024-03-13,GOLDM,3,5.081,84,3.365
2024-03-13,GOLDPETAL,4,6.083,107,7.502
2024-03-14,GOLDGUINEA,4,-6.083,105,94.3
2024-03-14,GOLDM,3,4.978,83,3.122
2024-03-14,GOLDPETAL,4,5.946,105,6.049
2024-03-15,GOLDGUINEA,4,4.248,105,20.566
2024-03-15,GOLDM,3,4.986,82,2.695
2024-03-15,GOLDPETAL,4,7.056,105,11.641
2024-03-18,GOLDGUINEA,4,3.353,102,4.927
2024-03-18,GOLDM,3,4.863,79,2.76
2024-03-18,GOLDPETAL,4,5.319,102,5.363
2024-03-19,GOLDGUINEA,4,5.061,100,1.399
2024-03-19,GOLDM,3,4.594,78,2.31
2024-03-19,GOLDPETAL,4,5.599,100,5.221
2024-03-20,GOLDGUINEA,3,4.23,72,2.67
2024-03-20,GOLDM,3,4.458,77,2.334
2024-03-20,GOLDPETAL,4,6.373,100,6.67
2024-03-21,GOLDGUINEA,3,1.587,99,9.297
2024-03-21,GOLDM,3,6.151,76,3.475
2024-03-21,GOLDPETAL,3,5.223,99,3.718
2024-03-22,GOLDGUINEA,3,4.853,98,0.511
2024-03-22,GOLDM,3,5.709,75,4.223
2024-03-22,GOLDPETAL,3,7.947,98,5.06
2024-03-25,GOLDGUINEA,3,6.792,95,7.51
2024-03-25,GOLDM,3,6.179,72,7.013
2024-03-25,GOLDPETAL,3,5.891,95,3.964
2024-03-26,GOLDGUINEA,3,5.369,94,0.903
2024-03-26,GOLDM,3,5.546,71,0.242
2024-03-26,GOLDPETAL,3,4.764,94,5.61
2024-03-27,GOLDGUINEA,3,4.68,93,1.665
2024-03-27,GOLDM,3,4.855,70,0.094
2024-03-27,GOLDPETAL,3,5.196,93,0.115
2024-03-28,GOLDGUINEA,3,6.615,92,10.149
2024-03-28,GOLDM,3,-0.275,69,19.055
2024-03-28,GOLDPETAL,3,5.34,92,0.634
2024-04-01,GOLDGUINEA,4,1.422,121,13.742
2024-04-01,GOLDPETAL,4,5.796,121,4.405
2024-04-02,GOLDGUINEA,3,4.041,87,0.866
2024-04-02,GOLDPETAL,4,4.259,120,14.051
2024-04-03,GOLDGUINEA,4,0.643,119,18.779
2024-04-03,GOLDPETAL,4,4.245,119,16.477
2024-04-04,GOLDGUINEA,4,4.941,118,8.165
2024-04-04,GOLDPETAL,4,3.844,118,10.22
2024-04-05,GOLDGUINEA,4,-1.344,117,38.044
2024-04-05,GOLDPETAL,4,4.128,117,3.184
2024-04-08,GOLDGUINEA,4,4.94,114,10.261
2024-04-08,GOLDM,3,2.152,88,3.756
2024-04-08,GOLDPETAL,4,2.143,114,0.276
2024-04-09,GOLDGUINEA,3,4.714,80,7.021
2024-04-09,GOLDM,3,2.234,87,0.523
2024-04-09,GOLDPETAL,4,2.418,113,7.326
2024-04-10,GOLDGUINEA,4,4.692,112,10.383
2024-04-10,GOLDM,3,1.707,86,0.392
2024-04-10,GOLDPETAL,4,0.813,112,3.734
2024-04-11,GOLDGUINEA,4,2.18,111,2.915
2024-04-11,GOLDM,3,1.527,85,2.597
2024-04-11,GOLDPETAL,4,1.344,111,3.562
2024-04-12,GOLDGUINEA,4,6.808,110,45.163
2024-04-12,GOLDM,3,0.826,84,7.181
2024-04-12,GOLDPETAL,4,1.82,110,3.964
2024-04-15,GOLDGUINEA,4,3.768,107,24.762
2024-04-15,GOLDM,3,0.063,81,6.438
2024-04-15,GOLDPETAL,4,3.68,107,7.291
2024-04-16,GOLDGUINEA,4,0.368,105,15.641
2024-04-16,GOLDM,3,-0.342,80,6.455
2024-04-16,GOLDPETAL,4,4.073,105,0.989
2024-04-17,GOLDGUINEA,3,-0.83,72,16.894
2024-04-17,GOLDM,3,-0.557,79,7.881
2024-04-17,GOLDPETAL,4,0.698,105,27.158
2024-04-18,GOLDGUINEA,4,-2.625,104,22.915
2024-04-18,GOLDM,3,-2.205,78,12.945
2024-04-18,GOLDPETAL,4,-0.222,104,35.594
2024-04-19,GOLDGUINEA,4,-1.85,103,40.655
2024-04-19,GOLDM,3,-3.93,77,14.676
2024-04-19,GOLDPETAL,4,-2.049,103,31.593
2024-04-22,GOLDGUINEA,4,1.128,100,29.072
2024-04-22,GOLDM,3,-5.599,74,24.819
2024-04-22,GOLDPETAL,4,1.146,100,28.409
2024-04-23,GOLDGUINEA,3,-0.196,99,4.212
2024-04-23,GOLDM,3,-4.577,73,17.398
2024-04-23,GOLDPETAL,3,2.556,99,3.162
2024-04-24,GOLDGUINEA,3,1.689,98,4.83
2024-04-24,GOLDM,3,-5.268,72,18.597
2024-04-24,GOLDPETAL,3,2.213,98,1.283
2024-04-25,GOLDGUINEA,3,3.347,97,13.796
2024-04-25,GOLDM,3,-4.239,71,16.369
2024-04-25,GOLDPETAL,3,1.097,97,0.691
2024-04-26,GOLDGUINEA,3,3.519,95,6.253
2024-04-26,GOLDPETAL,3,2.875,95,0.39
2024-04-29,GOLDPETAL,3,1.945,93,0.364
2024-04-30,GOLDGUINEA,3,1.251,92,0.654
2024-04-30,GOLDPETAL,3,3.149,92,0.698
2024-05-01,GOLDGUINEA,3,0.784,91,3.098
2024-05-01,GOLDPETAL,3,3.42,91,2.9
2024-05-02,GOLDGUINEA,4,10.442,120,77.509
2024-05-02,GOLDPETAL,4,2.542,120,7.555
2024-05-03,GOLDGUINEA,4,3.308,119,27.614
2024-05-03,GOLDPETAL,4,4.546,119,8.844
2024-05-06,GOLDGUINEA,4,-1.121,116,15.82
2024-05-06,GOLDM,3,1.574,91,0.832
2024-05-06,GOLDPETAL,4,1.73,116,10.572
2024-05-07,GOLDGUINEA,3,0.529,85,6.368
2024-05-07,GOLDM,3,1.512,90,0.366
2024-05-07,GOLDPETAL,4,4.41,115,4.494
2024-05-08,GOLDGUINEA,3,1.341,84,7.521
2024-05-08,GOLDM,3,2.194,89,1.802
2024-05-08,GOLDPETAL,4,4.571,114,8.768
2024-05-09,GOLDGUINEA,3,2.756,83,9.952
2024-05-09,GOLDM,3,1.221,88,1.103
2024-05-09,GOLDPETAL,4,3.605,113,5.535
2024-05-10,GOLDGUINEA,4,2.813,112,25.27
2024-05-10,GOLDM,3,1.196,87,1.51
2024-05-10,GOLDPETAL,4,2.652,112,6.797
2024-05-13,GOLDGUINEA,4,4.812,109,32.069
2024-05-13,GOLDM,3,1.961,84,1.64
2024-05-13,GOLDPETAL,4,3.57,109,4.245
2024-05-14,GOLDGUINEA,4,-4.868,108,25.957
2024-05-14,GOLDM,3,2.471,83,0.723
2024-05-14,GOLDPETAL,4,2.994,108,5.826
2024-05-15,GOLDGUINEA,4,-0.098,107,2.721
2024-05-15,GOLDM,3,3.195,82,1.093
2024-05-15,GOLDPETAL,4,3.455,107,5.982
2024-05-16,GOLDGUINEA,4,1.221,105,9.703
2024-05-16,GOLDM,3,2.699,81,2.315
2024-05-16,GOLDPETAL,4,3.77,105,5.436
2024-05-17,GOLDGUINEA,4,2.004,105,16.02
2024-05-17,GOLDM,3,3.001,80,0.047
2024-05-17,GOLDPETAL,4,5.274,105,9.816
2024-05-20,GOLDGUINEA,4,0.954,102,18.7
2024-05-20,GOLDM,3,2.883,77,1.434
2024-05-20,GOLDPETAL,4,3.891,102,13.675
2024-05-21,GOLDGUINEA,4,0.284,100,36.554
2024-05-21,GOLDM,3,1.913,76,1.116
2024-05-21,GOLDPETAL,4,4.6,100,11.024
2024-05-22,GOLDGUINEA,4,1.385,100,21.676
2024-05-22,GOLDM,3,1.935,75,2.483
2024-05-22,GOLDPETAL,4,7.019,100,10.922
2024-05-23,GOLDGUINEA,4,5.032,99,14.825
2024-05-23,GOLDM,3,1.895,74,4.726
2024-05-23,GOLDPETAL,4,7.457,99,13.844
2024-05-24,GOLDGUINEA,3,5.263,98,7.778
2024-05-24,GOLDM,3,1.738,73,1.898
2024-05-24,GOLDPETAL,3,5.544,98,3.611
2024-05-27,GOLDGUINEA,3,4.333,95,7.907
2024-05-27,GOLDM,3,2.848,70,3.07
2024-05-27,GOLDPETAL,3,6.527,95,1.103
2024-05-28,GOLDGUINEA,3,1.955,94,1.231
2024-05-28,GOLDM,3,2.328,69,4.462
2024-05-28,GOLDPETAL,3,6.107,94,1.773
2024-05-29,GOLDGUINEA,3,2.331,93,3.49
2024-05-29,GOLDPETAL,3,4.93,93,4.654
2024-05-30,GOLDGUINEA,3,1.511,92,5.212
2024-05-30,GOLDPETAL,3,4.53,92,3.75
2024-05-31,GOLDGUINEA,3,2.945,91,1.962
2024-05-31,GOLDPETAL,3,4.7,91,3.073
2024-06-03,GOLDGUINEA,3,0.216,88,9.827
2024-06-03,GOLDPETAL,4,3.229,119,12.724
2024-06-04,GOLDGUINEA,3,3.697,87,8.247
2024-06-04,GOLDPETAL,4,4.934,118,6.86
2024-06-05,GOLDGUINEA,3,1.031,86,1.645
2024-06-05,GOLDPETAL,4,4.318,117,8.158
2024-06-06,GOLDGUINEA,3,1.579,85,0.699
2024-06-06,GOLDM,3,3.018,91,0.726
2024-06-06,GOLDPETAL,4,3.492,116,4.693
2024-06-07,GOLDGUINEA,4,9.994,115,59.888
2024-06-07,GOLDM,3,2.529,90,3.454
2024-06-07,GOLDPETAL,4,5.28,115,3.244
2024-06-10,GOLDGUINEA,4,2.805,112,12.084
2024-06-10,GOLDM,3,3.014,87,1.567
2024-06-10,GOLDPETAL,4,4.742,112,9.431
2024-06-11,GOLDGUINEA,4,3.744,111,13.402
2024-06-11,GOLDM,3,2.536,86,1.263
2024-06-11,GOLDPETAL,4,5.486,111,3.512
2024-06-12,GOLDGUINEA,3,1.349,79,2.745
2024-06-12,GOLDM,3,2.708,85,1.748
2024-06-12,GOLDPETAL,4,4.992,110,7.291
2024-06-13,GOLDGUINEA,3,1.43,78,4.228
2024-06-13,GOLDM,3,2.555,84,1.766
2024-06-13,GOLDPETAL,4,5.541,109,5.2
2024-06-14,GOLDGUINEA,3,2.656,77,3.562
2024-06-14,GOLDM,3,3.292,83,5.065
2024-06-14,GOLDPETAL,4,4.75,108,2.622
2024-06-17,GOLDGUINEA,3,4.403,74,2.238
2024-06-17,GOLDM,3,3.13,80,2.324
2024-06-17,GOLDPETAL,4,5.924,105,2.673
2024-06-18,GOLDGUINEA,3,3.699,73,2.423
2024-06-18,GOLDM,3,3.227,79,3.862
2024-06-18,GOLDPETAL,4,5.952,104,2.694
2024-06-19,GOLDGUINEA,3,3.389,72,4.742
2024-06-19,GOLDM,3,3.463,78,3.371
2024-06-19,GOLDPETAL,4,5.926,103,2.815
2024-06-20,GOLDGUINEA,3,2.623,71,0.255
2024-06-20,GOLDM,3,3.631,77,4.735
2024-06-20,GOLDPETAL,4,6.559,102,8.473
2024-06-21,GOLDGUINEA,3,6.801,100,10.794
2024-06-21,GOLDM,3,3.156,76,1.136
2024-06-21,GOLDPETAL,3,7.346,100,0.563
2024-06-24,GOLDGUINEA,3,5.091,98,5.906
2024-06-24,GOLDM,3,3.636,73,4.981
2024-06-24,GOLDPETAL,3,6.673,98,0.504
2024-06-25,GOLDGUINEA,3,7.531,97,13.676
2024-06-25,GOLDM,3,4.267,72,3.526
2024-06-25,GOLDPETAL,3,6.688,97,0.812
2024-06-26,GOLDGUINEA,3,3.961,95,1.947
2024-06-26,GOLDM,3,3.592,71,0.309
2024-06-26,GOLDPETAL,3,6.968,95,0.199
2024-06-27,GOLDGUINEA,3,2.131,95,4.677
2024-06-27,GOLDM,3,3.638,70,4.173
2024-06-27,GOLDPETAL,3,7.201,95,2.748
2024-06-28,GOLDGUINEA,3,3.928,94,1.861
2024-06-28,GOLDPETAL,3,6.778,94,2.453
2024-07-01,GOLDGUINEA,3,8.946,91,17.644
2024-07-01,GOLDPETAL,4,7.489,122,6.042
2024-07-02,GOLDGUINEA,4,5.199,121,6.373
2024-07-02,GOLDPETAL,4,7.61,121,2.569
2024-07-03,GOLDGUINEA,3,2.563,89,5.96
2024-07-03,GOLDPETAL,4,6.298,120,5.879
2024-07-04,GOLDGUINEA,3,2.068,88,10.746
2024-07-04,GOLDPETAL,4,6.952,119,3.675
2024-07-05,GOLDGUINEA,3,3.236,87,5.655
2024-07-05,GOLDPETAL,4,6.191,118,1.677
2024-07-08,GOLDGUINEA,3,6.484,84,8.1
2024-07-08,GOLDM,3,4.06,88,1.061
2024-07-08,GOLDPETAL,4,6.974,115,4.562
2024-07-09,GOLDGUINEA,4,8.9,114,25.744
2024-07-09,GOLDM,3,2.999,87,5.017
2024-07-09,GOLDPETAL,4,7.298,114,3.004
2024-07-10,GOLDGUINEA,3,4.509,82,0.245
2024-07-10,GOLDM,3,4.218,86,1.003
2024-07-10,GOLDPETAL,4,7.359,113,1.787
2024-07-11,GOLDGUINEA,4,2.659,112,13.018
2024-07-11,GOLDM,3,4.016,85,2.523
2024-07-11,GOLDPETAL,4,6.005,112,3.927
2024-07-12,GOLDGUINEA,3,4.079,80,0.107
2024-07-12,GOLDM,3,4.544,84,1.564
2024-07-12,GOLDPETAL,4,6.462,111,6.519
2024-07-15,GOLDGUINEA,3,3.017,77,3.78
2024-07-15,GOLDM,3,4.854,81,0.788
2024-07-15,GOLDPETAL,4,6.353,108,5.513
2024-07-16,GOLDGUINEA,3,2.717,76,2.235
2024-07-16,GOLDM,3,4.568,80,2.646
2024-07-16,GOLDPETAL,4,5.237,107,5.878
2024-07-17,GOLDGUINEA,3,4.672,75,4.457
2024-07-17,GOLDM,3,5.068,79,1.164
2024-07-17,GOLDPETAL,4,6.197,105,3.393
2024-07-18,GOLDGUINEA,4,3.916,105,3.276
2024-07-18,GOLDM,3,5.105,78,3.696
2024-07-18,GOLDPETAL,4,6.27,105,2.227
2024-07-19,GOLDGUINEA,4,5.184,104,3.26
2024-07-19,GOLDM,3,5.365,77,4.503
2024-07-19,GOLDPETAL,4,7.306,104,6.498
2024-07-22,GOLDGUINEA,3,3.707,70,1.767
2024-07-22,GOLDM,3,5.521,74,3.63
2024-07-22,GOLDPETAL,4,7.72,100,9.508
2024-07-23,GOLDGUINEA,4,13.663,100,86.591
2024-07-23,GOLDM,3,4.398,73,3.328
2024-07-23,GOLDPETAL,4,8.789,100,1.412
2024-07-24,GOLDGUINEA,3,6.496,99,8.522
2024-07-24,GOLDM,3,4.741,72,0.172
2024-07-24,GOLDPETAL,3,8.845,99,0.133
2024-07-25,GOLDGUINEA,3,5.688,98,2.883
2024-07-25,GOLDM,3,4.855,71,0.833
2024-07-25,GOLDPETAL,3,9.216,98,0.552
2024-07-26,GOLDGUINEA,3,2.072,97,7.872
2024-07-26,GOLDM,3,4.842,70,3.827
2024-07-26,GOLDPETAL,3,10.086,97,0.863
2024-07-29,GOLDGUINEA,3,6.261,94,5.624
2024-07-29,GOLDPETAL,3,8.872,94,1.591
2024-07-30,GOLDGUINEA,3,3.427,93,3.386
2024-07-30,GOLDPETAL,3,8.487,93,0.907
2024-07-31,GOLDGUINEA,3,4.291,92,2.185
2024-07-31,GOLDPETAL,3,8.259,92,1.82
2024-08-01,GOLDGUINEA,3,4.88,91,6.003
2024-08-01,GOLDPETAL,4,8.806,120,2.032
2024-08-02,GOLDGUINEA,3,4.828,90,1.627
2024-08-02,GOLDPETAL,4,9.298,119,5.159
2024-08-05,GOLDGUINEA,3,5.273,87,13.107
2024-08-05,GOLDPETAL,4,9.365,116,3.835
2024-08-06,GOLDGUINEA,3,5.394,86,3.614
2024-08-06,GOLDM,3,3.581,86,4.785
2024-08-06,GOLDPETAL,4,9.68,115,3.562
2024-08-07,GOLDGUINEA,3,5.424,85,3.234
2024-08-07,GOLDM,3,5.738,85,2.983
2024-08-07,GOLDPETAL,4,9.571,114,7.87
2024-08-08,GOLDGUINEA,3,4.98,84,2.173
2024-08-08,GOLDM,3,5.201,84,2.782
2024-08-08,GOLDPETAL,4,8.811,113,1.895
2024-08-09,GOLDGUINEA,3,5.395,83,0.216
2024-08-09,GOLDM,3,5.271,83,0.403
2024-08-09,GOLDPETAL,4,8.238,112,4.762
2024-08-12,GOLDGUINEA,4,5.675,109,14.996
2024-08-12,GOLDM,3,5.316,80,3.122
2024-08-12,GOLDPETAL,4,8.072,109,2.253
2024-08-13,GOLDGUINEA,4,16.416,108,93.573
2024-08-13,GOLDM,3,6.22,79,1.183
2024-08-13,GOLDPETAL,4,8.969,108,1.206
2024-08-14,GOLDGUINEA,3,5.252,78,4.891
2024-08-14,GOLDM,3,5.954,78,2.063
2024-08-14,GOLDPETAL,4,9.433,107,5.294
2024-08-16,GOLDGUINEA,4,4.557,105,3.924
2024-08-16,GOLDM,3,6.21,76,3.152
2024-08-16,GOLDPETAL,4,8.929,105,0.922
2024-08-19,GOLDGUINEA,4,13.356,102,52.972
2024-08-19,GOLDM,3,6.053,73,4.61
2024-08-19,GOLDPETAL,4,9.242,102,3.586
2024-08-20,GOLDGUINEA,4,7.42,100,9.379
2024-08-20,GOLDM,3,6.297,72,4.27
2024-08-20,GOLDPETAL,4,8.574,100,1.791
2024-08-21,GOLDGUINEA,4,7.834,100,10.414
2024-08-21,GOLDM,3,6.432,71,3.2
2024-08-21,GOLDPETAL,4,8.997,100,2.115
2024-08-22,GOLDGUINEA,3,6.835,70,3.999
2024-08-22,GOLDM,3,6.262,70,4.147
2024-08-22,GOLDPETAL,4,9.258,99,6.204
2024-08-23,GOLDM,3,6.782,69,4.842
2024-08-23,GOLDPETAL,3,10.793,98,3.867
2024-08-26,GOLDGUINEA,3,9.194,95,10.937
2024-08-26,GOLDM,3,7.81,66,5.168
2024-08-26,GOLDPETAL,3,10.054,95,6.433
2024-08-27,GOLDM,3,7.469,65,7.295
2024-08-27,GOLDPETAL,3,9.716,94,2.427
2024-08-28,GOLDGUINEA,3,11.026,93,21.018
2024-08-28,GOLDM,3,6.694,64,3.569
2024-08-28,GOLDPETAL,3,9.912,93,3.113
2024-08-29,GOLDGUINEA,3,6.716,92,3.576
2024-08-29,GOLDPETAL,3,9.621,92,5.393
2024-08-30,GOLDGUINEA,3,6.857,91,2.471
2024-08-30,GOLDPETAL,3,10.255,91,5.803
2024-09-02,GOLDGUINEA,4,8.184,120,14.848
2024-09-02,GOLDPETAL,4,12.797,120,20.906
2024-09-03,GOLDGUINEA,3,7.453,87,2.456
2024-09-03,GOLDPETAL,4,9.247,119,11.21
2024-09-04,GOLDGUINEA,3,6.333,86,5.906
2024-09-04,GOLDPETAL,4,9.097,118,3.845
2024-09-05,GOLDGUINEA,3,6.762,85,0.518
2024-09-05,GOLDPETAL,4,8.674,117,8.191
2024-09-06,GOLDGUINEA,3,6.253,84,1.313
2024-09-06,GOLDM,3,4.707,90,4.421
2024-09-06,GOLDPETAL,4,8.935,116,3.219
2024-09-09,GOLDGUINEA,4,7.666,113,20.121
2024-09-09,GOLDM,3,4.678,87,4.533
2024-09-09,GOLDPETAL,4,10.724,113,10.163
2024-09-10,GOLDGUINEA,4,5.479,112,2.477
2024-09-10,GOLDM,3,3.948,86,7.416
2024-09-10,GOLDPETAL,4,9.401,112,4.221
2024-09-11,GOLDGUINEA,4,5.698,111,8.402
2024-09-11,GOLDM,3,4.777,85,5.559
2024-09-11,GOLDPETAL,4,11.554,111,18.127
2024-09-12,GOLDGUINEA,4,3.969,110,2.341
2024-09-12,GOLDM,3,5.294,84,7.127
2024-09-12,GOLDPETAL,4,7.849,110,1.454
2024-09-13,GOLDGUINEA,4,3.362,109,14.246
2024-09-13,GOLDM,3,5.648,83,7.18
2024-09-13,GOLDPETAL,4,8.255,109,2.646
2024-09-16,GOLDGUINEA,4,4.365,105,17.746
2024-09-16,GOLDM,3,5.896,80,6.637
2024-09-16,GOLDPETAL,4,9.104,105,9.787
2024-09-17,GOLDGUINEA,4,5.773,105,6.321
2024-09-17,GOLDM,3,6.002,79,5.747
2024-09-17,GOLDPETAL,4,9.581,105,5.499
2024-09-18,GOLDGUINEA,4,4.038,104,21.428
2024-09-18,GOLDM,3,5.644,78,5.587
2024-09-18,GOLDPETAL,4,9.414,104,3.049
2024-09-19,GOLDGUINEA,4,6.156,103,9.367
2024-09-19,GOLDM,3,6.247,77,5.547
2024-09-19,GOLDPETAL,4,9.493,103,5.963
2024-09-20,GOLDGUINEA,4,6.636,102,6.282
2024-09-20,GOLDM,3,6.256,76,4.198
2024-09-20,GOLDPETAL,4,8.301,102,10.451
2024-09-23,GOLDM,3,6.008,73,2.953
2024-09-23,GOLDPETAL,3,9.496,99,1.029
2024-09-24,GOLDGUINEA,3,5.083,98,10.716
2024-09-24,GOLDM,3,5.77,72,1.067
2024-09-24,GOLDPETAL,3,8.292,98,3.309
2024-09-25,GOLDGUINEA,3,5.833,97,6.833
2024-09-25,GOLDM,3,5.862,71,2.001
2024-09-25,GOLDPETAL,3,7.519,97,4.077
2024-09-26,GOLDGUINEA,3,4.391,95,10.376
2024-09-26,GOLDM,3,6.814,70,7.134
2024-09-26,GOLDPETAL,3,8.512,95,0.201
2024-09-27,GOLDGUINEA,3,8.166,95,4.645
2024-09-27,GOLDPETAL,3,8.841,95,0.355
2024-09-30,GOLDGUINEA,3,6.03,92,9.915
2024-09-30,GOLDPETAL,3,8.856,92,0.902
2024-10-01,GOLDGUINEA,3,6.754,91,6.344
2024-10-01,GOLDPETAL,4,7.548,122,4.526
2024-10-03,GOLDGUINEA,3,7.131,89,4.137
2024-10-03,GOLDPETAL,4,8.934,120,4.508
2024-10-04,GOLDGUINEA,3,8.81,88,3.019
2024-10-04,GOLDPETAL,4,8.853,119,6.365
2024-10-07,GOLDGUINEA,3,7.754,85,0.96
2024-10-07,GOLDM,3,5.562,88,0.488
2024-10-07,GOLDPETAL,4,9.378,116,2.64
2024-10-08,GOLDGUINEA,3,8.29,84,1.334
2024-10-08,GOLDM,3,5.824,87,0.252
2024-10-08,GOLDPETAL,4,9.984,115,4.061
2024-10-09,GOLDGUINEA,3,7.723,83,3.058
2024-10-09,GOLDM,3,6.37,86,0.877
2024-10-09,GOLDPETAL,4,10.611,114,14.465
2024-10-10,GOLDGUINEA,3,8.312,82,1.716
2024-10-10,GOLDM,3,6.178,85,2.031
2024-10-10,GOLDPETAL,4,9.56,113,12.754
2024-10-11,GOLDGUINEA,3,7.08,81,2.756
2024-10-11,GOLDM,3,6.248,84,4.213
2024-10-11,GOLDPETAL,4,7.796,112,2.319
2024-10-14,GOLDGUINEA,3,7.273,78,2.992
2024-10-14,GOLDM,3,6.605,81,2.111
2024-10-14,GOLDPETAL,4,8.405,109,2.19
2024-10-15,GOLDGUINEA,3,6.945,77,1.732
2024-10-15,GOLDM,3,5.939,80,3.824
2024-10-15,GOLDPETAL,4,7.825,108,5.375
2024-10-16,GOLDGUINEA,3,6.683,76,1.712
2024-10-16,GOLDM,3,5.905,79,1.686
2024-10-16,GOLDPETAL,4,8.438,107,4.594
2024-10-17,GOLDGUINEA,3,6.15,75,3.497
2024-10-17,GOLDM,3,6.161,78,2.307
2024-10-17,GOLDPETAL,4,8.618,105,5.554
2024-10-18,GOLDGUINEA,3,5.756,74,3.805
2024-10-18,GOLDM,3,6.128,77,4.349
2024-10-18,GOLDPETAL,4,7.974,105,3.178
2024-10-21,GOLDGUINEA,3,6.305,71,4.583
2024-10-21,GOLDM,3,6.118,74,2.87
2024-10-21,GOLDPETAL,4,7.996,102,3.229
2024-10-22,GOLDGUINEA,3,5.704,70,2.606
2024-10-22,GOLDM,3,4.799,73,0.192
2024-10-22,GOLDPETAL,4,6.302,100,11.022
2024-10-23,GOLDGUINEA,3,5.8,69,2.976
2024-10-23,GOLDM,3,4.598,72,1.106
2024-10-23,GOLDPETAL,4,6.69,100,9.373
2024-10-24,GOLDPETAL,3,7.605,99,2.21
2024-10-25,GOLDPETAL,3,7.222,98,1.89
2024-10-28,GOLDPETAL,3,7.583,95,6.448
2024-10-29,GOLDPETAL,3,7.379,94,5.191
2024-10-30,GOLDPETAL,3,6.948,93,8.417
2024-10-31,GOLDPETAL,3,7.553,92,2.196
2024-11-01,GOLDPETAL,3,7.442,91,5.487
2024-11-04,GOLDPETAL,3,7.104,88,5.194
2024-11-05,GOLDPETAL,3,5.531,87,9.031
2024-11-06,GOLDPETAL,3,5.078,86,3.324
2024-11-07,GOLDPETAL,3,4.601,85,6.313
2024-11-08,GOLDPETAL,3,3.187,84,10.191
2024-11-11,GOLDPETAL,3,2.402,81,8.125
2024-11-12,GOLDPETAL,3,3.802,80,2.078
2024-11-13,GOLDPETAL,3,3.962,79,0.849
2024-11-14,GOLDPETAL,3,4.356,78,3.05
2024-11-15,GOLDPETAL,3,4.594,77,1.506
2024-11-18,GOLDPETAL,3,5.165,74,0.287
2024-11-19,GOLDPETAL,3,5.495,73,1.84
2024-11-20,GOLDPETAL,3,5.405,72,0.313
2024-11-21,GOLDPETAL,3,5.983,71,0.285
2025-01-01,GOLDGUINEA,3,5.608,89,4.426
2025-01-01,GOLDPETAL,3,7.602,89,1.791
2025-01-02,GOLDGUINEA,3,5.443,88,0.737
2025-01-02,GOLDPETAL,4,7.521,118,2.806
2025-01-03,GOLDGUINEA,3,7.631,87,7.295
2025-01-03,GOLDPETAL,4,7.606,117,6.691
2025-01-06,GOLDGUINEA,3,7.019,84,3.204
2025-01-06,GOLDM,3,7.437,88,7.418
2025-01-06,GOLDPETAL,4,9.183,114,5.606
2025-01-07,GOLDGUINEA,3,7.581,83,2.608
2025-01-07,GOLDM,3,8.308,87,2.294
2025-01-07,GOLDPETAL,4,7.892,113,8.105
2025-01-08,GOLDGUINEA,4,-3.358,112,81.362
2025-01-08,GOLDM,3,8.937,86,5.728
2025-01-08,GOLDPETAL,4,7.524,112,4.443
2025-01-09,GOLDGUINEA,4,6.329,111,11.704
2025-01-09,GOLDM,3,8.215,85,5.9
2025-01-09,GOLDPETAL,4,8.359,111,3.764
2025-01-10,GOLDGUINEA,4,5.269,110,19.903
2025-01-10,GOLDM,3,10.653,84,9.232
2025-01-10,GOLDPETAL,4,7.256,110,4.057
2025-01-13,GOLDGUINEA,3,8.863,77,2.806
2025-01-13,GOLDM,3,10.259,81,6.237
2025-01-13,GOLDPETAL,4,8.333,107,3.973
2025-01-14,GOLDGUINEA,3,9.453,76,2.75
2025-01-14,GOLDM,3,9.412,80,6.316
2025-01-14,GOLDPETAL,4,8.842,105,1.244
2025-01-15,GOLDGUINEA,4,7.99,105,1.466
2025-01-15,GOLDM,3,9.782,79,4.676
2025-01-15,GOLDPETAL,4,8.609,105,1.922
2025-01-16,GOLDGUINEA,4,7.558,104,13.436
2025-01-16,GOLDM,3,9.454,78,7.351
2025-01-16,GOLDPETAL,4,8.425,104,1.915
2025-01-17,GOLDGUINEA,4,7.629,103,2.63
2025-01-17,GOLDM,3,7.511,77,6.124
2025-01-17,GOLDPETAL,4,7.797,103,5.637
2025-01-20,GOLDGUINEA,4,8.121,100,2.812
2025-01-20,GOLDM,3,7.222,74,6.828
2025-01-20,GOLDPETAL,4,8.806,100,4.71
2025-01-21,GOLDGUINEA,4,8.415,99,1.485
2025-01-21,GOLDM,3,6.55,73,6.086
2025-01-21,GOLDPETAL,4,7.564,99,3.773
2025-01-22,GOLDGUINEA,4,8.044,98,8.477
2025-01-22,GOLDM,3,5.052,72,13.088
2025-01-22,GOLDPETAL,4,7.664,98,1.778
2025-01-23,GOLDGUINEA,4,7.359,97,16.061
2025-01-23,GOLDM,3,5.699,71,12.888
2025-01-23,GOLDPETAL,4,7.357,97,2.468
2025-01-24,GOLDGUINEA,3,7.378,95,2.892
2025-01-24,GOLDM,3,5.454,70,12.336
2025-01-24,GOLDPETAL,3,6.952,95,2.279
2025-01-27,GOLDGUINEA,3,8.721,93,5.893
2025-01-27,GOLDM,3,4.967,67,10.322
2025-01-27,GOLDPETAL,3,8.379,93,1.605
2025-01-28,GOLDGUINEA,3,7.144,92,6.728
2025-01-28,GOLDM,3,5.399,66,14.541
2025-01-28,GOLDPETAL,3,7.822,92,0.111
2025-01-29,GOLDGUINEA,3,8.023,91,2.149
2025-01-29,GOLDPETAL,3,7.592,91,0.777
2025-01-30,GOLDGUINEA,3,7.378,90,0.435
2025-01-30,GOLDPETAL,3,7.142,90,1.828
2025-01-31,GOLDGUINEA,3,7.719,89,1.612
2025-01-31,GOLDPETAL,3,7.982,89,4.165
2025-02-01,GOLDGUINEA,4,10.131,118,17.368
2025-02-01,GOLDPETAL,4,8.561,118,3.989
2025-02-03,GOLDGUINEA,4,5.987,116,12.998
2025-02-03,GOLDPETAL,4,7.506,116,3.078
2025-02-04,GOLDGUINEA,4,6.555,115,6.351
2025-02-04,GOLDPETAL,4,7.259,115,1.798
2025-02-05,GOLDGUINEA,4,7.068,114,5.151
2025-02-05,GOLDPETAL,4,8.033,114,4.273
2025-02-06,GOLDGUINEA,4,7.651,113,3.761
2025-02-06,GOLDM,3,6.588,88,3.543
2025-02-06,GOLDPETAL,4,7.698,113,1.15
2025-02-07,GOLDGUINEA,4,6.728,112,9.597
2025-02-07,GOLDM,3,6.179,87,0.795
2025-02-07,GOLDPETAL,4,8.032,112,6.136
2025-02-10,GOLDGUINEA,4,5.245,109,4.65
2025-02-10,GOLDM,3,5.84,84,1.67
2025-02-10,GOLDPETAL,4,7.624,109,1.316
2025-02-11,GOLDGUINEA,4,5.211,108,5.062
2025-02-11,GOLDM,3,5.804,83,2.851
2025-02-11,GOLDPETAL,4,8.104,108,0.257
2025-02-12,GOLDGUINEA,4,5.562,107,2.836
2025-02-12,GOLDM,3,5.933,82,1.021
2025-02-12,GOLDPETAL,4,6.759,107,6.598
2025-02-13,GOLDGUINEA,4,5.879,105,8.08
2025-02-13,GOLDM,3,5.72,81,0.203
2025-02-13,GOLDPETAL,4,6.153,105,13.248
2025-02-14,GOLDGUINEA,4,6.545,105,0.51
2025-02-14,GOLDM,3,5.959,80,5.596
2025-02-14,GOLDPETAL,4,5.397,105,10.885
2025-02-17,GOLDGUINEA,4,6.708,102,1.898
2025-02-17,GOLDM,3,4.808,77,3.836
2025-02-17,GOLDPETAL,4,5.891,102,11.672
2025-02-18,GOLDGUINEA,4,5.281,100,4.24
2025-02-18,GOLDM,3,4.777,76,1.215
2025-02-18,GOLDPETAL,4,4.625,100,3.792
2025-02-19,GOLDGUINEA,4,4.619,100,8.595
2025-02-19,GOLDM,3,4.16,75,5.324
2025-02-19,GOLDPETAL,4,2.504,100,20.557
2025-02-20,GOLDGUINEA,4,4.346,99,12.002
2025-02-20,GOLDM,3,4.142,74,5.866
2025-02-20,GOLDPETAL,4,3.042,99,9.931
2025-02-21,GOLDGUINEA,3,5.801,98,2.803
2025-02-21,GOLDM,3,3.783,73,5.789
2025-02-21,GOLDPETAL,3,5.832,98,3.175
2025-02-24,GOLDGUINEA,3,5.849,95,5.085
2025-02-24,GOLDM,3,3.02,70,6.135
2025-02-24,GOLDPETAL,3,5.824,95,5.86
2025-02-25,GOLDGUINEA,3,5.479,94,1.637
2025-02-25,GOLDM,3,3.129,69,8.718
2025-02-25,GOLDPETAL,3,4.444,94,4.276
2025-02-26,GOLDGUINEA,3,5.392,93,0.013
2025-02-26,GOLDPETAL,3,4.581,93,5.887
2025-02-27,GOLDGUINEA,3,6.089,92,1.023
2025-02-27,GOLDPETAL,3,4.951,92,3.474
2025-02-28,GOLDGUINEA,3,6.702,91,0.167
2025-02-28,GOLDPETAL,3,6.115,91,7.845
2025-03-03,GOLDGUINEA,4,5.43,119,10.469
2025-03-03,GOLDPETAL,4,6.103,119,4.7
2025-03-04,GOLDGUINEA,4,5.501,118,1.866
2025-03-04,GOLDPETAL,4,4.697,118,9.542
2025-03-05,GOLDGUINEA,4,4.718,117,6.96
2025-03-05,GOLDPETAL,4,5.013,117,11.77
2025-03-06,GOLDGUINEA,4,5.748,116,2.428
2025-03-06,GOLDM,3,4.996,91,1.161
2025-03-06,GOLDPETAL,4,4.875,116,10.941
2025-03-07,GOLDGUINEA,4,6.255,115,3.048
2025-03-07,GOLDM,3,5.315,90,0.034
2025-03-07,GOLDPETAL,4,4.674,115,6.954
2025-03-10,GOLDGUINEA,4,7.159,112,8.0
2025-03-10,GOLDM,3,5.533,87,0.689
2025-03-10,GOLDPETAL,4,5.399,112,6.085
2025-03-11,GOLDGUINEA,4,5.38,111,1.447
2025-03-11,GOLDM,3,5.308,86,0.32
2025-03-11,GOLDPETAL,4,4.575,111,4.672
2025-03-12,GOLDGUINEA,4,4.041,110,4.982
2025-03-12,GOLDM,3,6.129,85,4.836
2025-03-12,GOLDPETAL,4,4.329,110,1.011
2025-03-13,GOLDGUINEA,4,4.201,109,3.23
2025-03-13,GOLDM,3,5.346,84,0.423
2025-03-13,GOLDPETAL,4,2.121,109,6.328
2025-03-14,GOLDGUINEA,4,4.381,108,4.955
2025-03-14,GOLDM,3,5.452,83,2.398
2025-03-14,GOLDPETAL,4,1.896,108,6.314
2025-03-17,GOLDGUINEA,4,3.678,105,10.454
2025-03-17,GOLDM,3,5.084,80,0.924
2025-03-17,GOLDPETAL,4,3.373,105,2.131
2025-03-18,GOLDGUINEA,4,4.321,104,16.015
2025-03-18,GOLDM,3,5.347,79,0.763
2025-03-18,GOLDPETAL,4,4.035,104,3.737
2025-03-19,GOLDGUINEA,4,4.084,103,13.713
2025-03-19,GOLDM,3,5.498,78,0.502
2025-03-19,GOLDPETAL,4,4.323,103,5.805
2025-03-20,GOLDGUINEA,4,3.02,102,12.497
2025-03-20,GOLDM,3,5.302,77,0.799
2025-03-20,GOLDPETAL,4,4.031,102,4.896
2025-03-21,GOLDGUINEA,4,3.508,100,18.856
2025-03-21,GOLDM,3,4.603,76,3.79
2025-03-21,GOLDPETAL,4,4.106,100,7.668
2025-03-24,GOLDGUINEA,3,6.527,98,2.506
2025-03-24,GOLDM,3,4.447,73,1.365
2025-03-24,GOLDPETAL,3,5.134,98,1.163
2025-03-25,GOLDGUINEA,3,6.416,97,2.787
2025-03-25,GOLDM,3,5.034,72,0.097
2025-03-25,GOLDPETAL,3,5.053,97,0.679
2025-03-26,GOLDGUINEA,3,6.69,95,0.473
2025-03-26,GOLDM,3,5.631,71,2.386
2025-03-26,GOLDPETAL,3,4.852,95,0.957
2025-03-27,GOLDGUINEA,3,6.656,95,0.543
2025-03-27,GOLDM,3,6.841,70,4.726
2025-03-27,GOLDPETAL,3,4.488,95,2.925
2025-03-28,GOLDGUINEA,3,6.857,94,2.22
2025-03-28,GOLDPETAL,3,5.472,94,2.221
2025-03-31,GOLDGUINEA,3,6.045,91,3.08
2025-03-31,GOLDPETAL,3,4.384,91,0.974
2025-04-01,GOLDGUINEA,4,5.308,121,3.049
2025-04-01,GOLDPETAL,4,5.06,121,0.585
2025-04-01,GOLDTEN,3,3.814,90,4.024
2025-04-02,GOLDGUINEA,4,5.179,120,2.644
2025-04-02,GOLDPETAL,4,5.915,120,3.39
2025-04-02,GOLDTEN,3,3.118,89,4.594
2025-04-03,GOLDGUINEA,4,4.975,119,8.53
2025-04-03,GOLDPETAL,4,6.029,119,2.068
2025-04-03,GOLDTEN,3,3.138,88,6.453
2025-04-04,GOLDGUINEA,4,6.323,118,5.342
2025-04-04,GOLDPETAL,4,5.603,118,7.014
2025-04-04,GOLDTEN,3,3.196,87,3.632
2025-04-07,GOLDGUINEA,4,6.195,115,13.971
2025-04-07,GOLDM,3,3.821,88,7.296
2025-04-07,GOLDPETAL,4,5.223,115,4.714
2025-04-07,GOLDTEN,3,3.762,84,1.154
2025-04-08,GOLDGUINEA,4,7.767,114,14.608
2025-04-08,GOLDM,3,3.424,87,3.516
2025-04-08,GOLDPETAL,4,6.995,114,5.346
2025-04-08,GOLDTEN,3,3.465,83,3.137
2025-04-09,GOLDGUINEA,4,5.095,113,3.585
2025-04-09,GOLDM,3,4.204,86,1.014
2025-04-09,GOLDPETAL,4,5.546,113,4.377
2025-04-09,GOLDTEN,3,2.917,82,0.097
2025-04-10,GOLDGUINEA,4,5.716,112,4.686
2025-04-10,GOLDM,3,4.379,85,0.131
2025-04-10,GOLDPETAL,4,4.438,112,5.208
2025-04-10,GOLDTEN,3,2.262,81,9.108
2025-04-11,GOLDGUINEA,4,4.161,111,2.426
2025-04-11,GOLDM,3,4.689,84,1.82
2025-04-11,GOLDPETAL,4,1.721,111,10.212
2025-04-11,GOLDTEN,3,0.544,80,13.511
2025-04-14,GOLDGUINEA,4,3.538,108,2.67
2025-04-14,GOLDM,3,4.658,81,0.921
2025-04-14,GOLDPETAL,4,2.321,108,12.376
2025-04-14,GOLDTEN,3,0.635,77,9.46
2025-04-15,GOLDGUINEA,4,3.094,107,0.503
2025-04-15,GOLDM,3,4.139,80,1.315
2025-04-15,GOLDPETAL,4,2.784,107,11.086
2025-04-15,GOLDTEN,3,0.944,76,11.55
2025-04-16,GOLDGUINEA,4,2.841,105,1.802
2025-04-16,GOLDM,3,4.94,79,0.303
2025-04-16,GOLDPETAL,4,2.403,105,4.258
2025-04-16,GOLDTEN,3,0.593,75,10.166
2025-04-17,GOLDGUINEA,4,4.639,105,4.047
2025-04-17,GOLDM,3,4.72,78,0.714
2025-04-17,GOLDPETAL,4,3.686,105,3.838
2025-04-17,GOLDTEN,3,1.657,74,15.819
2025-04-21,GOLDGUINEA,4,3.736,100,7.498
2025-04-21,GOLDM,3,4.64,74,0.187
2025-04-21,GOLDPETAL,4,5.077,100,13.539
2025-04-21,GOLDTEN,3,1.319,70,12.864
2025-04-22,GOLDGUINEA,4,4.876,100,7.975
2025-04-22,GOLDM,3,3.444,73,4.133
2025-04-22,GOLDPETAL,4,3.443,100,2.61
2025-04-22,GOLDTEN,3,0.082,69,2.567
2025-04-23,GOLDGUINEA,3,6.909,99,0.02
2025-04-23,GOLDM,3,3.776,72,5.266
2025-04-23,GOLDPETAL,3,6.223,99,2.02
2025-04-24,GOLDGUINEA,3,5.45,98,1.956
2025-04-24,GOLDM,3,2.581,71,6.023
2025-04-24,GOLDPETAL,3,5.691,98,1.025
2025-04-25,GOLDGUINEA,3,6.407,97,0.633
2025-04-25,GOLDM,3,1.567,70,10.512
2025-04-25,GOLDPETAL,3,6.576,97,2.853
2025-04-28,GOLDGUINEA,3,4.873,94,0.952
2025-04-28,GOLDPETAL,3,5.083,94,1.41
2025-04-29,GOLDGUINEA,3,4.993,93,1.481
2025-04-29,GOLDPETAL,3,4.675,93,1.179
2025-04-30,GOLDGUINEA,3,5.245,92,4.598
2025-04-30,GOLDPETAL,3,5.507,92,1.419
2025-05-01,GOLDGUINEA,4,5.972,120,4.978
2025-05-01,GOLDPETAL,4,5.167,120,11.712
2025-05-01,GOLDTEN,3,4.021,91,3.347
2025-05-02,GOLDGUINEA,4,6.11,119,2.126
2025-05-02,GOLDPETAL,4,5.763,119,5.582
2025-05-02,GOLDTEN,3,3.972,90,4.55
2025-05-05,GOLDGUINEA,4,4.992,116,7.331
2025-05-05,GOLDPETAL,4,4.447,116,3.202
2025-05-05,GOLDTEN,3,3.77,87,3.914
2025-05-06,GOLDGUINEA,4,3.526,115,4.191
2025-05-06,GOLDM,3,4.128,91,0.563
2025-05-06,GOLDPETAL,4,3.478,115,3.656
2025-05-06,GOLDTEN,3,3.748,86,2.12
2025-05-07,GOLDGUINEA,4,4.156,114,5.754
2025-05-07,GOLDM,3,4.347,90,0.438
2025-05-07,GOLDPETAL,4,4.109,114,1.701
2025-05-07,GOLDTEN,3,3.454,85,2.301
2025-05-08,GOLDGUINEA,4,4.792,113,2.091
2025-05-08,GOLDM,3,5.071,89,1.001
2025-05-08,GOLDPETAL,4,5.216,113,2.92
2025-05-08,GOLDTEN,3,4.417,84,4.597
2025-05-09,GOLDGUINEA,4,4.7,112,3.371
2025-05-09,GOLDM,3,4.539,88,0.354
2025-05-09,GOLDPETAL,4,5.566,112,1.559
2025-05-09,GOLDTEN,3,4.699,83,5.751
2025-05-12,GOLDGUINEA,4,6.808,109,6.221
2025-05-12,GOLDM,3,4.613,85,0.98
2025-05-12,GOLDPETAL,4,6.17,109,2.183
2025-05-12,GOLDTEN,3,5.618,80,1.959
2025-05-13,GOLDGUINEA,4,6.365,108,3.953
2025-05-13,GOLDM,3,4.75,84,0.832
2025-05-13,GOLDPETAL,4,6.292,108,4.497
2025-05-13,GOLDTEN,3,6.399,79,1.994
2025-05-14,GOLDGUINEA,4,7.099,107,5.94
2025-05-14,GOLDM,3,4.859,83,2.253
2025-05-14,GOLDPETAL,4,6.859,107,5.891
2025-05-14,GOLDTEN,3,5.115,78,0.805
2025-05-15,GOLDGUINEA,4,6.138,105,2.638
2025-05-15,GOLDM,3,4.923,82,5.253
2025-05-15,GOLDPETAL,4,5.985,105,5.075
2025-05-15,GOLDTEN,3,5.019,77,3.286
2025-05-16,GOLDGUINEA,4,6.269,105,5.084
2025-05-16,GOLDM,3,5.341,81,6.387
2025-05-16,GOLDPETAL,4,5.58,105,2.599
2025-05-16,GOLDTEN,3,5.647,76,4.129
2025-05-19,GOLDGUINEA,4,6.493,102,9.227
2025-05-19,GOLDM,3,5.251,78,3.855
2025-05-19,GOLDPETAL,4,5.498,102,2.764
2025-05-19,GOLDTEN,3,5.342,73,3.913
2025-05-20,GOLDGUINEA,4,4.422,100,5.333
2025-05-20,GOLDM,3,5.997,77,3.722
2025-05-20,GOLDPETAL,4,4.687,100,2.317
2025-05-20,GOLDTEN,3,5.737,72,4.874
2025-05-21,GOLDGUINEA,4,4.617,100,2.807
2025-05-21,GOLDM,3,6.461,76,2.304
2025-05-21,GOLDPETAL,4,5.1,100,4.313
2025-05-21,GOLDTEN,3,7.424,71,6.3
2025-05-22,GOLDGUINEA,4,6.358,99,1.002
2025-05-22,GOLDM,3,5.852,75,1.117
2025-05-22,GOLDPETAL,4,5.5,99,2.331
2025-05-22,GOLDTEN,3,7.029,70,0.697
2025-05-23,GOLDGUINEA,3,5.105,98,2.375
2025-05-23,GOLDM,3,6.586,74,3.176
2025-05-23,GOLDPETAL,3,4.565,98,3.552
2025-05-26,GOLDGUINEA,3,5.121,95,3.025
2025-05-26,GOLDM,3,5.646,71,2.518
2025-05-26,GOLDPETAL,3,5.631,95,1.261
2025-05-27,GOLDGUINEA,3,5.515,94,1.334
2025-05-27,GOLDM,3,5.536,70,3.642
2025-05-27,GOLDPETAL,3,6.02,94,1.206
2025-05-28,GOLDGUINEA,3,5.502,93,0.723
2025-05-28,GOLDM,3,4.837,69,0.705
2025-05-28,GOLDPETAL,3,6.386,93,3.19
2025-05-29,GOLDGUINEA,3,4.366,92,0.381
2025-05-29,GOLDPETAL,3,4.765,92,0.392
2025-05-30,GOLDGUINEA,3,4.732,91,2.256
2025-05-30,GOLDPETAL,3,5.716,91,1.417
2025-06-02,GOLDGUINEA,4,4.29,120,2.182
2025-06-02,GOLDPETAL,4,5.035,120,6.169
2025-06-02,GOLDTEN,3,5.909,88,0.062
2025-06-03,GOLDGUINEA,4,5.021,119,1.526
2025-06-03,GOLDPETAL,4,5.297,119,2.914
2025-06-03,GOLDTEN,3,5.238,87,0.283
2025-06-04,GOLDGUINEA,4,4.987,118,3.628
2025-06-04,GOLDPETAL,4,4.622,118,3.259
2025-06-04,GOLDTEN,3,5.136,86,4.018
2025-06-05,GOLDGUINEA,4,5.995,117,6.224
2025-06-05,GOLDPETAL,4,5.474,117,2.087
2025-06-05,GOLDTEN,3,5.812,85,3.268
2025-06-06,GOLDGUINEA,4,5.813,116,1.959
2025-06-06,GOLDM,3,5.397,91,2.507
2025-06-06,GOLDPETAL,4,5.9,116,1.94
2025-06-06,GOLDTEN,3,6.319,84,4.917
2025-06-09,GOLDGUINEA,4,5.802,113,3.956
2025-06-09,GOLDM,3,5.544,88,0.644
2025-06-09,GOLDPETAL,4,5.945,113,1.725
2025-06-09,GOLDTEN,3,5.835,81,3.362
2025-06-10,GOLDGUINEA,4,5.174,112,1.91
2025-06-10,GOLDM,3,5.583,87,0.452
2025-06-10,GOLDPETAL,4,5.86,112,1.783
2025-06-10,GOLDTEN,3,6.479,80,3.511
2025-06-11,GOLDGUINEA,4,6.513,111,5.794
2025-06-11,GOLDM,3,5.712,86,0.945
2025-06-11,GOLDPETAL,4,6.329,111,0.705
2025-06-11,GOLDTEN,3,6.473,79,3.053
2025-06-12,GOLDGUINEA,4,4.946,110,1.241
2025-06-12,GOLDM,3,6.039,85,2.646
2025-06-12,GOLDPETAL,4,5.248,110,2.191
2025-06-12,GOLDTEN,3,6.179,78,0.459
2025-06-13,GOLDGUINEA,4,5.388,109,4.079
2025-06-13,GOLDM,3,7.02,84,2.809
2025-06-13,GOLDPETAL,4,6.031,109,4.037
2025-06-13,GOLDTEN,3,6.828,77,0.742
2025-06-16,GOLDGUINEA,4,6.479,105,3.627
2025-06-16,GOLDM,3,6.364,81,0.364
2025-06-16,GOLDPETAL,4,6.493,105,2.592
2025-06-16,GOLDTEN,3,6.841,74,0.714
2025-06-17,GOLDGUINEA,4,5.933,105,4.047
2025-06-17,GOLDM,3,6.432,80,0.889
2025-06-17,GOLDPETAL,4,5.973,105,2.566
2025-06-17,GOLDTEN,3,7.54,73,3.178
2025-06-18,GOLDGUINEA,4,6.231,104,3.121
2025-06-18,GOLDM,3,5.784,79,1.12
2025-06-18,GOLDPETAL,4,6.284,104,1.92
2025-06-18,GOLDTEN,3,6.446,72,1.428
2025-06-19,GOLDGUINEA,4,6.339,103,2.257
2025-06-19,GOLDM,3,5.587,78,0.211
2025-06-19,GOLDPETAL,4,6.166,103,1.741
2025-06-19,GOLDTEN,3,6.616,71,3.412
2025-06-20,GOLDGUINEA,4,6.467,102,1.483
2025-06-20,GOLDM,3,5.727,77,0.711
2025-06-20,GOLDPETAL,4,5.839,102,1.857
2025-06-20,GOLDTEN,3,6.983,70,5.31
2025-06-23,GOLDGUINEA,3,5.925,99,0.815
2025-06-23,GOLDM,3,6.145,74,0.046
2025-06-23,GOLDPETAL,3,5.934,99,1.129
2025-06-24,GOLDGUINEA,3,7.649,98,1.237
2025-06-24,GOLDM,3,6.357,73,0.607
2025-06-24,GOLDPETAL,3,7.08,98,0.739
2025-06-25,GOLDGUINEA,3,7.136,97,3.611
2025-06-25,GOLDM,3,6.819,72,2.716
2025-06-25,GOLDPETAL,3,6.582,97,0.157
2025-06-26,GOLDGUINEA,3,7.314,95,3.855
2025-06-26,GOLDM,3,6.96,71,3.205
2025-06-26,GOLDPETAL,3,6.962,95,0.236
2025-06-27,GOLDGUINEA,3,7.0,95,0.375
2025-06-27,GOLDPETAL,3,7.188,95,1.667
2025-06-30,GOLDGUINEA,3,7.66,92,3.167
2025-06-30,GOLDPETAL,3,7.027,92,0.239
2025-07-01,GOLDGUINEA,4,6.617,122,1.034
2025-07-01,GOLDPETAL,4,6.2,122,0.825
2025-07-01,GOLDTEN,3,5.503,91,3.044
2025-07-02,GOLDGUINEA,4,6.115,121,3.787
2025-07-02,GOLDPETAL,4,6.668,121,3.651
2025-07-02,GOLDTEN,3,6.866,90,2.295
2025-07-03,GOLDGUINEA,4,7.473,120,4.04
2025-07-03,GOLDPETAL,4,6.923,120,1.541
2025-07-03,GOLDTEN,3,6.219,89,1.728
2025-07-04,GOLDGUINEA,4,6.36,119,4.318
2025-07-04,GOLDPETAL,4,6.604,119,4.052
2025-07-04,GOLDTEN,3,5.932,88,1.377
2025-07-07,GOLDGUINEA,4,4.994,116,13.986
2025-07-07,GOLDM,3,5.886,88,0.722
2025-07-07,GOLDPETAL,4,6.068,116,2.36
2025-07-07,GOLDTEN,3,6.102,85,0.931
2025-07-08,GOLDGUINEA,4,6.295,115,6.813
2025-07-08,GOLDM,3,5.816,87,0.603
2025-07-08,GOLDPETAL,4,6.641,115,2.973
2025-07-08,GOLDTEN,3,6.227,84,1.926
2025-07-09,GOLDGUINEA,4,5.867,114,6.364
2025-07-09,GOLDM,3,5.806,86,0.703
2025-07-09,GOLDPETAL,4,6.284,114,2.412
2025-07-09,GOLDTEN,3,5.728,83,3.592
2025-07-10,GOLDGUINEA,4,6.812,113,0.439
2025-07-10,GOLDM,3,6.046,85,0.607
2025-07-10,GOLDPETAL,4,6.371,113,1.273
2025-07-10,GOLDTEN,3,6.183,82,0.753
2025-07-11,GOLDGUINEA,4,6.319,112,0.954
2025-07-11,GOLDM,3,6.272,84,0.141
2025-07-11,GOLDPETAL,4,5.727,112,1.143
2025-07-11,GOLDTEN,3,6.413,81,1.598
2025-07-14,GOLDGUINEA,4,6.728,109,4.065
2025-07-14,GOLDM,3,6.047,81,0.276
2025-07-14,GOLDPETAL,4,6.055,109,1.488
2025-07-14,GOLDTEN,3,6.159,78,0.969
2025-07-15,GOLDGUINEA,4,7.212,108,3.562
2025-07-15,GOLDM,3,6.209,80,0.738
2025-07-15,GOLDPETAL,4,6.305,108,1.942
2025-07-15,GOLDTEN,3,6.206,77,1.916
2025-07-16,GOLDGUINEA,4,6.971,107,4.263
2025-07-16,GOLDM,3,5.949,79,0.822
2025-07-16,GOLDPETAL,4,5.773,107,1.85
2025-07-16,GOLDTEN,3,5.713,76,2.383
2025-07-17,GOLDGUINEA,4,7.207,105,2.848
2025-07-17,GOLDM,3,5.865,78,0.313
2025-07-17,GOLDPETAL,4,5.785,105,1.611
2025-07-17,GOLDTEN,3,5.856,75,1.36
2025-07-18,GOLDGUINEA,4,6.8,105,1.087
2025-07-18,GOLDM,3,5.962,77,0.406
2025-07-18,GOLDPETAL,4,5.932,105,2.524
2025-07-18,GOLDTEN,3,5.87,74,1.195
2025-07-21,GOLDGUINEA,4,7.175,102,6.905
2025-07-21,GOLDM,3,6.074,74,0.104
2025-07-21,GOLDPETAL,4,6.006,102,8.682
2025-07-21,GOLDTEN,3,6.345,71,2.761
2025-07-22,GOLDGUINEA,4,6.912,100,10.898
2025-07-22,GOLDM,3,6.791,73,0.543
2025-07-22,GOLDPETAL,4,6.654,100,11.032
2025-07-22,GOLDTEN,3,7.36,70,5.564
2025-07-23,GOLDGUINEA,4,6.961,100,1.559
2025-07-23,GOLDM,3,6.272,72,0.068
2025-07-23,GOLDPETAL,4,6.902,100,7.136
2025-07-23,GOLDTEN,3,8.22,69,3.758
2025-07-24,GOLDGUINEA,3,7.142,99,1.772
2025-07-24,GOLDM,3,6.314,71,0.169
2025-07-24,GOLDPETAL,3,5.82,99,0.387
2025-07-25,GOLDGUINEA,3,7.229,98,1.114
2025-07-25,GOLDM,3,6.023,70,1.67
2025-07-25,GOLDPETAL,3,6.376,98,2.228
2025-07-28,GOLDGUINEA,3,6.71,95,1.482
2025-07-28,GOLDM,3,6.043,67,1.58
2025-07-28,GOLDPETAL,3,5.875,95,1.502
2025-07-29,GOLDGUINEA,3,6.79,94,1.834
2025-07-29,GOLDPETAL,3,5.955,94,2.441
2025-07-30,GOLDGUINEA,3,6.8,93,1.037
2025-07-30,GOLDPETAL,3,6.711,93,1.296
2025-07-31,GOLDGUINEA,3,6.93,92,4.506
2025-07-31,GOLDPETAL,3,6.671,92,0.589
2025-08-01,GOLDGUINEA,4,5.583,119,1.995
2025-08-01,GOLDPETAL,4,6.062,119,0.95
2025-08-01,GOLDTEN,3,5.583,91,0.801
2025-08-04,GOLDGUINEA,4,6.196,116,4.034
2025-08-04,GOLDPETAL,4,5.716,116,1.505
2025-08-04,GOLDTEN,3,5.443,88,3.472
2025-08-05,GOLDGUINEA,4,6.459,115,6.29
2025-08-05,GOLDPETAL,4,5.606,115,2.795
2025-08-05,GOLDTEN,3,5.62,87,1.622
2025-08-06,GOLDGUINEA,4,6.68,114,3.353
2025-08-06,GOLDM,3,5.922,91,2.159
2025-08-06,GOLDPETAL,4,6.124,114,1.58
2025-08-06,GOLDTEN,3,5.789,86,0.523
2025-08-07,GOLDGUINEA,4,6.235,113,0.96
2025-08-07,GOLDM,3,6.585,90,2.689
2025-08-07,GOLDPETAL,4,6.306,113,1.577
2025-08-07,GOLDTEN,3,6.313,85,0.013
2025-08-08,GOLDGUINEA,4,6.686,112,2.761
2025-08-08,GOLDM,3,7.25,89,3.543
2025-08-08,GOLDPETAL,4,6.379,112,2.035
2025-08-08,GOLDTEN,3,6.623,84,0.967
2025-08-11,GOLDGUINEA,4,7.183,109,14.878
2025-08-11,GOLDM,3,6.725,86,1.002
2025-08-11,GOLDPETAL,4,7.197,109,0.315
2025-08-11,GOLDTEN,3,7.217,81,0.328
2025-08-12,GOLDGUINEA,4,7.506,108,3.655
2025-08-12,GOLDM,3,6.472,85,2.209
2025-08-12,GOLDPETAL,4,7.525,108,0.163
2025-08-12,GOLDTEN,3,7.125,80,0.381
2025-08-13,GOLDGUINEA,4,8.154,107,4.299
2025-08-13,GOLDM,3,6.524,84,2.156
2025-08-13,GOLDPETAL,4,7.379,107,1.639
2025-08-13,GOLDTEN,3,7.128,79,0.967
2025-08-14,GOLDGUINEA,4,8.234,105,2.837
2025-08-14,GOLDM,3,6.079,83,2.971
2025-08-14,GOLDPETAL,4,7.459,105,2.616
2025-08-14,GOLDTEN,3,6.698,78,0.566
2025-08-18,GOLDGUINEA,4,7.759,102,4.201
2025-08-18,GOLDM,3,5.595,79,1.058
2025-08-18,GOLDPETAL,4,7.069,102,6.5
2025-08-18,GOLDTEN,3,6.027,74,2.595
2025-08-19,GOLDGUINEA,4,6.913,100,7.868
2025-08-19,GOLDM,3,5.383,78,1.629
2025-08-19,GOLDPETAL,4,6.669,100,6.17
2025-08-19,GOLDTEN,3,5.34,73,4.294
2025-08-20,GOLDGUINEA,4,7.966,100,1.726
2025-08-20,GOLDM,3,5.634,77,0.573
2025-08-20,GOLDPETAL,4,6.573,100,5.806
2025-08-20,GOLDTEN,3,5.849,72,2.733
2025-08-21,GOLDGUINEA,4,7.883,99,3.919
2025-08-21,GOLDM,3,5.447,76,1.37
2025-08-21,GOLDPETAL,4,7.601,99,3.34
2025-08-21,GOLDTEN,3,5.442,71,2.688
2025-08-22,GOLDGUINEA,3,7.382,98,1.646
2025-08-22,GOLDM,3,5.997,75,1.81
2025-08-22,GOLDPETAL,3,7.296,98,2.26
2025-08-25,GOLDGUINEA,3,7.911,95,2.394
2025-08-25,GOLDM,3,5.785,72,1.128
2025-08-25,GOLDPETAL,3,7.232,95,0.3
2025-08-26,GOLDGUINEA,3,7.614,94,1.126
2025-08-26,GOLDM,3,6.28,71,1.208
2025-08-26,GOLDPETAL,3,7.015,94,1.745
2025-08-27,GOLDGUINEA,3,7.308,93,0.038
2025-08-27,GOLDM,3,6.066,70,1.952
2025-08-27,GOLDPETAL,3,7.117,93,1.301
2025-08-28,GOLDGUINEA,3,6.956,92,0.703
2025-08-28,GOLDM,3,6.245,69,1.875
2025-08-28,GOLDPETAL,3,6.663,92,1.452
2025-08-29,GOLDGUINEA,3,6.692,91,0.49
2025-08-29,GOLDPETAL,3,5.807,91,2.532
2025-09-01,GOLDGUINEA,4,7.081,121,1.148
2025-09-01,GOLDPETAL,4,6.668,121,4.84
2025-09-01,GOLDTEN,3,6.787,88,1.043
2025-09-02,GOLDGUINEA,4,7.306,120,1.441
2025-09-02,GOLDPETAL,4,6.521,120,2.292
2025-09-02,GOLDTEN,3,6.413,87,0.594
2025-09-03,GOLDGUINEA,4,6.738,119,1.666
2025-09-03,GOLDPETAL,4,6.119,119,7.854
2025-09-03,GOLDTEN,3,6.486,86,1.564
2025-09-04,GOLDGUINEA,4,7.385,118,4.874
2025-09-04,GOLDPETAL,4,7.06,118,2.293
2025-09-04,GOLDTEN,3,6.898,85,0.999
2025-09-05,GOLDGUINEA,4,6.333,117,1.34
2025-09-05,GOLDPETAL,4,6.625,117,2.377
2025-09-05,GOLDTEN,3,6.277,84,0.568
2025-09-08,GOLDGUINEA,4,7.269,114,5.497
2025-09-08,GOLDM,3,6.108,88,1.594
2025-09-08,GOLDPETAL,4,6.408,114,0.491
2025-09-08,GOLDTEN,3,6.304,81,1.917
2025-09-09,GOLDGUINEA,4,7.573,113,2.507
2025-09-09,GOLDM,3,6.216,87,1.611
2025-09-09,GOLDPETAL,4,6.711,113,2.848
2025-09-09,GOLDTEN,3,6.45,80,1.358
2025-09-10,GOLDGUINEA,4,7.652,112,3.737
2025-09-10,GOLDM,3,6.188,86,2.36
2025-09-10,GOLDPETAL,4,7.016,112,2.983
2025-09-10,GOLDTEN,3,6.17,79,2.493
2025-09-11,GOLDGUINEA,4,8.313,111,2.279
2025-09-11,GOLDM,3,6.401,85,2.052
2025-09-11,GOLDPETAL,4,7.071,111,5.022
2025-09-11,GOLDTEN,3,6.183,78,2.817
2025-09-12,GOLDGUINEA,4,8.314,110,3.686
2025-09-12,GOLDM,3,6.407,84,1.685
2025-09-12,GOLDPETAL,4,7.43,110,3.946
2025-09-12,GOLDTEN,3,5.953,77,3.007
2025-09-15,GOLDGUINEA,4,8.236,107,0.981
2025-09-15,GOLDM,3,6.173,81,1.726
2025-09-15,GOLDPETAL,4,7.261,107,1.378
2025-09-15,GOLDTEN,3,5.778,74,3.005
2025-09-16,GOLDGUINEA,4,8.094,105,1.882
2025-09-16,GOLDM,3,6.162,80,0.637
2025-09-16,GOLDPETAL,4,7.378,105,2.513
2025-09-16,GOLDTEN,3,5.596,73,2.802
2025-09-17,GOLDGUINEA,4,8.37,105,2.427
2025-09-17,GOLDM,3,6.248,79,0.886
2025-09-17,GOLDPETAL,4,7.807,105,1.599
2025-09-17,GOLDTEN,3,5.265,72,2.002
2025-09-18,GOLDGUINEA,4,8.599,104,1.934
2025-09-18,GOLDM,3,6.335,78,0.081
2025-09-18,GOLDPETAL,4,7.624,104,2.982
2025-09-18,GOLDTEN,3,6.203,71,1.229
2025-09-19,GOLDGUINEA,4,8.448,103,1.795
2025-09-19,GOLDM,3,6.458,77,1.67
2025-09-19,GOLDPETAL,4,8.008,103,3.354
2025-09-19,GOLDTEN,3,5.573,70,3.998
2025-09-22,GOLDGUINEA,6,6.697,158,10.807
2025-09-22,GOLDM,5,5.88,136,17.637
2025-09-22,GOLDPETAL,6,6.466,158,26.227
2025-09-22,GOLDTEN,6,3.544,158,23.663
2025-09-23,GOLDGUINEA,5,7.364,157,4.487
2025-09-23,GOLDM,6,6.314,163,8.257
2025-09-23,GOLDPETAL,5,9.837,157,15.049
2025-09-23,GOLDTEN,5,6.514,157,26.529
2025-09-24,GOLDGUINEA,5,9.544,156,15.838
2025-09-24,GOLDM,6,7.442,162,13.426
2025-09-24,GOLDPETAL,5,9.935,156,9.068
2025-09-24,GOLDTEN,5,9.311,156,14.537
2025-09-25,GOLDGUINEA,5,7.93,155,4.322
2025-09-25,GOLDM,6,7.133,161,6.447
2025-09-25,GOLDPETAL,5,9.52,155,12.082
2025-09-25,GOLDTEN,5,7.978,155,9.034
2025-09-26,GOLDGUINEA,5,7.448,154,8.765
2025-09-26,GOLDM,5,6.278,160,4.031
2025-09-26,GOLDPETAL,5,8.287,154,9.778
2025-09-26,GOLDTEN,5,7.624,154,5.052
2025-09-29,GOLDGUINEA,5,9.02,151,10.455
2025-09-29,GOLDM,5,7.299,157,3.579
2025-09-29,GOLDPETAL,5,8.116,151,8.269
2025-09-29,GOLDTEN,5,8.971,151,12.341
2025-09-30,GOLDGUINEA,5,8.389,150,4.851
2025-09-30,GOLDM,5,7.77,156,4.969
2025-09-30,GOLDPETAL,5,8.407,150,6.86
2025-09-30,GOLDTEN,5,9.007,150,4.654
2025-10-01,GOLDGUINEA,6,9.068,181,7.909
2025-10-01,GOLDM,5,7.934,155,10.801
2025-10-01,GOLDPETAL,6,9.353,181,7.72
2025-10-01,GOLDTEN,6,8.76,181,11.419
2025-10-03,GOLDGUINEA,6,7.959,179,4.639
2025-10-03,GOLDM,5,7.027,153,4.178
2025-10-03,GOLDPETAL,6,8.324,179,5.268
2025-10-03,GOLDTEN,6,8.058,179,8.391
2025-10-06,GOLDGUINEA,6,6.437,176,29.473
2025-10-06,GOLDM,5,7.511,150,3.635
2025-10-06,GOLDPETAL,6,8.015,176,5.027
2025-10-06,GOLDTEN,6,8.573,176,14.445
2025-10-07,GOLDGUINEA,6,6.995,175,14.77
2025-10-07,GOLDM,6,6.803,178,12.019
2025-10-07,GOLDPETAL,6,8.388,175,6.335
2025-10-07,GOLDTEN,6,7.107,175,13.083
2025-10-08,GOLDGUINEA,6,6.455,174,31.467
2025-10-08,GOLDM,6,7.679,177,5.297
2025-10-08,GOLDPETAL,6,8.724,174,4.757
2025-10-08,GOLDTEN,6,7.607,174,4.926
2025-10-09,GOLDGUINEA,6,11.117,173,50.606
2025-10-09,GOLDM,6,8.487,176,14.839
2025-10-09,GOLDPETAL,6,8.684,173,3.446
2025-10-09,GOLDTEN,6,8.371,173,6.628
2025-10-10,GOLDGUINEA,6,7.391,172,27.672
2025-10-10,GOLDM,6,8.167,175,15.449
2025-10-10,GOLDPETAL,6,7.838,172,3.943
2025-10-10,GOLDTEN,6,8.848,172,8.366
2025-10-13,GOLDGUINEA,6,7.744,169,5.533
2025-10-13,GOLDM,6,7.157,172,9.241
2025-10-13,GOLDPETAL,6,6.358,169,5.498
2025-10-13,GOLDTEN,6,7.258,169,7.236
2025-10-14,GOLDGUINEA,6,8.175,168,10.939
2025-10-14,GOLDM,6,7.089,171,10.622
2025-10-14,GOLDPETAL,6,6.44,168,3.68
2025-10-14,GOLDTEN,6,6.96,168,9.658
2025-10-15,GOLDGUINEA,6,7.723,167,9.596
2025-10-15,GOLDM,6,7.114,170,8.934
2025-10-15,GOLDPETAL,6,7.259,167,5.756
2025-10-15,GOLDTEN,6,7.27,167,6.42
2025-10-16,GOLDGUINEA,6,8.289,166,4.218
2025-10-16,GOLDM,6,7.644,169,8.025
2025-10-16,GOLDPETAL,6,7.572,166,6.99
2025-10-16,GOLDTEN,6,7.818,166,5.389
2025-10-17,GOLDGUINEA,6,9.125,165,7.802
2025-10-17,GOLDM,6,8.549,168,14.326
2025-10-17,GOLDPETAL,6,9.121,165,7.775
2025-10-17,GOLDTEN,6,8.076,165,10.084
2025-10-20,GOLDGUINEA,6,9.196,162,2.25
2025-10-20,GOLDM,6,7.823,165,14.54
2025-10-20,GOLDPETAL,6,7.283,162,7.161
2025-10-20,GOLDTEN,6,6.991,162,11.933
2025-10-21,GOLDGUINEA,6,9.953,161,2.764
2025-10-21,GOLDM,6,8.254,164,16.587
2025-10-21,GOLDPETAL,6,7.969,161,4.134
2025-10-21,GOLDTEN,6,7.245,161,10.1
2025-10-22,GOLDGUINEA,6,9.293,160,4.836
2025-10-22,GOLDM,6,7.54,163,14.612
2025-10-22,GOLDPETAL,6,7.549,160,2.872
2025-10-22,GOLDTEN,6,7.522,160,5.512
2025-10-23,GOLDGUINEA,6,8.075,159,10.161
2025-10-23,GOLDM,6,7.52,162,11.223
2025-10-23,GOLDPETAL,6,7.568,159,4.853
2025-10-23,GOLDTEN,6,7.666,159,6.361
2025-10-24,GOLDGUINEA,5,8.971,158,5.076
2025-10-24,GOLDM,6,7.37,161,8.728
2025-10-24,GOLDPETAL,5,7.878,158,3.763
2025-10-24,GOLDTEN,5,7.652,158,6.107
2025-10-27,GOLDGUINEA,5,9.876,155,7.138
2025-10-27,GOLDM,6,8.005,158,6.796
2025-10-27,GOLDPETAL,5,7.497,155,1.681
2025-10-27,GOLDTEN,5,7.763,155,4.982
2025-10-28,GOLDGUINEA,5,9.466,154,7.26
2025-10-28,GOLDM,6,7.965,157,8.088
2025-10-28,GOLDPETAL,5,8.175,154,3.436
2025-10-28,GOLDTEN,5,8.589,154,3.55
2025-10-29,GOLDGUINEA,5,9.173,153,13.556
2025-10-29,GOLDM,5,7.655,156,7.545
2025-10-29,GOLDPETAL,5,7.748,153,4.748
2025-10-29,GOLDTEN,5,8.26,153,7.971
2025-10-30,GOLDGUINEA,5,8.471,152,9.66
2025-10-30,GOLDM,5,7.173,155,7.129
2025-10-30,GOLDPETAL,5,7.256,152,3.25
2025-10-30,GOLDTEN,5,7.797,152,2.551
2025-10-31,GOLDGUINEA,5,8.394,151,10.765
2025-10-31,GOLDM,5,7.547,154,7.428
2025-10-31,GOLDPETAL,5,7.501,151,3.216
2025-10-31,GOLDTEN,5,7.777,151,5.606
2025-11-03,GOLDGUINEA,6,10.105,178,25.604
2025-11-03,GOLDM,5,7.842,151,8.115
2025-11-03,GOLDPETAL,6,7.774,178,3.857
2025-11-03,GOLDTEN,6,8.542,178,4.242
2025-11-04,GOLDGUINEA,6,9.912,177,9.648
2025-11-04,GOLDM,5,8.765,150,9.157
2025-11-04,GOLDPETAL,6,7.97,177,3.099
2025-11-04,GOLDTEN,6,9.289,177,8.256
2025-11-05,GOLDGUINEA,6,9.222,176,10.769
2025-11-05,GOLDM,5,8.333,149,7.392
2025-11-05,GOLDPETAL,6,7.803,176,5.713
2025-11-05,GOLDTEN,6,7.906,176,7.494
2025-11-06,GOLDGUINEA,6,9.232,175,9.57
2025-11-06,GOLDM,5,8.016,148,4.757
2025-11-06,GOLDPETAL,6,7.547,175,6.116
2025-11-06,GOLDTEN,6,8.619,175,8.926
2025-11-07,GOLDGUINEA,6,9.166,174,12.668
2025-11-07,GOLDM,6,7.695,179,1.871
2025-11-07,GOLDPETAL,6,7.313,174,5.879
2025-11-07,GOLDTEN,6,7.815,174,5.771
2025-11-10,GOLDGUINEA,6,7.629,171,4.784
2025-11-10,GOLDM,6,7.823,176,5.171
2025-11-10,GOLDPETAL,6,7.353,171,3.935
2025-11-10,GOLDTEN,6,8.132,171,2.93
2025-11-11,GOLDGUINEA,6,9.57,170,8.239
2025-11-11,GOLDM,6,8.707,175,4.321
2025-11-11,GOLDPETAL,6,8.215,170,5.976
2025-11-11,GOLDTEN,6,8.543,170,4.927
2025-11-12,GOLDGUINEA,6,8.441,169,5.686
2025-11-12,GOLDM,6,8.227,174,5.546
2025-11-12,GOLDPETAL,6,8.063,169,4.632
2025-11-12,GOLDTEN,6,8.271,169,6.159
2025-11-13,GOLDGUINEA,6,9.254,168,2.968
2025-11-13,GOLDM,6,8.702,173,3.178
2025-11-13,GOLDPETAL,6,8.773,168,2.42
2025-11-13,GOLDTEN,6,8.795,168,6.086
2025-11-14,GOLDGUINEA,6,10.134,167,4.165
2025-11-14,GOLDM,6,9.974,172,6.39
2025-11-14,GOLDPETAL,6,9.393,167,3.15
2025-11-14,GOLDTEN,6,10.085,167,3.413
2025-11-17,GOLDGUINEA,6,9.331,164,3.227
2025-11-17,GOLDM,6,9.614,169,3.508
2025-11-17,GOLDPETAL,6,8.386,164,8.921
2025-11-17,GOLDTEN,6,10.276,164,3.165
2025-11-18,GOLDGUINEA,6,9.334,163,3.961
2025-11-18,GOLDM,6,9.648,168,5.693
2025-11-18,GOLDPETAL,6,8.35,163,5.536
2025-11-18,GOLDTEN,6,9.907,163,5.092
2025-11-19,GOLDGUINEA,6,9.509,162,4.957
2025-11-19,GOLDM,6,8.979,167,4.864
2025-11-19,GOLDPETAL,6,8.726,162,7.701
2025-11-19,GOLDTEN,6,9.164,162,8.528
2025-11-20,GOLDGUINEA,6,10.048,161,8.052
2025-11-20,GOLDM,6,8.731,166,9.336
2025-11-20,GOLDPETAL,6,8.15,161,4.494
2025-11-20,GOLDTEN,6,9.091,161,9.801
2025-11-21,GOLDGUINEA,5,9.894,160,3.724
2025-11-21,GOLDM,6,8.871,165,9.633
2025-11-21,GOLDPETAL,5,8.733,160,2.306
2025-11-21,GOLDTEN,5,9.648,160,4.577
2025-11-24,GOLDGUINEA,5,9.998,157,1.104
2025-11-24,GOLDM,6,8.829,162,6.629
2025-11-24,GOLDPETAL,5,8.678,157,2.351
2025-11-24,GOLDTEN,5,9.678,157,2.027
2025-11-25,GOLDGUINEA,5,9.675,156,3.659
2025-11-25,GOLDM,6,9.119,161,7.928
2025-11-25,GOLDPETAL,5,8.368,156,4.358
2025-11-25,GOLDTEN,5,9.808,156,2.743
2025-11-26,GOLDGUINEA,5,9.643,155,2.711
2025-11-26,GOLDM,6,9.061,160,7.215
2025-11-26,GOLDPETAL,5,8.438,155,4.12
2025-11-26,GOLDTEN,5,9.872,155,3.494
2025-11-27,GOLDGUINEA,5,10.156,154,3.219
2025-11-27,GOLDM,6,9.351,159,7.692
2025-11-27,GOLDPETAL,5,8.482,154,4.138
2025-11-27,GOLDTEN,5,9.721,154,2.685
2025-11-28,GOLDGUINEA,5,10.025,153,5.974
2025-11-28,GOLDM,5,9.714,158,2.558
2025-11-28,GOLDPETAL,5,8.67,153,6.683
2025-11-28,GOLDTEN,5,9.992,153,5.636
2025-12-01,GOLDGUINEA,6,9.931,179,9.434
2025-12-01,GOLDM,5,10.054,155,3.963
2025-12-01,GOLDPETAL,6,9.901,179,6.677
2025-12-01,GOLDTEN,6,10.907,179,8.506
2025-12-02,GOLDGUINEA,6,11.772,178,15.117
2025-12-02,GOLDM,5,11.068,154,3.509
2025-12-02,GOLDPETAL,6,11.153,178,7.405
2025-12-02,GOLDTEN,6,11.691,178,17.676
2025-12-03,GOLDGUINEA,6,11.23,177,8.959
2025-12-03,GOLDM,5,10.929,153,2.525
2025-12-03,GOLDPETAL,6,11.335,177,6.039
2025-12-03,GOLDTEN,6,10.899,177,8.259
2025-12-04,GOLDGUINEA,6,11.069,176,4.964
2025-12-04,GOLDM,5,10.888,152,2.248
2025-12-04,GOLDPETAL,6,11.529,176,4.108
2025-12-04,GOLDTEN,6,10.339,176,11.2
2025-12-05,GOLDGUINEA,6,11.001,175,6.553
2025-12-05,GOLDM,5,11.016,151,4.877
2025-12-05,GOLDPETAL,6,11.164,175,3.79
2025-12-05,GOLDTEN,6,11.742,175,16.335
2025-12-08,GOLDGUINEA,6,11.663,172,7.614
2025-12-08,GOLDM,6,10.396,179,16.275
2025-12-08,GOLDPETAL,6,11.976,172,4.968
2025-12-08,GOLDTEN,6,11.062,172,7.297
2025-12-09,GOLDGUINEA,6,11.522,171,4.187
2025-12-09,GOLDM,6,10.245,178,23.776
2025-12-09,GOLDPETAL,6,11.718,171,7.684
2025-12-09,GOLDTEN,6,11.546,171,5.037
2025-12-10,GOLDGUINEA,6,11.898,170,4.83
2025-12-10,GOLDM,6,11.534,177,13.576
2025-12-10,GOLDPETAL,6,12.116,170,3.386
2025-12-10,GOLDTEN,6,11.619,170,4.772
2025-12-11,GOLDGUINEA,6,10.34,169,16.782
2025-12-11,GOLDM,6,11.748,176,10.623
2025-12-11,GOLDPETAL,6,11.31,169,7.485
2025-12-11,GOLDTEN,6,11.975,169,6.566
2025-12-12,GOLDGUINEA,6,12.903,168,15.663
2025-12-12,GOLDM,6,14.009,175,17.124
2025-12-12,GOLDPETAL,6,13.651,168,7.783
2025-12-12,GOLDTEN,6,14.125,168,9.516
2025-12-15,GOLDGUINEA,6,14.765,165,8.112
2025-12-15,GOLDM,6,14.543,172,11.129
2025-12-15,GOLDPETAL,6,14.616,165,6.361
2025-12-15,GOLDTEN,6,14.62,165,6.499
2025-12-16,GOLDGUINEA,6,14.369,164,7.462
2025-12-16,GOLDM,6,14.81,171,8.3
2025-12-16,GOLDPETAL,6,14.671,164,8.988
2025-12-16,GOLDTEN,6,14.781,164,6.781
2025-12-17,GOLDGUINEA,6,14.437,163,7.239
2025-12-17,GOLDM,6,14.54,170,7.652
2025-12-17,GOLDPETAL,6,14.869,163,8.531
2025-12-17,GOLDTEN,6,14.77,163,8.008
2025-12-18,GOLDGUINEA,6,15.459,162,8.277
2025-12-18,GOLDM,6,14.593,169,7.5
2025-12-18,GOLDPETAL,6,15.54,162,5.561
2025-12-18,GOLDTEN,6,15.318,162,8.371
2025-12-19,GOLDGUINEA,6,15.563,161,10.741
2025-12-19,GOLDM,6,14.917,168,6.343
2025-12-19,GOLDPETAL,6,15.187,161,5.334
2025-12-19,GOLDTEN,6,15.028,161,11.806
2025-12-22,GOLDGUINEA,6,15.055,158,11.133
2025-12-22,GOLDM,6,15.117,165,11.619
2025-12-22,GOLDPETAL,6,15.146,158,5.14
2025-12-22,GOLDTEN,6,15.094,158,11.247
2025-12-23,GOLDGUINEA,6,17.06,157,10.844
2025-12-23,GOLDM,6,15.655,164,12.306
2025-12-23,GOLDPETAL,6,15.805,157,5.787
2025-12-23,GOLDTEN,6,15.945,157,12.774
2025-12-24,GOLDGUINEA,5,17.407,156,13.707
2025-12-24,GOLDM,6,15.962,163,8.054
2025-12-24,GOLDPETAL,5,17.028,156,4.182
2025-12-24,GOLDTEN,5,15.997,156,8.748
2025-12-26,GOLDGUINEA,5,21.37,154,29.128
2025-12-26,GOLDM,6,17.379,161,8.845
2025-12-26,GOLDPETAL,5,18.846,154,11.982
2025-12-26,GOLDTEN,5,17.469,154,9.74
2025-12-29,GOLDGUINEA,5,23.615,151,23.868
2025-12-29,GOLDM,5,17.53,158,12.001
2025-12-29,GOLDPETAL,5,20.089,151,11.09
2025-12-29,GOLDTEN,5,18.011,151,9.869
2025-12-30,GOLDGUINEA,5,23.563,150,30.787
2025-12-30,GOLDM,5,19.144,157,15.204
2025-12-30,GOLDPETAL,5,20.339,150,3.992
2025-12-30,GOLDTEN,5,18.849,150,7.74
2025-12-31,GOLDGUINEA,5,23.644,149,37.422
2025-12-31,GOLDM,5,17.776,156,13.861
2025-12-31,GOLDPETAL,5,19.636,149,11.546
2025-12-31,GOLDTEN,5,17.334,149,9.182
2026-01-01,GOLDGUINEA,6,23.008,180,26.668
2026-01-01,GOLDM,5,17.63,155,16.047
2026-01-01,GOLDPETAL,6,19.492,180,15.433
2026-01-01,GOLDTEN,6,17.595,180,9.0
2026-01-02,GOLDGUINEA,6,23.068,179,26.854
2026-01-02,GOLDM,5,18.194,154,19.091
2026-01-02,GOLDPETAL,6,19.565,179,11.506
2026-01-02,GOLDTEN,6,18.741,179,14.59
2026-01-05,GOLDGUINEA,6,21.808,176,29.42
2026-01-05,GOLDM,5,16.973,151,13.653
2026-01-05,GOLDPETAL,6,19.899,176,21.618
2026-01-05,GOLDTEN,6,18.046,176,11.62
2026-01-06,GOLDGUINEA,6,21.745,175,24.104
2026-01-06,GOLDM,6,16.637,178,15.159
2026-01-06,GOLDPETAL,6,19.784,175,9.88
2026-01-06,GOLDTEN,6,17.708,175,10.748
2026-01-07,GOLDGUINEA,6,20.801,174,5.214
2026-01-07,GOLDM,6,17.467,177,15.976
2026-01-07,GOLDPETAL,6,20.167,174,8.929
2026-01-07,GOLDTEN,6,18.237,174,16.391
2026-01-08,GOLDGUINEA,6,21.481,173,6.857
2026-01-08,GOLDM,6,17.819,176,11.477
2026-01-08,GOLDPETAL,6,20.462,173,8.165
2026-01-08,GOLDTEN,6,18.701,173,17.024
2026-01-09,GOLDGUINEA,6,21.272,172,11.056
2026-01-09,GOLDM,6,17.899,175,12.574
2026-01-09,GOLDPETAL,6,20.042,172,4.662
2026-01-09,GOLDTEN,6,18.726,172,13.47
2026-01-12,GOLDGUINEA,6,19.976,169,7.348
2026-01-12,GOLDM,6,17.478,172,20.441
2026-01-12,GOLDPETAL,6,19.533,169,7.983
2026-01-12,GOLDTEN,6,18.244,169,12.225
2026-01-13,GOLDGUINEA,6,20.387,168,6.248
2026-01-13,GOLDM,6,17.235,171,20.961
2026-01-13,GOLDPETAL,6,19.668,168,8.663
2026-01-13,GOLDTEN,6,17.84,168,23.645
2026-01-14,GOLDGUINEA,6,20.286,167,6.983
2026-01-14,GOLDM,6,17.537,170,21.264
2026-01-14,GOLDPETAL,6,20.029,167,9.692
2026-01-14,GOLDTEN,6,18.066,167,26.24
2026-01-15,GOLDGUINEA,6,19.944,166,14.466
2026-01-15,GOLDM,6,17.645,169,23.237
2026-01-15,GOLDPETAL,6,20.086,166,11.47
2026-01-15,GOLDTEN,6,18.547,166,26.13
2026-01-16,GOLDGUINEA,6,20.825,165,20.519
2026-01-16,GOLDM,6,18.496,168,27.238
2026-01-16,GOLDPETAL,6,20.598,165,19.893
2026-01-16,GOLDTEN,6,19.664,165,27.102
2026-01-19,GOLDGUINEA,6,21.858,162,38.286
2026-01-19,GOLDM,6,18.925,165,32.817
2026-01-19,GOLDPETAL,6,20.575,162,29.384
2026-01-19,GOLDTEN,6,20.911,162,35.291
2026-01-20,GOLDGUINEA,6,25.079,161,62.766
2026-01-20,GOLDM,6,22.796,164,41.52
2026-01-20,GOLDPETAL,6,24.187,161,46.86
2026-01-20,GOLDTEN,6,25.745,161,31.356
2026-01-21,GOLDGUINEA,6,31.023,160,117.146
2026-01-21,GOLDM,6,25.116,163,37.273
2026-01-21,GOLDPETAL,6,33.041,160,107.901
2026-01-21,GOLDTEN,6,31.547,160,84.777
2026-01-22,GOLDGUINEA,6,30.492,159,76.54
2026-01-22,GOLDM,6,26.287,162,46.212
2026-01-22,GOLDPETAL,6,29.432,159,68.252
2026-01-22,GOLDTEN,6,30.662,159,57.269
2026-01-23,GOLDGUINEA,5,31.517,158,35.764
2026-01-23,GOLDM,6,29.399,161,49.433
2026-01-23,GOLDPETAL,5,31.458,158,40.205
2026-01-23,GOLDTEN,5,31.521,158,41.886
2026-01-27,GOLDGUINEA,5,37.483,154,40.095
2026-01-27,GOLDM,6,34.395,157,25.06
2026-01-27,GOLDPETAL,5,37.802,154,24.573
2026-01-27,GOLDTEN,5,37.443,154,33.391
2026-01-28,GOLDGUINEA,5,37.738,153,43.602
2026-01-28,GOLDM,6,33.586,156,38.248
2026-01-28,GOLDPETAL,5,38.815,153,17.2
2026-01-28,GOLDTEN,5,37.18,153,21.564
2026-01-29,GOLDGUINEA,5,42.681,152,34.006
2026-01-29,GOLDM,5,29.644,155,50.344
2026-01-29,GOLDPETAL,5,39.419,152,18.264
2026-01-29,GOLDTEN,5,32.679,152,48.723
2026-01-30,GOLDGUINEA,5,42.681,151,34.011
2026-01-30,GOLDM,5,50.79,154,184.732
2026-01-30,GOLDPETAL,5,39.412,151,18.26
2026-01-30,GOLDTEN,5,32.681,151,48.72
2026-02-01,GOLDGUINEA,5,41.944,149,33.011
2026-02-01,GOLDM,5,34.658,152,74.274
2026-02-01,GOLDPETAL,6,38.099,180,27.332
2026-02-01,GOLDTEN,6,50.781,180,299.98
2026-02-02,GOLDGUINEA,6,30.241,179,102.627
2026-02-02,GOLDM,5,17.235,151,16.158
2026-02-02,GOLDPETAL,6,26.764,179,24.771
2026-02-02,GOLDTEN,6,26.41,179,54.581
2026-02-03,GOLDGUINEA,6,23.31,178,32.802
2026-02-03,GOLDM,5,17.758,150,15.197
2026-02-03,GOLDPETAL,6,24.482,178,15.419
2026-02-03,GOLDTEN,6,23.511,178,10.595
2026-02-04,GOLDGUINEA,6,26.699,177,89.689
2026-02-04,GOLDM,5,18.543,149,5.985
2026-02-04,GOLDPETAL,6,22.628,177,10.673
2026-02-04,GOLDTEN,6,21.315,177,21.384
2026-02-05,GOLDGUINEA,6,21.674,176,30.263
2026-02-05,GOLDM,5,16.628,148,18.733
2026-02-05,GOLDPETAL,6,22.132,176,22.407
2026-02-05,GOLDTEN,6,20.056,176,26.708
2026-02-06,GOLDGUINEA,6,20.101,175,29.748
2026-02-06,GOLDM,6,12.637,180,18.961
2026-02-06,GOLDPETAL,6,18.461,175,11.858
2026-02-06,GOLDTEN,6,17.241,175,13.019
2026-02-09,GOLDGUINEA,6,19.344,172,11.833
2026-02-09,GOLDM,6,13.735,177,21.941
2026-02-09,GOLDPETAL,6,18.889,172,13.694
2026-02-09,GOLDTEN,6,17.16,172,8.941
2026-02-10,GOLDGUINEA,6,20.419,171,13.937
2026-02-10,GOLDM,6,15.246,176,13.716
2026-02-10,GOLDPETAL,6,19.347,171,10.836
2026-02-10,GOLDTEN,6,19.126,171,5.813
2026-02-11,GOLDGUINEA,6,19.141,170,6.133
2026-02-11,GOLDM,6,15.094,175,13.784
2026-02-11,GOLDPETAL,6,17.946,170,16.944
2026-02-11,GOLDTEN,6,18.798,170,12.294
2026-02-12,GOLDGUINEA,6,21.007,169,15.057
2026-02-12,GOLDM,6,20.169,174,41.748
2026-02-12,GOLDPETAL,6,19.704,169,8.395
2026-02-12,GOLDTEN,6,20.592,169,5.55
2026-02-13,GOLDGUINEA,6,17.971,168,9.529
2026-02-13,GOLDM,6,14.688,173,19.88
2026-02-13,GOLDPETAL,6,17.178,168,9.718
2026-02-13,GOLDTEN,6,20.248,168,13.617
2026-02-16,GOLDGUINEA,6,19.014,165,8.672
2026-02-16,GOLDM,6,15.8,170,13.021
2026-02-16,GOLDPETAL,6,17.848,165,9.582
2026-02-16,GOLDTEN,6,19.84,165,14.016
2026-02-17,GOLDGUINEA,6,17.049,164,21.73
2026-02-17,GOLDM,6,17.728,169,44.649
2026-02-17,GOLDPETAL,6,16.641,164,6.659
2026-02-17,GOLDTEN,6,18.724,164,7.72
2026-02-18,GOLDGUINEA,6,14.941,163,19.01
2026-02-18,GOLDM,6,14.161,168,10.226
2026-02-18,GOLDPETAL,6,14.755,163,9.393
2026-02-18,GOLDTEN,6,14.867,163,11.969
2026-02-19,GOLDGUINEA,6,17.275,162,8.995
2026-02-19,GOLDM,6,14.609,167,11.302
2026-02-19,GOLDPETAL,6,15.527,162,15.838
2026-02-19,GOLDTEN,6,16.076,162,15.406
2026-02-20,GOLDGUINEA,5,16.227,161,20.792
2026-02-20,GOLDM,6,13.824,166,14.312
2026-02-20,GOLDPETAL,5,15.749,161,9.646
2026-02-20,GOLDTEN,5,15.046,161,6.645
2026-02-23,GOLDGUINEA,5,19.848,158,11.282
2026-02-23,GOLDM,6,13.31,163,16.828
2026-02-23,GOLDPETAL,5,18.093,158,8.675
2026-02-23,GOLDTEN,5,13.202,158,20.035
2026-02-24,GOLDGUINEA,5,18.804,157,13.548
2026-02-24,GOLDM,6,14.778,162,14.02
2026-02-24,GOLDPETAL,5,17.28,157,7.374
2026-02-24,GOLDTEN,5,14.336,157,27.123
2026-02-25,GOLDGUINEA,5,18.692,156,6.999
2026-02-25,GOLDM,6,13.815,161,10.126
2026-02-25,GOLDPETAL,5,17.325,156,10.728
2026-02-25,GOLDTEN,5,14.823,156,15.719
2026-02-26,GOLDGUINEA,5,19.2,155,4.912
2026-02-26,GOLDM,5,13.981,160,3.715
2026-02-26,GOLDPETAL,5,17.506,155,9.542
2026-02-26,GOLDTEN,5,16.581,155,12.793
2026-02-27,GOLDGUINEA,5,17.489,154,3.835
2026-02-27,GOLDM,5,13.73,159,8.686
2026-02-27,GOLDPETAL,5,15.941,154,13.179
2026-02-27,GOLDTEN,5,16.77,154,7.049
2026-03-02,GOLDGUINEA,6,19.432,182,9.629
2026-03-02,GOLDM,5,15.329,156,8.002
2026-03-02,GOLDPETAL,6,18.945,182,10.96
2026-03-02,GOLDTEN,5,19.151,151,8.503
2026-03-03,GOLDGUINEA,6,18.913,181,7.486
2026-03-03,GOLDM,5,15.453,155,7.19
2026-03-03,GOLDPETAL,6,18.197,181,6.512
2026-03-03,GOLDTEN,6,20.682,181,29.068
2026-03-04,GOLDGUINEA,6,19.83,180,16.588
2026-03-04,GOLDM,5,15.589,154,9.004
2026-03-04,GOLDPETAL,6,17.794,180,8.444
2026-03-04,GOLDTEN,6,19.107,180,5.892
2026-03-05,GOLDGUINEA,6,19.872,179,6.02
2026-03-05,GOLDM,5,15.408,153,6.022
2026-03-05,GOLDPETAL,6,18.359,179,14.528
2026-03-05,GOLDTEN,6,18.714,179,7.971
2026-03-06,GOLDGUINEA,6,16.588,178,16.972
2026-03-06,GOLDM,6,13.734,182,12.593
2026-03-06,GOLDPETAL,6,16.571,178,5.231
2026-03-06,GOLDTEN,6,17.765,178,7.213
2026-03-09,GOLDGUINEA,6,17.952,175,16.937
2026-03-09,GOLDM,6,16.069,179,7.184
2026-03-09,GOLDPETAL,6,17.396,175,12.237
2026-03-09,GOLDTEN,6,18.72,175,10.752
2026-03-10,GOLDGUINEA,6,17.218,174,15.397
2026-03-10,GOLDM,6,14.742,178,6.23
2026-03-10,GOLDPETAL,6,16.6,174,8.732
2026-03-10,GOLDTEN,6,17.996,174,5.467
2026-03-11,GOLDGUINEA,6,18.097,173,11.16
2026-03-11,GOLDM,6,16.122,177,4.335
2026-03-11,GOLDPETAL,6,16.588,173,12.773
2026-03-11,GOLDTEN,6,17.533,173,14.79
2026-03-12,GOLDGUINEA,6,18.173,172,11.356
2026-03-12,GOLDM,6,16.417,176,7.279
2026-03-12,GOLDPETAL,6,17.068,172,18.386
2026-03-12,GOLDTEN,6,18.317,172,8.078
2026-03-13,GOLDGUINEA,6,17.95,171,15.445
2026-03-13,GOLDM,6,16.62,175,12.608
2026-03-13,GOLDPETAL,6,17.426,171,20.127
2026-03-13,GOLDTEN,6,18.433,171,14.203
2026-03-16,GOLDGUINEA,6,18.047,168,5.824
2026-03-16,GOLDM,6,17.971,172,5.463
2026-03-16,GOLDPETAL,6,17.23,168,23.134
2026-03-16,GOLDTEN,6,17.783,168,22.42
2026-03-17,GOLDGUINEA,6,17.708,167,5.24
2026-03-17,GOLDM,6,17.598,171,7.001
2026-03-17,GOLDPETAL,6,16.949,167,24.444
2026-03-17,GOLDTEN,6,18.1,167,23.089
2026-03-18,GOLDGUINEA,6,18.914,166,12.991
2026-03-18,GOLDM,6,17.442,170,8.914
2026-03-18,GOLDPETAL,6,17.241,166,19.376
2026-03-18,GOLDTEN,6,18.691,166,13.673
2026-03-19,GOLDGUINEA,6,15.965,165,16.64
2026-03-19,GOLDM,6,14.916,169,10.078
2026-03-19,GOLDPETAL,6,13.767,165,24.211
2026-03-19,GOLDTEN,6,14.294,165,22.227
2026-03-20,GOLDGUINEA,6,17.924,164,6.867
2026-03-20,GOLDM,6,18.29,168,48.83
2026-03-20,GOLDPETAL,6,16.252,164,12.978
2026-03-20,GOLDTEN,6,15.289,164,25.242
2026-03-23,GOLDGUINEA,6,15.62,161,12.04
2026-03-23,GOLDM,6,14.003,165,12.787
2026-03-23,GOLDPETAL,6,14.213,161,23.55
2026-03-23,GOLDTEN,6,16.688,161,11.083
2026-03-24,GOLDGUINEA,5,15.418,160,15.903
2026-03-24,GOLDM,6,13.745,164,11.247
2026-03-24,GOLDPETAL,5,14.435,160,15.906
2026-03-24,GOLDTEN,5,15.872,160,4.972
2026-03-25,GOLDGUINEA,5,16.068,159,16.723
2026-03-25,GOLDM,6,12.819,163,10.998
2026-03-25,GOLDPETAL,5,15.097,159,17.321
2026-03-25,GOLDTEN,5,14.71,159,9.05
2026-03-26,GOLDGUINEA,5,16.646,158,9.654
2026-03-26,GOLDM,6,14.111,162,48.902
2026-03-26,GOLDPETAL,5,15.857,158,15.86
2026-03-26,GOLDTEN,5,16.231,158,7.554
2026-03-27,GOLDGUINEA,5,15.475,157,4.4
2026-03-27,GOLDM,5,12.328,161,11.862
2026-03-27,GOLDPETAL,5,14.84,157,14.777
2026-03-27,GOLDTEN,5,12.904,157,8.745
2026-03-30,GOLDGUINEA,5,15.224,154,10.871
2026-03-30,GOLDM,5,12.49,158,12.194
2026-03-30,GOLDPETAL,5,14.108,154,12.932
2026-03-30,GOLDTEN,5,13.376,154,10.222
2026-03-31,GOLDGUINEA,5,15.579,153,8.912
2026-03-31,GOLDM,5,9.794,157,9.813
2026-03-31,GOLDPETAL,5,13.976,153,14.114
2026-03-31,GOLDTEN,5,12.557,153,10.501
2026-04-01,GOLDGUINEA,6,12.803,182,25.112
2026-04-01,GOLDM,5,11.197,156,9.179
2026-04-01,GOLDPETAL,6,13.39,182,10.797
2026-04-01,GOLDTEN,6,13.839,182,8.93
2026-04-02,GOLDGUINEA,6,14.235,181,14.465
2026-04-02,GOLDM,5,11.1,155,7.779
2026-04-02,GOLDPETAL,6,13.319,181,4.368
2026-04-02,GOLDTEN,6,13.288,181,12.693
2026-04-06,GOLDGUINEA,6,14.634,177,10.968
2026-04-06,GOLDM,5,11.245,151,6.026
2026-04-06,GOLDPETAL,6,13.389,177,4.857
2026-04-06,GOLDTEN,6,13.351,177,11.496
2026-04-07,GOLDGUINEA,5,12.516,146,7.811
2026-04-07,GOLDM,6,9.803,181,9.125
2026-04-07,GOLDPETAL,6,12.195,176,2.77
2026-04-07,GOLDTEN,6,12.382,176,6.519
2026-04-08,GOLDGUINEA,6,13.029,175,15.742
2026-04-08,GOLDM,6,12.711,180,30.419
2026-04-08,GOLDPETAL,6,12.14,175,6.92
2026-04-08,GOLDTEN,6,12.682,175,5.888
2026-04-09,GOLDGUINEA,6,11.036,174,8.364
2026-04-09,GOLDM,6,9.538,179,12.867
2026-04-09,GOLDPETAL,6,11.508,174,3.456
2026-04-09,GOLDTEN,6,11.707,174,3.392
2026-04-10,GOLDGUINEA,6,12.451,173,8.801
2026-04-10,GOLDM,6,11.307,178,7.934
2026-04-10,GOLDPETAL,6,12.228,173,4.645
2026-04-10,GOLDTEN,6,12.075,173,6.066
2026-04-13,GOLDGUINEA,6,12.843,170,3.327
2026-04-13,GOLDM,6,10.469,175,5.076
2026-04-13,GOLDPETAL,6,12.384,170,5.016
2026-04-13,GOLDTEN,6,12.033,170,8.656
2026-04-14,GOLDGUINEA,6,12.663,169,5.438
2026-04-14,GOLDM,6,9.648,174,16.088
2026-04-14,GOLDPETAL,6,11.764,169,4.195
2026-04-14,GOLDTEN,6,12.345,169,4.901
2026-04-15,GOLDGUINEA,6,12.978,168,8.361
2026-04-15,GOLDM,6,11.635,173,16.72
2026-04-15,GOLDPETAL,6,12.179,168,4.946
2026-04-15,GOLDTEN,6,12.235,168,4.113
2026-04-16,GOLDGUINEA,6,13.691,167,17.132
2026-04-16,GOLDM,6,11.191,172,5.57
2026-04-16,GOLDPETAL,6,12.328,167,3.503
2026-04-16,GOLDTEN,6,12.383,167,1.744
2026-04-17,GOLDGUINEA,6,12.124,166,5.933
2026-04-17,GOLDM,6,11.263,171,9.232
2026-04-17,GOLDPETAL,6,12.086,166,3.315
2026-04-17,GOLDTEN,6,11.947,166,5.59
2026-04-20,GOLDGUINEA,6,13.507,163,3.944
2026-04-20,GOLDM,6,10.054,168,11.144
2026-04-20,GOLDPETAL,6,12.212,163,4.642
2026-04-20,GOLDTEN,6,12.617,163,6.656
2026-04-21,GOLDGUINEA,6,12.934,162,10.147
2026-04-21,GOLDM,6,12.843,167,27.368
2026-04-21,GOLDPETAL,6,13.079,162,5.832
2026-04-21,GOLDTEN,6,12.782,162,4.064
2026-04-22,GOLDGUINEA,6,12.925,161,9.917
2026-04-22,GOLDM,6,11.543,166,11.235
2026-04-22,GOLDPETAL,6,12.981,161,4.85
2026-04-22,GOLDTEN,6,12.433,161,6.857
2026-04-23,GOLDGUINEA,5,13.714,160,5.597
2026-04-23,GOLDM,6,12.598,165,20.695
2026-04-23,GOLDPETAL,5,13.022,160,4.061
2026-04-23,GOLDTEN,5,12.714,160,2.734
2026-04-24,GOLDGUINEA,5,12.661,159,7.206
2026-04-24,GOLDM,6,10.303,164,7.542
2026-04-24,GOLDPETAL,5,12.478,159,0.492
2026-04-24,GOLDTEN,5,12.23,159,6.338
2026-04-27,GOLDGUINEA,5,13.355,156,1.904
2026-04-27,GOLDM,6,11.624,161,8.444
2026-04-27,GOLDPETAL,5,13.013,156,2.535
2026-04-27,GOLDTEN,5,12.352,156,6.813
2026-04-28,GOLDGUINEA,5,13.776,155,2.813
2026-04-28,GOLDM,5,11.964,160,2.862
2026-04-28,GOLDPETAL,5,13.205,155,2.561
2026-04-28,GOLDTEN,5,12.813,155,5.865
2026-04-29,GOLDGUINEA,5,13.555,154,3.674
2026-04-29,GOLDM,5,11.944,159,3.018
2026-04-29,GOLDPETAL,5,13.281,154,2.668
2026-04-29,GOLDTEN,5,12.716,154,3.449
2026-04-30,GOLDGUINEA,5,12.826,153,6.233
2026-04-30,GOLDM,5,12.667,158,4.732
2026-04-30,GOLDPETAL,5,12.55,153,3.2
2026-04-30,GOLDTEN,5,12.615,153,5.65
2026-05-01,GOLDGUINEA,5,13.571,152,8.666
2026-05-01,GOLDM,5,12.841,157,3.587
2026-05-01,GOLDPETAL,6,12.586,182,2.907
2026-05-01,GOLDTEN,6,12.553,182,5.647
2026-05-04,GOLDGUINEA,6,14.0,179,6.73
2026-05-04,GOLDM,5,13.552,154,3.541
2026-05-04,GOLDPETAL,6,13.197,179,6.001
2026-05-04,GOLDTEN,6,13.5,179,0.995
2026-05-05,GOLDGUINEA,6,13.497,178,6.616
2026-05-05,GOLDM,5,13.666,153,3.003
2026-05-05,GOLDPETAL,6,13.203,178,3.605
2026-05-05,GOLDTEN,6,12.452,178,5.747
2026-05-06,GOLDGUINEA,6,12.469,177,5.772
2026-05-06,GOLDM,6,13.49,183,2.095
2026-05-06,GOLDPETAL,6,12.984,177,3.777
2026-05-06,GOLDTEN,6,12.432,177,8.023
2026-05-07,GOLDGUINEA,6,12.899,176,2.47
2026-05-07,GOLDM,6,14.119,182,10.605
2026-05-07,GOLDPETAL,6,12.87,176,3.879
2026-05-07,GOLDTEN,6,12.413,176,4.556
2026-05-08,GOLDGUINEA,5,12.167,145,5.527
2026-05-08,GOLDM,6,13.038,181,7.609
2026-05-08,GOLDPETAL,6,12.895,175,5.067
2026-05-08,GOLDTEN,6,12.638,175,5.006
2026-05-11,GOLDGUINEA,6,11.696,172,5.19
2026-05-11,GOLDM,6,13.149,178,10.036
2026-05-11,GOLDPETAL,6,12.855,172,3.358
2026-05-11,GOLDTEN,6,12.204,172,7.103
2026-05-12,GOLDGUINEA,6,11.961,171,10.768
2026-05-12,GOLDM,6,13.563,177,11.971
2026-05-12,GOLDPETAL,6,13.551,171,6.148
2026-05-12,GOLDTEN,6,12.828,171,6.852
2026-05-13,GOLDGUINEA,6,11.819,170,22.614
2026-05-13,GOLDM,6,14.775,176,17.076
2026-05-13,GOLDPETAL,6,14.119,170,7.531
2026-05-13,GOLDTEN,6,14.049,170,11.952
2026-05-14,GOLDGUINEA,6,13.044,169,12.234
2026-05-14,GOLDM,6,15.524,175,13.736
2026-05-14,GOLDPETAL,6,14.736,169,7.675
2026-05-14,GOLDTEN,6,15.179,169,5.213
2026-05-15,GOLDGUINEA,6,15.125,168,11.581
2026-05-15,GOLDM,6,16.416,174,10.259
2026-05-15,GOLDPETAL,6,16.686,168,3.958
2026-05-15,GOLDTEN,6,15.82,168,10.226
2026-05-18,GOLDGUINEA,6,13.855,165,7.334
2026-05-18,GOLDM,6,14.786,171,7.159
2026-05-18,GOLDPETAL,6,15.046,165,5.273
2026-05-18,GOLDTEN,6,14.373,165,4.235
2026-05-19,GOLDGUINEA,6,13.587,164,27.032
2026-05-19,GOLDM,6,13.071,170,9.55
2026-05-19,GOLDPETAL,6,12.813,164,5.981
2026-05-19,GOLDTEN,6,12.653,164,7.905
2026-05-20,GOLDGUINEA,6,11.031,163,12.287
2026-05-20,GOLDM,6,11.722,169,10.674
2026-05-20,GOLDPETAL,6,11.973,163,5.375
2026-05-20,GOLDTEN,6,12.114,163,6.578
2026-05-21,GOLDGUINEA,6,11.778,162,6.215
2026-05-21,GOLDM,6,11.756,168,7.81
2026-05-21,GOLDPETAL,6,12.195,162,4.437
2026-05-21,GOLDTEN,6,12.226,162,4.667
2026-05-22,GOLDGUINEA,5,13.069,161,6.926
2026-05-22,GOLDM,6,12.679,167,5.459
2026-05-22,GOLDPETAL,5,12.908,161,3.112
2026-05-22,GOLDTEN,5,12.368,161,3.831
2026-05-25,GOLDGUINEA,5,12.833,158,10.295
2026-05-25,GOLDM,6,13.232,164,9.742
2026-05-25,GOLDPETAL,5,12.678,158,2.32
2026-05-25,GOLDTEN,5,13.038,158,6.073
2026-05-26,GOLDGUINEA,5,14.534,157,5.71
2026-05-26,GOLDM,6,14.28,163,3.59
2026-05-26,GOLDPETAL,5,15.156,157,3.583
2026-05-26,GOLDTEN,5,14.201,157,2.868
2026-05-27,GOLDGUINEA,5,15.067,156,3.384
2026-05-27,GOLDM,6,14.708,162,11.013
2026-05-27,GOLDPETAL,5,15.143,156,4.426
2026-05-27,GOLDTEN,5,14.387,156,3.387
2026-05-28,GOLDGUINEA,5,14.231,155,6.161
2026-05-28,GOLDM,6,15.045,161,14.141
2026-05-28,GOLDPETAL,5,14.927,155,4.758
2026-05-28,GOLDTEN,5,14.655,155,6.469
2026-05-29,GOLDGUINEA,5,13.898,154,5.943
2026-05-29,GOLDM,5,14.717,160,12.042
2026-05-29,GOLDPETAL,5,14.475,154,2.375
2026-05-29,GOLDTEN,5,14.946,154,5.805
2026-06-01,GOLDGUINEA,6,15.176,182,6.807
2026-06-01,GOLDM,5,14.375,157,12.874
2026-06-01,GOLDPETAL,6,14.678,182,3.004
2026-06-01,GOLDTEN,6,14.65,182,5.995
2026-06-02,GOLDGUINEA,6,15.79,181,16.658
2026-06-02,GOLDM,5,14.983,156,9.823
2026-06-02,GOLDPETAL,6,15.303,181,2.467
2026-06-02,GOLDTEN,6,15.06,181,10.395
2026-06-03,GOLDGUINEA,5,14.811,149,5.993
2026-06-03,GOLDM,5,13.942,155,6.08
2026-06-03,GOLDPETAL,6,15.443,180,2.908
2026-06-03,GOLDTEN,6,14.408,180,4.789
2026-06-04,GOLDGUINEA,6,14.529,179,6.179
2026-06-04,GOLDM,5,12.537,154,13.074
2026-06-04,GOLDPETAL,6,14.546,179,3.675
2026-06-04,GOLDTEN,6,13.244,179,9.199
2026-06-05,GOLDGUINEA,6,16.126,178,14.187
2026-06-05,GOLDM,5,12.384,153,4.403
2026-06-05,GOLDPETAL,6,15.439,178,2.939
2026-06-05,GOLDTEN,6,12.787,178,4.731
2026-06-08,GOLDGUINEA,6,14.533,175,7.771
2026-06-08,GOLDM,6,12.126,179,12.479
2026-06-08,GOLDPETAL,6,14.423,175,1.813
2026-06-08,GOLDTEN,6,13.094,175,6.207
2026-06-09,GOLDGUINEA,6,14.745,174,12.74
2026-06-09,GOLDM,6,13.162,178,14.134
2026-06-09,GOLDPETAL,6,14.524,174,2.175
2026-06-09,GOLDTEN,6,13.647,174,4.695
2026-06-10,GOLDGUINEA,6,14.969,173,6.697
2026-06-10,GOLDM,6,13.98,177,16.032
2026-06-10,GOLDPETAL,6,14.735,173,1.752
2026-06-10,GOLDTEN,6,13.669,173,1.616
2026-06-11,GOLDGUINEA,6,14.388,172,11.264
2026-06-11,GOLDM,6,12.931,176,8.961
2026-06-11,GOLDPETAL,6,15.095,172,3.17
2026-06-11,GOLDTEN,6,13.338,172,8.383
2026-06-12,GOLDGUINEA,6,14.596,171,3.772
2026-06-12,GOLDM,6,12.666,175,14.425
2026-06-12,GOLDPETAL,6,14.62,171,5.469
2026-06-12,GOLDTEN,6,13.102,171,12.011
2026-06-15,GOLDGUINEA,6,15.04,168,4.952
2026-06-15,GOLDM,6,13.803,172,6.785
2026-06-15,GOLDPETAL,6,15.068,168,4.31
2026-06-15,GOLDTEN,6,14.341,168,7.366
2026-06-16,GOLDGUINEA,6,14.944,167,8.921
2026-06-16,GOLDM,6,13.99,171,11.469
2026-06-16,GOLDPETAL,6,14.713,167,7.432
2026-06-16,GOLDTEN,6,14.839,167,4.709
2026-06-17,GOLDGUINEA,6,14.154,166,6.578
2026-06-17,GOLDM,6,13.399,170,11.989
2026-06-17,GOLDPETAL,6,14.192,166,7.624
2026-06-17,GOLDTEN,6,14.32,166,5.245
2026-06-18,GOLDGUINEA,6,14.916,165,8.142
2026-06-18,GOLDM,6,14.196,169,7.697
2026-06-18,GOLDPETAL,6,15.21,165,5.196
2026-06-18,GOLDTEN,6,14.807,165,4.279
2026-06-19,GOLDGUINEA,6,14.916,164,5.816
2026-06-19,GOLDM,6,14.595,168,3.799
2026-06-19,GOLDPETAL,6,15.188,164,4.179
2026-06-19,GOLDTEN,6,15.231,164,5.241
2026-06-22,GOLDGUINEA,6,15.025,161,7.193
2026-06-22,GOLDM,6,14.933,165,6.899
2026-06-22,GOLDPETAL,6,15.13,161,3.895
2026-06-22,GOLDTEN,6,14.554,161,7.021
2026-06-23,GOLDGUINEA,5,15.268,160,5.753
2026-06-23,GOLDM,6,13.951,164,11.977
2026-06-23,GOLDPETAL,5,15.133,160,4.149
2026-06-23,GOLDTEN,5,14.635,160,7.067
2026-06-24,GOLDGUINEA,5,14.646,159,3.083
2026-06-24,GOLDM,6,14.925,163,16.983
2026-06-24,GOLDPETAL,5,15.329,159,2.754
2026-06-24,GOLDTEN,5,15.13,159,4.561
2026-06-25,GOLDGUINEA,5,15.801,158,6.711
2026-06-25,GOLDM,6,13.717,162,4.55
2026-06-25,GOLDPETAL,5,16.064,158,5.112
2026-06-25,GOLDTEN,5,15.07,158,3.019
2026-06-26,GOLDGUINEA,5,15.752,157,3.724
2026-06-26,GOLDM,5,13.948,161,7.136
2026-06-26,GOLDPETAL,5,15.883,157,5.753
2026-06-26,GOLDTEN,5,15.108,157,2.304
2026-06-29,GOLDGUINEA,5,15.276,154,2.724
2026-06-29,GOLDM,5,14.398,158,4.9
2026-06-29,GOLDPETAL,5,15.575,154,3.148
2026-06-29,GOLDTEN,5,14.946,154,3.697
2026-06-30,GOLDGUINEA,5,15.466,153,8.264
2026-06-30,GOLDM,5,14.308,157,5.616
2026-06-30,GOLDPETAL,5,15.895,153,4.544
2026-06-30,GOLDTEN,5,15.415,153,1.328
2026-07-01,GOLDGUINEA,6,14.332,183,3.43
2026-07-01,GOLDM,5,14.128,156,4.828
2026-07-01,GOLDPETAL,6,14.338,183,6.186
2026-07-01,GOLDTEN,6,14.274,183,7.12
2026-07-02,GOLDGUINEA,6,14.271,182,5.814
2026-07-02,GOLDM,5,14.18,155,4.942
2026-07-02,GOLDPETAL,6,14.291,182,7.356
2026-07-02,GOLDTEN,6,13.881,182,10.67
2026-07-03,GOLDGUINEA,6,14.388,181,5.517
2026-07-03,GOLDM,5,13.692,154,3.441
2026-07-03,GOLDPETAL,6,14.468,181,5.144
2026-07-03,GOLDTEN,6,14.187,181,2.711
2026-07-06,GOLDGUINEA,6,14.533,178,5.433
2026-07-06,GOLDM,6,14.036,183,4.329
2026-07-06,GOLDPETAL,6,14.134,178,6.331
2026-07-06,GOLDTEN,6,13.713,178,11.059
2026-07-07,GOLDGUINEA,6,14.578,177,2.183
2026-07-07,GOLDM,5,13.906,150,3.546
2026-07-07,GOLDPETAL,6,14.732,177,3.925
2026-07-07,GOLDTEN,6,14.223,177,3.004
2026-07-08,GOLDGUINEA,6,14.392,176,6.79
2026-07-08,GOLDM,6,13.629,181,4.149
2026-07-08,GOLDPETAL,6,14.527,176,9.538
2026-07-08,GOLDTEN,6,14.371,176,4.23
2026-07-09,GOLDGUINEA,6,14.122,175,2.366
2026-07-09,GOLDM,6,12.35,180,20.358
2026-07-09,GOLDPETAL,6,14.485,175,4.739
2026-07-09,GOLDTEN,6,13.454,175,4.046
2026-07-10,GOLDGUINEA,6,13.615,174,3.95
2026-07-10,GOLDM,6,14.482,179,37.708
2026-07-10,GOLDPETAL,6,14.521,174,3.849
2026-07-10,GOLDTEN,6,13.022,174,3.214
2026-07-13,GOLDGUINEA,6,13.468,171,5.361
2026-07-13,GOLDM,6,13.523,176,40.232
2026-07-13,GOLDPETAL,6,13.778,171,2.882
2026-07-13,GOLDTEN,6,12.021,171,6.138
2026-07-14,GOLDGUINEA,6,10.719,170,7.356
2026-07-14,GOLDM,6,8.928,175,11.63
2026-07-14,GOLDPETAL,6,11.041,170,5.63
2026-07-14,GOLDTEN,6,10.193,170,7.212
2026-07-15,GOLDGUINEA,6,10.197,169,9.194
2026-07-15,GOLDM,6,7.1,174,6.824
2026-07-15,GOLDPETAL,6,10.044,169,3.648
2026-07-15,GOLDTEN,6,8.321,169,9.621
2026-07-16,GOLDGUINEA,6,7.431,168,8.713
2026-07-16,GOLDM,6,4.312,173,14.875
2026-07-16,GOLDPETAL,6,7.523,168,2.957
2026-07-16,GOLDTEN,6,4.81,168,14.544
2026-07-17,GOLDGUINEA,6,6.889,167,19.442
2026-07-17,GOLDM,6,3.913,172,12.391
2026-07-17,GOLDPETAL,6,6.72,167,7.052
2026-07-17,GOLDTEN,6,4.419,167,10.908
2026-07-20,GOLDGUINEA,6,7.265,164,6.186
2026-07-20,GOLDM,6,5.195,169,9.793
2026-07-20,GOLDPETAL,6,7.564,164,5.63
2026-07-20,GOLDTEN,6,5.098,164,12.473
2026-07-21,GOLDGUINEA,6,7.817,163,10.26
2026-07-21,GOLDM,6,5.43,168,9.826
2026-07-21,GOLDPETAL,6,7.903,163,8.912
2026-07-21,GOLDTEN,6,5.975,163,14.404
2026-07-22,GOLDGUINEA,6,9.239,162,13.559
2026-07-22,GOLDM,6,6.591,167,6.017
2026-07-22,GOLDPETAL,6,9.321,162,15.145
2026-07-22,GOLDTEN,6,7.197,162,20.598
2026-07-23,GOLDGUINEA,6,10.3,161,7.922
2026-07-23,GOLDM,6,6.081,166,6.59
2026-07-23,GOLDPETAL,6,9.28,161,7.269
2026-07-23,GOLDTEN,6,6.863,161,12.815
2026-07-24,GOLDGUINEA,5,10.062,160,11.42
2026-07-24,GOLDM,6,5.42,165,7.354
2026-07-24,GOLDPETAL,5,9.274,160,5.658
2026-07-24,GOLDTEN,5,5.874,160,5.149
2026-07-27,GOLDGUINEA,5,9.466,157,11.099
2026-07-27,GOLDM,6,5.738,162,8.62
2026-07-27,GOLDPETAL,5,9.292,157,7.229
2026-07-27,GOLDTEN,5,6.304,157,3.048
2026-07-28,GOLDGUINEA,5,11.391,156,8.262
2026-07-28,GOLDM,6,5.929,161,9.622
2026-07-28,GOLDPETAL,5,10.772,156,7.01
2026-07-28,GOLDTEN,5,6.82,156,7.39
2026-07-29,GOLDGUINEA,5,10.306,155,5.534
2026-07-29,GOLDM,5,5.704,160,5.318
2026-07-29,GOLDPETAL,5,10.587,155,5.834
2026-07-29,GOLDTEN,5,6.542,155,14.615
2026-07-30,GOLDGUINEA,5,9.182,154,9.21
2026-07-30,GOLDM,5,5.908,159,4.831
2026-07-30,GOLDPETAL,5,9.929,154,10.358
2026-07-30,GOLDTEN,5,6.286,154,15.155
2026-07-31,GOLDGUINEA,5,10.186,153,8.663
2026-07-31,GOLDM,5,6.306,158,3.98
2026-07-31,GOLDPETAL,5,9.863,153,5.736
2026-07-31,GOLDTEN,5,7.276,153,7.691
2026-08-03,GOLDGUINEA,6,11.285,179,16.481
2026-08-03,GOLDM,5,6.302,155,4.583
2026-08-03,GOLDPETAL,6,10.021,179,8.234
2026-08-03,GOLDTEN,6,7.247,179,10.326
2026-08-04,GOLDGUINEA,5,9.356,149,6.43
2026-08-04,GOLDM,5,6.141,154,5.047
2026-08-04,GOLDPETAL,6,9.13,178,6.431
2026-08-04,GOLDTEN,6,7.427,178,10.68
2026-08-05,GOLDGUINEA,6,7.798,177,19.86
2026-08-05,GOLDM,5,7.03,153,7.782
2026-08-05,GOLDPETAL,6,8.952,177,9.595
2026-08-05,GOLDTEN,6,7.215,177,14.063
2026-08-06,GOLDGUINEA,6,9.058,176,8.478
2026-08-06,GOLDM,5,6.873,152,7.568
2026-08-06,GOLDPETAL,6,9.056,176,5.69
2026-08-06,GOLDTEN,6,7.676,176,11.932
2026-08-07,GOLDGUINEA,6,8.679,175,12.624
2026-08-07,GOLDM,6,6.259,182,19.152
2026-08-07,GOLDPETAL,6,9.969,175,6.053
2026-08-07,GOLDTEN,6,8.017,175,11.983
2026-08-10,GOLDGUINEA,6,9.591,172,7.446
2026-08-10,GOLDM,6,6.998,179,6.411
2026-08-10,GOLDPETAL,6,9.828,172,4.496
2026-08-10,GOLDTEN,6,7.838,172,10.693
2026-08-11,GOLDGUINEA,6,10.549,171,6.011
2026-08-11,GOLDM,6,8.139,178,4.268
2026-08-11,GOLDPETAL,6,10.209,171,3.924
2026-08-11,GOLDTEN,6,8.517,171,9.103
2026-08-12,GOLDGUINEA,6,10.551,170,6.542
2026-08-12,GOLDM,6,8.054,177,3.743
2026-08-12,GOLDPETAL,6,10.195,170,4.503
2026-08-12,GOLDTEN,6,8.927,170,6.9
2026-08-13,GOLDGUINEA,6,10.871,169,4.561
2026-08-13,GOLDM,6,8.588,176,3.753
2026-08-13,GOLDPETAL,6,10.684,169,1.688
2026-08-13,GOLDTEN,6,9.436,169,4.706
2026-08-14,GOLDGUINEA,6,10.198,168,4.684
2026-08-14,GOLDM,6,8.45,175,3.495
2026-08-14,GOLDPETAL,6,10.369,168,4.396
2026-08-14,GOLDTEN,6,9.105,168,6.821
2026-08-17,GOLDGUINEA,6,9.774,165,5.198
2026-08-17,GOLDM,6,8.297,172,4.448
2026-08-17,GOLDPETAL,6,10.105,165,3.161
2026-08-17,GOLDTEN,6,8.989,165,6.327
2026-08-18,GOLDGUINEA,6,10.635,164,6.871
2026-08-18,GOLDM,6,8.714,171,4.408
2026-08-18,GOLDPETAL,6,10.514,164,2.749
2026-08-18,GOLDTEN,6,9.325,164,4.66
2026-08-19,GOLDGUINEA,6,9.798,163,3.041
2026-08-19,GOLDM,6,8.156,170,3.801
2026-08-19,GOLDPETAL,6,9.785,163,4.671
2026-08-19,GOLDTEN,6,8.677,163,8.158
2026-08-20,GOLDGUINEA,6,10.764,162,8.362
2026-08-20,GOLDM,6,8.787,169,4.39
2026-08-20,GOLDPETAL,6,10.278,162,3.703
2026-08-20,GOLDTEN,6,9.216,162,4.849
2026-08-21,GOLDGUINEA,6,10.507,161,2.489
2026-08-21,GOLDM,6,8.649,168,4.569
2026-08-21,GOLDPETAL,6,10.427,161,5.356
2026-08-21,GOLDTEN,6,9.522,161,6.412
2026-08-24,GOLDGUINEA,5,11.53,158,9.187
2026-08-24,GOLDM,6,9.213,165,1.29
2026-08-24,GOLDPETAL,5,10.515,158,2.32
2026-08-24,GOLDTEN,5,9.886,158,6.624
2026-08-25,GOLDGUINEA,5,11.015,157,11.122
2026-08-25,GOLDM,6,8.505,164,2.371
2026-08-25,GOLDPETAL,5,10.329,157,2.87
2026-08-25,GOLDTEN,5,8.922,157,4.273
2026-08-26,GOLDGUINEA,5,10.35,156,4.58
2026-08-26,GOLDM,6,7.312,163,3.3
2026-08-26,GOLDPETAL,5,10.306,156,7.075
2026-08-26,GOLDTEN,5,7.951,156,5.213
2026-08-27,GOLDGUINEA,5,9.62,155,4.378
2026-08-27,GOLDM,6,6.661,162,6.588
2026-08-27,GOLDPETAL,5,8.947,155,3.46
2026-08-27,GOLDTEN,5,7.758,155,7.76
2026-08-28,GOLDGUINEA,5,10.399,154,5.514
2026-08-28,GOLDM,5,7.63,161,4.383
2026-08-28,GOLDPETAL,5,9.593,154,3.612
2026-08-28,GOLDTEN,5,8.7,154,4.984
2026-08-31,GOLDGUINEA,5,8.999,151,11.552
2026-08-31,GOLDM,5,6.398,158,9.7
2026-08-31,GOLDPETAL,5,7.93,151,9.763
2026-08-31,GOLDTEN,5,7.485,151,10.07
2026-09-01,GOLDGUINEA,6,10.056,178,9.006
2026-09-01,GOLDM,5,7.234,157,4.937
2026-09-01,GOLDPETAL,6,8.781,178,5.112
2026-09-01,GOLDTEN,6,8.822,178,12.102
2026-09-02,GOLDGUINEA,6,9.769,177,6.035
2026-09-02,GOLDM,5,7.801,156,4.587
2026-09-02,GOLDPETAL,6,9.047,177,5.105
2026-09-02,GOLDTEN,6,8.266,177,4.795
2026-09-03,GOLDGUINEA,6,9.536,176,6.131
2026-09-03,GOLDM,5,7.814,155,5.85
2026-09-03,GOLDPETAL,6,8.905,176,6.202
2026-09-03,GOLDTEN,6,8.492,176,7.213
2026-09-04,GOLDGUINEA,6,10.625,175,10.592
2026-09-04,GOLDM,5,7.195,154,6.856
2026-09-04,GOLDPETAL,6,9.472,175,7.921
2026-09-04,GOLDTEN,6,8.983,175,13.973
2026-09-07,GOLDGUINEA,6,10.038,172,12.335
2026-09-07,GOLDM,6,7.482,179,9.569
2026-09-07,GOLDPETAL,6,8.821,172,6.415
2026-09-07,GOLDTEN,6,8.048,172,7.479
2026-09-08,GOLDGUINEA,6,10.441,171,14.208
2026-09-08,GOLDM,5,7.735,150,6.241
2026-09-08,GOLDPETAL,6,9.597,171,7.927
2026-09-08,GOLDTEN,6,8.896,171,7.257
2026-09-09,GOLDGUINEA,6,10.034,170,14.543
2026-09-09,GOLDM,6,7.595,177,9.752
2026-09-09,GOLDPETAL,6,8.973,170,8.751
2026-09-09,GOLDTEN,6,7.651,170,5.987
2026-09-10,GOLDGUINEA,6,10.547,169,9.521
2026-09-10,GOLDM,6,7.815,176,7.763
2026-09-10,GOLDPETAL,6,9.572,169,9.864
2026-09-10,GOLDTEN,6,8.711,169,10.987
2026-09-11,GOLDGUINEA,6,9.787,168,10.987
2026-09-11,GOLDM,6,6.823,175,12.466
2026-09-11,GOLDPETAL,6,8.859,168,9.308
2026-09-11,GOLDTEN,6,8.281,168,12.636
2026-09-14,GOLDGUINEA,6,10.129,165,7.583
2026-09-14,GOLDM,6,7.197,172,7.204
2026-09-14,GOLDPETAL,6,9.489,165,10.751
2026-09-14,GOLDTEN,6,8.249,165,11.031
2026-09-15,GOLDGUINEA,6,10.315,164,11.958
2026-09-15,GOLDM,6,7.386,171,9.48
2026-09-15,GOLDPETAL,6,9.541,164,10.454
2026-09-15,GOLDTEN,6,8.651,164,13.309
2026-09-16,GOLDGUINEA,6,9.37,163,8.499
2026-09-16,GOLDM,6,7.002,170,11.285
2026-09-16,GOLDPETAL,6,8.849,163,9.219
2026-09-16,GOLDTEN,6,8.13,163,10.848
2026-09-17,GOLDGUINEA,6,9.611,162,9.117
2026-09-17,GOLDM,6,7.619,169,9.644
2026-09-17,GOLDPETAL,6,9.217,162,9.815
2026-09-17,GOLDTEN,6,8.147,162,11.757
2026-09-18,GOLDGUINEA,6,9.682,161,7.397
2026-09-18,GOLDM,6,7.444,168,8.253
2026-09-18,GOLDPETAL,6,9.126,161,8.244
2026-09-18,GOLDTEN,6,8.372,161,10.615
2026-09-21,GOLDGUINEA,6,11.007,158,7.097
2026-09-21,GOLDM,6,8.87,165,6.787
2026-09-21,GOLDPETAL,6,10.315,158,6.984
2026-09-21,GOLDTEN,6,9.522,158,8.652
2026-09-22,GOLDGUINEA,6,11.546,157,2.901
2026-09-22,GOLDM,6,8.665,164,5.975
2026-09-22,GOLDPETAL,6,10.719,157,6.45
2026-09-22,GOLDTEN,6,9.759,157,8.089
2026-09-23,GOLDGUINEA,5,12.964,156,10.766
2026-09-23,GOLDM,6,10.478,163,13.339
2026-09-23,GOLDPETAL,5,11.282,156,5.134
2026-09-23,GOLDTEN,5,11.02,156,10.568
2026-09-24,GOLDGUINEA,5,12.4,155,3.742
2026-09-24,GOLDM,6,9.478,162,3.427
2026-09-24,GOLDPETAL,5,11.432,155,3.376
2026-09-24,GOLDTEN,5,10.997,155,5.749
2026-09-25,GOLDGUINEA,5,12.519,154,6.812
2026-09-25,GOLDM,6,10.021,161,6.138
2026-09-25,GOLDPETAL,5,11.736,154,3.151
2026-09-25,GOLDTEN,5,10.23,154,5.668
2026-09-28,GOLDGUINEA,5,9.649,151,2.196
2026-09-28,GOLDM,5,9.459,158,7.317
2026-09-28,GOLDPETAL,5,10.451,151,8.011
2026-09-28,GOLDTEN,5,9.843,151,6.806
2026-09-29,GOLDGUINEA,5,9.952,150,2.099
2026-09-29,GOLDM,5,10.333,157,8.374
2026-09-29,GOLDPETAL,5,10.968,150,6.573
2026-09-29,GOLDTEN,5,10.459,150,3.059
2026-09-30,GOLDGUINEA,5,10.799,149,3.783
2026-09-30,GOLDM,5,10.476,156,4.344
2026-09-30,GOLDPETAL,5,11.512,149,2.758
2026-09-30,GOLDTEN,5,11.123,149,3.012
2026-10-01,GOLDGUINEA,5,10.275,148,4.18
2026-10-01,GOLDM,5,11.022,155,6.074
2026-10-01,GOLDPETAL,6,10.991,181,4.897
2026-10-01,GOLDTEN,6,10.17,181,14.25
