month,GOLDGUINEA,GOLDM,GOLDPETAL,GOLDTEN
2023-10,5.95,5.7,6.61,
2023-11,3.63,3.97,7.02,
2023-12,5.07,4.51,7.16,
2024-01,5.3,3.73,7.65,
2024-02,4.46,4.83,7.41,
2024-03,4.77,5.01,5.27,
2024-04,1.69,-0.45,2.32,
2024-05,1.95,1.96,4.53,
2024-06,3.54,3.19,5.73,
2024-07,4.29,4.74,7.31,
2024-08,5.67,6.21,9.3,
2024-09,5.93,5.77,9.1,
2024-10,7.01,6.12,7.9,
2024-11,,,5.08,
2025-01,7.58,7.51,7.8,
2025-02,5.88,5.26,6.12,
2025-03,5.43,5.33,4.57,
2025-04,5.09,4.17,5.08,2.26
2025-05,5.31,5.07,5.53,5.07
2025-06,6.0,6.04,5.97,6.45
2025-07,6.8,6.04,6.28,6.18
2025-08,7.25,6.07,6.84,5.94
2025-09,7.79,6.31,7.32,6.36
2025-10,8.43,7.6,7.79,7.77
2025-11,9.61,8.8,8.36,9.23
2025-12,14.4,14.54,14.64,14.69
2026-01,21.86,18.19,20.46,18.74
2026-02,19.2,14.78,17.95,18.72
2026-03,17.82,15.37,16.59,17.77
2026-04,12.93,11.26,12.48,12.43
2026-05,13.07,13.56,13.2,12.83
2026-06,14.96,13.95,15.13,14.59
2026-07,10.31,6.59,10.59,7.28
2026-08,10.35,8.05,10.1,8.68
2026-09,10.09,7.77,9.52,8.77
2026-10,10.28,11.02,10.99,10.17
