symbol,bucket,kg_median,oi_lots_median,no_trade_pct,days
GOLDGUINEA,"(-0.001, 5.0]",1.35,330.0,1.04,192
GOLDGUINEA,"(5.0, 10.0]",31.59,4280.0,0.0,163
GOLDGUINEA,"(10.0, 20.0]",42.34,5630.5,0.0,330
GOLDGUINEA,"(20.0, 40.0]",25.46,5204.5,0.0,632
GOLDGUINEA,"(40.0, 60.0]",8.26,2062.0,0.65,614
GOLDGUINEA,"(60.0, 80.0]",1.54,310.5,10.56,606
GOLDGUINEA,"(80.0, 100.0]",1.59,484.5,15.94,320
GOLDGUINEA,"(100.0, 130.0]",0.73,210.0,1.03,291
GOLDM,"(-0.001, 5.0]",172.1,2809.0,0.0,196
GOLDM,"(5.0, 10.0]",2293.2,18953.0,0.0,160
GOLDM,"(10.0, 20.0]",2762.0,25732.0,0.0,327
GOLDM,"(20.0, 40.0]",1340.0,15577.0,0.0,637
GOLDM,"(40.0, 60.0]",327.05,4592.0,0.16,628
GOLDM,"(60.0, 80.0]",125.35,2044.0,1.39,288
GOLDM,"(80.0, 100.0]",60.2,1200.0,0.0,201
GOLDM,"(100.0, 130.0]",14.95,256.0,1.45,276
GOLDPETAL,"(-0.001, 5.0]",1.38,2584.0,0.0,192
GOLDPETAL,"(5.0, 10.0]",54.73,49991.0,0.0,163
GOLDPETAL,"(10.0, 20.0]",64.26,78916.5,0.0,330
GOLDPETAL,"(20.0, 40.0]",39.41,68847.0,0.0,649
GOLDPETAL,"(40.0, 60.0]",13.45,25423.0,0.0,649
GOLDPETAL,"(60.0, 80.0]",2.99,5711.0,1.24,646
GOLDPETAL,"(80.0, 100.0]",5.19,9623.0,2.02,347
GOLDPETAL,"(100.0, 130.0]",3.29,5754.0,0.0,321
GOLDTEN,"(-0.001, 5.0]",24.02,2005.0,0.0,99
GOLDTEN,"(5.0, 10.0]",136.21,11699.0,0.0,83
GOLDTEN,"(10.0, 20.0]",162.88,14620.0,0.0,170
GOLDTEN,"(20.0, 40.0]",106.08,13011.0,0.32,316
GOLDTEN,"(40.0, 60.0]",42.83,7249.0,0.32,315
GOLDTEN,"(60.0, 80.0]",18.5,2945.0,0.44,229
GOLDTEN,"(80.0, 100.0]",7.58,2021.5,0.0,202
GOLDTEN,"(100.0, 130.0]",1.87,310.5,0.0,292
