run,what,expiry,entry,exit,last_safe_exit,bdays_before_safe,inside_life,outside_tender,net_5bp
A_test,GOLDGUINEA-GOLDPETAL,2025-05-30,2025-05-06,2025-05-07,2025-05-23,12,True,True,-631.6517141139741
A_test,GOLDGUINEA-GOLDPETAL,2025-05-30,2025-05-08,2025-05-13,2025-05-23,8,True,True,-102.02847567576146
A_test,GOLDGUINEA-GOLDTEN,2025-05-30,2025-05-21,2025-05-27,2025-05-23,-2,True,False,-924.2599932732452
A_test,GOLDPETAL-GOLDTEN,2025-05-30,2025-05-07,2025-05-13,2025-05-23,8,True,True,1108.1113499098792
A_test,GOLDGUINEA-GOLDPETAL,2025-06-30,2025-05-05,2025-05-06,2025-06-23,34,True,True,-884.3175171170461
A_test,GOLDGUINEA-GOLDPETAL,2025-06-30,2025-05-13,2025-05-21,2025-06-23,23,True,True,-151.48997717711654
A_test,GOLDGUINEA-GOLDPETAL,2025-06-30,2025-06-10,2025-06-11,2025-06-23,8,True,True,-1067.153411411556
A_test,GOLDGUINEA-GOLDTEN,2025-06-30,2025-05-21,2025-05-28,2025-06-23,18,True,True,527.0537069068556
A_test,GOLDPETAL-GOLDTEN,2025-06-30,2025-05-21,2025-05-28,2025-06-23,18,True,True,455.7488264263764
A_test,GOLDGUINEA-GOLDPETAL,2025-07-31,2025-05-14,2025-05-22,2025-07-24,45,True,True,-241.17761201202305
A_test,GOLDGUINEA-GOLDPETAL,2025-07-31,2025-06-03,2025-06-11,2025-07-24,31,True,True,-267.2951597598433
A_test,GOLDGUINEA-GOLDPETAL,2025-07-31,2025-06-25,2025-07-10,2025-07-24,10,True,True,-1454.0703015014224
A_test,GOLDGUINEA-GOLDPETAL,2025-07-31,2025-07-16,2025-07-17,2025-07-24,5,True,True,-1206.4108660660636
A_test,GOLDGUINEA-GOLDPETAL,2025-07-31,2025-07-21,2025-07-28,2025-07-24,-2,True,False,-1203.152407207423
A_test,GOLDGUINEA-GOLDTEN,2025-07-31,2025-05-21,2025-05-28,2025-07-24,41,True,True,1092.6395448648198
A_test,GOLDGUINEA-GOLDTEN,2025-07-31,2025-07-02,2025-07-09,2025-07-24,11,True,True,-61.5906031229913
A_test,GOLDGUINEA-GOLDTEN,2025-07-31,2025-07-15,2025-07-24,2025-07-24,0,True,True,5.0545547146998615
A_test,GOLDPETAL-GOLDTEN,2025-07-31,2025-05-21,2025-05-28,2025-07-24,41,True,True,956.1226325525096
A_test,GOLDPETAL-GOLDTEN,2025-07-31,2025-07-14,2025-07-25,2025-07-24,-1,True,False,-416.1795987987348
A_hold,GOLDGUINEA-GOLDPETAL,2025-08-29,2025-08-20,2025-08-21,2025-08-22,1,True,True,-2514.9346624625136
A_hold,GOLDGUINEA-GOLDTEN,2025-08-29,2025-08-20,2025-08-21,2025-08-22,1,True,True,-1055.1517781381522
A_hold,GOLDGUINEA-GOLDPETAL,2025-09-30,2025-08-20,2025-08-25,2025-09-23,21,True,True,-588.2781801801866
A_hold,GOLDGUINEA-GOLDPETAL,2025-09-30,2025-08-26,2025-08-29,2025-09-23,17,True,True,-453.41494354355245
A_hold,GOLDGUINEA-GOLDPETAL,2025-09-30,2025-09-22,2025-09-26,2025-09-23,-3,True,False,1594.6460588588188
A_hold,GOLDGUINEA-GOLDTEN,2025-09-30,2025-09-16,2025-09-19,2025-09-23,2,True,True,-1515.545790510563
A_hold,GOLDGUINEA-GOLDTEN,2025-09-30,2025-09-23,2025-09-24,2025-09-23,-1,True,False,-649.5663680479684
A_hold,GOLDPETAL-GOLDTEN,2025-09-30,2025-08-27,2025-09-04,2025-09-23,13,True,True,-579.7495702100282
A_hold,GOLDPETAL-GOLDTEN,2025-09-30,2025-09-16,2025-09-17,2025-09-23,4,True,True,-1586.8154781982498
A_hold,GOLDPETAL-GOLDTEN,2025-09-30,2025-09-22,2025-09-24,2025-09-23,-1,True,False,290.01282978976883
A_hold,GOLDGUINEA-GOLDPETAL,2025-10-31,2025-08-12,2025-08-13,2025-10-24,52,True,True,-1003.1664906906911
A_hold,GOLDGUINEA-GOLDPETAL,2025-10-31,2025-09-25,2025-10-14,2025-10-24,8,True,True,-741.2180510509127
A_hold,GOLDGUINEA-GOLDPETAL,2025-10-31,2025-10-20,2025-10-24,2025-10-24,0,True,True,-1085.630480480556
A_hold,GOLDGUINEA-GOLDTEN,2025-10-31,2025-08-19,2025-08-25,2025-10-24,44,True,True,882.534981861761
A_hold,GOLDGUINEA-GOLDTEN,2025-10-31,2025-09-17,2025-09-23,2025-10-24,23,True,True,-1158.8193502703136
A_hold,GOLDGUINEA-GOLDTEN,2025-10-31,2025-10-01,2025-10-14,2025-10-24,8,True,True,-1302.3113788588437
A_hold,GOLDGUINEA-GOLDTEN,2025-10-31,2025-10-23,2025-10-24,2025-10-24,0,True,True,-3692.743174174109
A_hold,GOLDPETAL-GOLDTEN,2025-10-31,2025-08-27,2025-09-04,2025-10-24,36,True,True,-969.4913455856308
A_hold,GOLDPETAL-GOLDTEN,2025-10-31,2025-09-17,2025-09-23,2025-10-24,23,True,True,-1244.7192643843537
A_hold,GOLDPETAL-GOLDTEN,2025-10-31,2025-10-10,2025-10-14,2025-10-24,8,True,True,-1166.8762978979285
A_hold,GOLDPETAL-GOLDTEN,2025-10-31,2025-10-17,2025-10-23,2025-10-24,1,True,True,925.3781434233769
A_hold,GOLDGUINEA-GOLDPETAL,2025-11-28,2025-08-25,2025-08-29,2025-11-21,60,True,True,-247.1912972972364
A_hold,GOLDGUINEA-GOLDPETAL,2025-11-28,2025-09-19,2025-09-24,2025-11-21,42,True,True,-1131.6968210208756
A_hold,GOLDGUINEA-GOLDPETAL,2025-11-28,2025-10-01,2025-10-07,2025-11-21,33,True,True,-864.3996348349126
A_hold,GOLDGUINEA-GOLDPETAL,2025-11-28,2025-10-20,2025-10-28,2025-11-21,18,True,True,-577.3665273274833
A_hold,GOLDGUINEA-GOLDPETAL,2025-11-28,2025-11-20,2025-11-25,2025-11-21,-2,True,False,922.885594594708
A_hold,GOLDGUINEA-GOLDTEN,2025-11-28,2025-09-17,2025-09-23,2025-11-21,43,True,True,-521.0628120120359
A_hold,GOLDGUINEA-GOLDTEN,2025-11-28,2025-10-09,2025-10-14,2025-11-21,28,True,True,-744.9382114113605
A_hold,GOLDGUINEA-GOLDTEN,2025-11-28,2025-10-23,2025-10-28,2025-11-21,18,True,True,-1096.7474391591177
A_hold,GOLDGUINEA-GOLDTEN,2025-11-28,2025-11-05,2025-11-11,2025-11-21,8,True,True,-318.65432036043217
A_hold,GOLDPETAL-GOLDTEN,2025-11-28,2025-09-17,2025-09-23,2025-11-21,43,True,True,-982.1793825825996
A_hold,GOLDPETAL-GOLDTEN,2025-11-28,2025-10-10,2025-10-14,2025-11-21,28,True,True,-1681.6592836036557
A_hold,GOLDPETAL-GOLDTEN,2025-11-28,2025-10-20,2025-10-23,2025-11-21,21,True,True,-1440.3065590390515
A_hold,GOLDPETAL-GOLDTEN,2025-11-28,2025-11-04,2025-11-11,2025-11-21,8,True,True,-389.6909136337333
A_hold,GOLDPETAL-GOLDTEN,2025-11-28,2025-11-18,2025-11-25,2025-11-21,-2,True,False,-1341.2222861260375
A_hold,GOLDGUINEA-GOLDPETAL,2025-12-31,2025-09-24,2025-09-25,2025-12-24,64,True,True,-704.4623045045114
A_hold,GOLDGUINEA-GOLDPETAL,2025-12-31,2025-10-09,2025-10-13,2025-12-24,52,True,True,528.2507363363102
A_hold,GOLDGUINEA-GOLDPETAL,2025-12-31,2025-11-17,2025-11-21,2025-12-24,23,True,True,-340.3722636636046
A_hold,GOLDGUINEA-GOLDPETAL,2025-12-31,2025-11-26,2025-12-05,2025-12-24,13,True,True,-897.3127303304091
A_hold,GOLDGUINEA-GOLDPETAL,2025-12-31,2025-12-17,2025-12-29,2025-12-24,-3,True,False,-1349.172439639567
A_hold,GOLDGUINEA-GOLDTEN,2025-12-31,2025-10-09,2025-10-15,2025-12-24,50,True,True,430.7072481682453
A_hold,GOLDGUINEA-GOLDTEN,2025-12-31,2025-11-05,2025-11-11,2025-12-24,31,True,True,-975.6599463063249
A_hold,GOLDGUINEA-GOLDTEN,2025-12-31,2025-11-18,2025-11-24,2025-12-24,22,True,True,-841.8626575375579
A_hold,GOLDGUINEA-GOLDTEN,2025-12-31,2025-12-01,2025-12-05,2025-12-24,13,True,True,-730.4151810210878
A_hold,GOLDGUINEA-GOLDTEN,2025-12-31,2025-12-10,2025-12-12,2025-12-24,8,True,True,-227.6173363363523
A_hold,GOLDPETAL-GOLDTEN,2025-12-31,2025-10-14,2025-10-15,2025-12-24,50,True,True,-1567.595415735761
A_hold,GOLDPETAL-GOLDTEN,2025-12-31,2025-10-20,2025-10-24,2025-12-24,43,True,True,-852.2939637236286
A_hold,GOLDPETAL-GOLDTEN,2025-12-31,2025-11-05,2025-11-11,2025-12-24,31,True,True,-1001.2147949549732
A_hold,GOLDPETAL-GOLDTEN,2025-12-31,2025-11-21,2025-11-26,2025-12-24,20,True,True,-1155.1693078679134
A_hold,GOLDPETAL-GOLDTEN,2025-12-31,2025-12-01,2025-12-05,2025-12-24,13,True,True,-1873.2057960359407
A_hold,GOLDPETAL-GOLDTEN,2025-12-31,2025-12-09,2025-12-12,2025-12-24,8,True,True,-809.5603906305801
A_hold,GOLDGUINEA-GOLDPETAL,2026-01-30,2025-10-13,2025-10-20,2026-01-23,69,True,True,-370.3240702701387
A_hold,GOLDGUINEA-GOLDPETAL,2026-01-30,2025-11-17,2025-11-21,2026-01-23,45,True,True,487.15103423413575
A_hold,GOLDGUINEA-GOLDPETAL,2026-01-30,2025-12-10,2025-12-12,2026-01-23,30,True,True,-1369.381109309236
A_hold,GOLDGUINEA-GOLDPETAL,2026-01-30,2025-12-16,2026-01-05,2026-01-23,14,True,True,-1461.9447909910627
A_hold,GOLDGUINEA-GOLDPETAL,2026-01-30,2026-01-20,2026-01-22,2026-01-23,1,True,True,-162.43998018027355
A_hold,GOLDGUINEA-GOLDTEN,2026-01-30,2025-10-22,2025-10-23,2026-01-23,66,True,True,-2135.688419459432
A_hold,GOLDGUINEA-GOLDTEN,2026-01-30,2025-12-10,2025-12-12,2026-01-23,30,True,True,91.01287939934946
A_hold,GOLDGUINEA-GOLDTEN,2026-01-30,2025-12-29,2026-01-07,2026-01-23,12,True,True,-2417.9150624626222
A_hold,GOLDGUINEA-GOLDTEN,2026-01-30,2026-01-13,2026-01-21,2026-01-23,2,True,True,19148.96503147143
A_hold,GOLDGUINEA-GOLDTEN,2026-01-30,2026-01-22,2026-01-27,2026-01-23,-2,True,False,11664.062007447515
A_hold,GOLDPETAL-GOLDTEN,2026-01-30,2025-10-20,2025-10-23,2026-01-23,66,True,True,-100.3759087086246
A_hold,GOLDPETAL-GOLDTEN,2026-01-30,2025-10-30,2025-11-03,2026-01-23,59,True,True,-142.53872528518514
A_hold,GOLDPETAL-GOLDTEN,2026-01-30,2025-11-20,2025-11-26,2026-01-23,42,True,True,1195.200895615798
A_hold,GOLDPETAL-GOLDTEN,2026-01-30,2025-12-11,2025-12-12,2026-01-23,30,True,True,-1485.6323757357193
A_hold,GOLDPETAL-GOLDTEN,2026-01-30,2025-12-30,2026-01-09,2026-01-23,10,True,True,-930.1376124925284
A_hold,GOLDPETAL-GOLDTEN,2026-01-30,2026-01-13,2026-01-20,2026-01-23,3,True,True,3633.795444084126
A_hold,GOLDPETAL-GOLDTEN,2026-01-30,2026-01-22,2026-01-27,2026-01-23,-2,True,False,16271.13361825826
A_hold,GOLDGUINEA-GOLDPETAL,2026-02-27,2025-10-13,2025-10-20,2026-02-20,89,True,True,-563.4407555555667
A_hold,GOLDGUINEA-GOLDPETAL,2026-02-27,2025-10-27,2025-10-28,2026-02-20,83,True,True,-2274.673203002915
A_hold,GOLDGUINEA-GOLDPETAL,2026-02-27,2025-11-11,2025-11-17,2026-02-20,69,True,True,519.1831123123586
A_hold,GOLDGUINEA-GOLDPETAL,2026-02-27,2025-12-12,2025-12-17,2026-02-20,47,True,True,-402.030635435377
A_hold,GOLDGUINEA-GOLDPETAL,2026-02-27,2025-12-18,2026-01-06,2026-02-20,33,True,True,-2369.1777957959275
A_hold,GOLDGUINEA-GOLDPETAL,2026-02-27,2026-01-13,2026-01-27,2026-02-20,18,True,True,-427.1755411410852
A_hold,GOLDGUINEA-GOLDPETAL,2026-02-27,2026-01-28,2026-01-29,2026-02-20,16,True,True,1394.8722924926644
A_hold,GOLDGUINEA-GOLDPETAL,2026-02-27,2026-01-30,2026-02-03,2026-02-20,13,True,True,5663.766332132244
A_hold,GOLDGUINEA-GOLDTEN,2026-02-27,2025-10-13,2025-10-23,2026-02-20,86,True,True,-2421.3510621021583
A_hold,GOLDGUINEA-GOLDTEN,2026-02-27,2025-11-11,2025-11-17,2026-02-20,69,True,True,-192.7632934533092
A_hold,GOLDGUINEA-GOLDTEN,2026-02-27,2025-12-01,2025-12-03,2026-02-20,57,True,True,-100.924102462335
A_hold,GOLDGUINEA-GOLDTEN,2026-02-27,2025-12-11,2025-12-12,2026-02-20,50,True,True,-2228.3193693694147
A_hold,GOLDGUINEA-GOLDTEN,2026-02-27,2025-12-29,2026-01-07,2026-02-20,32,True,True,-1154.792820300319
A_hold,GOLDGUINEA-GOLDTEN,2026-02-27,2026-01-13,2026-01-21,2026-02-20,22,True,True,17389.99084696707
A_hold,GOLDGUINEA-GOLDTEN,2026-02-27,2026-01-22,2026-01-29,2026-02-20,16,True,True,15491.91648120136
A_hold,GOLDGUINEA-GOLDTEN,2026-02-27,2026-02-18,2026-02-24,2026-02-20,-2,True,False,1730.8218378378187
A_hold,GOLDPETAL-GOLDTEN,2026-02-27,2025-10-20,2025-10-23,2026-02-20,86,True,True,-1072.9391111113182
A_hold,GOLDPETAL-GOLDTEN,2026-02-27,2025-11-20,2025-11-24,2026-02-20,64,True,True,-558.4029376577846
A_hold,GOLDPETAL-GOLDTEN,2026-02-27,2025-12-11,2025-12-12,2026-02-20,50,True,True,-1939.6302318318812
A_hold,GOLDPETAL-GOLDTEN,2026-02-27,2025-12-23,2025-12-26,2026-02-20,40,True,True,-525.1060665466323
A_hold,GOLDPETAL-GOLDTEN,2026-02-27,2025-12-30,2026-01-07,2026-02-20,32,True,True,-735.285031591718
A_hold,GOLDPETAL-GOLDTEN,2026-02-27,2026-01-13,2026-01-20,2026-02-20,23,True,True,5127.316623663625
A_hold,GOLDPETAL-GOLDTEN,2026-02-27,2026-01-21,2026-01-28,2026-02-20,17,True,True,18599.08130402418
A_hold,GOLDGUINEA-GOLDPETAL,2026-03-31,2025-11-11,2025-11-18,2026-03-24,90,True,True,-1365.504807807661
A_hold,GOLDGUINEA-GOLDPETAL,2026-03-31,2025-12-01,2025-12-10,2026-03-24,74,True,True,-1383.0110810810804
A_hold,GOLDGUINEA-GOLDPETAL,2026-03-31,2025-12-18,2026-01-07,2026-03-24,54,True,True,-3837.05314714704
A_hold,GOLDGUINEA-GOLDPETAL,2026-03-31,2026-01-13,2026-01-23,2026-03-24,42,True,True,-1700.9042396396385
A_hold,GOLDGUINEA-GOLDPETAL,2026-03-31,2026-01-28,2026-01-29,2026-03-24,38,True,True,-1567.302332132209
A_hold,GOLDGUINEA-GOLDPETAL,2026-03-31,2026-02-25,2026-03-04,2026-03-24,14,True,True,-29.137556156107166
A_hold,GOLDGUINEA-GOLDPETAL,2026-03-31,2026-03-20,2026-03-27,2026-03-24,-3,True,False,2201.3830480480674
A_hold,GOLDGUINEA-GOLDTEN,2026-03-31,2025-11-11,2025-11-20,2026-03-24,88,True,True,902.5412661863434
A_hold,GOLDGUINEA-GOLDTEN,2026-03-31,2025-11-26,2025-12-03,2026-03-24,79,True,True,524.5338902101689
A_hold,GOLDGUINEA-GOLDTEN,2026-03-31,2025-12-30,2026-01-07,2026-03-24,54,True,True,1047.287617057108
A_hold,GOLDGUINEA-GOLDTEN,2026-03-31,2026-01-13,2026-01-20,2026-03-24,45,True,True,5858.4392574175135
A_hold,GOLDGUINEA-GOLDTEN,2026-03-31,2026-01-22,2026-01-29,2026-03-24,38,True,True,14669.545623183105
A_hold,GOLDGUINEA-GOLDTEN,2026-03-31,2026-03-24,2026-03-26,2026-03-24,-2,True,False,6039.946737657549
A_hold,GOLDPETAL-GOLDTEN,2026-03-31,2025-10-20,2025-10-23,2026-03-24,108,True,True,-804.6626498498576
A_hold,GOLDPETAL-GOLDTEN,2026-03-31,2025-12-30,2026-01-06,2026-03-24,55,True,True,-875.0859449849497
A_hold,GOLDPETAL-GOLDTEN,2026-03-31,2026-01-13,2026-01-20,2026-03-24,45,True,True,5878.276647207303
A_hold,GOLDPETAL-GOLDTEN,2026-03-31,2026-01-21,2026-01-29,2026-03-24,38,True,True,18051.49298498487
A_hold,GOLDPETAL-GOLDTEN,2026-03-31,2026-03-24,2026-03-25,2026-03-24,-1,True,False,6956.286841561512
A_hold,GOLDGUINEA-GOLDPETAL,2026-04-30,2025-12-02,2025-12-10,2026-04-23,96,True,True,-1512.4935447448154
A_hold,GOLDGUINEA-GOLDPETAL,2026-04-30,2025-12-19,2025-12-23,2026-04-23,87,True,True,-2343.915834834822
A_hold,GOLDGUINEA-GOLDPETAL,2026-04-30,2025-12-24,2026-01-06,2026-04-23,77,True,True,-2618.3434990990827
A_hold,GOLDGUINEA-GOLDPETAL,2026-04-30,2026-01-21,2026-01-27,2026-04-23,62,True,True,-6022.012439639869
A_hold,GOLDGUINEA-GOLDPETAL,2026-04-30,2026-01-28,2026-01-30,2026-04-23,59,True,True,-1007.788681681766
A_hold,GOLDGUINEA-GOLDPETAL,2026-04-30,2026-02-03,2026-02-04,2026-04-23,56,True,True,-3267.972405405309
A_hold,GOLDGUINEA-GOLDPETAL,2026-04-30,2026-02-17,2026-02-23,2026-04-23,43,True,True,-123.04147627637076
A_hold,GOLDGUINEA-GOLDPETAL,2026-04-30,2026-02-26,2026-03-03,2026-04-23,37,True,True,402.9946240240665
A_hold,GOLDGUINEA-GOLDPETAL,2026-04-30,2026-03-16,2026-03-24,2026-04-23,22,True,True,-2310.804338738873
A_hold,GOLDGUINEA-GOLDPETAL,2026-04-30,2026-04-07,2026-04-08,2026-04-23,11,True,True,-1551.6639351351346
A_hold,GOLDGUINEA-GOLDPETAL,2026-04-30,2026-04-22,2026-04-24,2026-04-23,-1,True,False,-1279.9950084083391
A_hold,GOLDGUINEA-GOLDTEN,2026-04-30,2025-12-29,2026-01-06,2026-04-23,77,True,True,3778.474506786711
A_hold,GOLDGUINEA-GOLDTEN,2026-04-30,2026-01-13,2026-01-20,2026-04-23,67,True,True,7010.19831519523
A_hold,GOLDGUINEA-GOLDTEN,2026-04-30,2026-01-21,2026-01-29,2026-04-23,60,True,True,18654.50977573583
A_hold,GOLDGUINEA-GOLDTEN,2026-04-30,2026-03-26,2026-04-09,2026-04-23,10,True,True,-3751.1500385585114
A_hold,GOLDGUINEA-GOLDTEN,2026-04-30,2026-04-22,2026-04-27,2026-04-23,-2,True,False,-700.579927087186
A_hold,GOLDPETAL-GOLDTEN,2026-04-30,2025-12-30,2026-01-07,2026-04-23,76,True,True,10.6472691893714
A_hold,GOLDPETAL-GOLDTEN,2026-04-30,2026-01-13,2026-01-20,2026-04-23,67,True,True,4279.973867147077
A_hold,GOLDPETAL-GOLDTEN,2026-04-30,2026-01-21,2026-01-28,2026-04-23,61,True,True,24897.99197597611
A_hold,GOLDPETAL-GOLDTEN,2026-04-30,2026-02-19,2026-02-24,2026-04-23,42,True,True,2785.359811171049
A_hold,GOLDPETAL-GOLDTEN,2026-04-30,2026-03-26,2026-04-09,2026-04-23,10,True,True,-3196.6812872072405
A_hold,GOLDPETAL-GOLDTEN,2026-04-30,2026-04-22,2026-04-27,2026-04-23,-2,True,False,-196.7399048648256
A_hold,GOLDGUINEA-GOLDPETAL,2026-05-29,2025-12-24,2026-01-05,2026-05-22,99,True,True,-2929.8551627625966
A_hold,GOLDGUINEA-GOLDPETAL,2026-05-29,2026-01-22,2026-01-23,2026-05-22,85,True,True,-5862.4258804803485
A_hold,GOLDGUINEA-GOLDPETAL,2026-05-29,2026-01-27,2026-01-30,2026-05-22,80,True,True,2562.456016817044
A_hold,GOLDGUINEA-GOLDPETAL,2026-05-29,2026-02-19,2026-02-23,2026-05-22,64,True,True,-389.4772510509965
A_hold,GOLDGUINEA-GOLDPETAL,2026-05-29,2026-02-26,2026-03-03,2026-05-22,58,True,True,1610.603300300325
A_hold,GOLDGUINEA-GOLDPETAL,2026-05-29,2026-03-23,2026-03-31,2026-05-22,38,True,True,-510.619367567655
A_hold,GOLDGUINEA-GOLDPETAL,2026-05-29,2026-04-28,2026-05-04,2026-05-22,14,True,True,-1263.1566270270305
A_hold,GOLDGUINEA-GOLDPETAL,2026-05-29,2026-05-14,2026-05-26,2026-05-22,-2,True,False,-434.50874294295954
A_hold,GOLDGUINEA-GOLDTEN,2026-05-29,2025-12-29,2026-01-07,2026-05-22,97,True,True,4530.068745465407
A_hold,GOLDGUINEA-GOLDTEN,2026-05-29,2026-01-13,2026-01-21,2026-05-22,87,True,True,18041.730587747825
A_hold,GOLDGUINEA-GOLDTEN,2026-05-29,2026-01-22,2026-01-28,2026-05-22,82,True,True,15754.960494534407
A_hold,GOLDGUINEA-GOLDTEN,2026-05-29,2026-03-18,2026-03-19,2026-05-22,46,True,True,-2185.0405883483395
A_hold,GOLDGUINEA-GOLDTEN,2026-05-29,2026-03-23,2026-03-26,2026-05-22,41,True,True,5214.439465105168
A_hold,GOLDGUINEA-GOLDTEN,2026-05-29,2026-03-30,2026-04-09,2026-05-22,31,True,True,2054.2432987387447
A_hold,GOLDGUINEA-GOLDTEN,2026-05-29,2026-04-22,2026-04-28,2026-05-22,18,True,True,-1411.5136450452069
A_hold,GOLDGUINEA-GOLDTEN,2026-05-29,2026-05-12,2026-05-14,2026-05-22,6,True,True,-722.9245071469704
A_hold,GOLDPETAL-GOLDTEN,2026-05-29,2025-12-29,2026-01-09,2026-05-22,95,True,True,-89.75477285284387
A_hold,GOLDPETAL-GOLDTEN,2026-05-29,2026-01-13,2026-01-21,2026-05-22,87,True,True,21258.761360720822
A_hold,GOLDPETAL-GOLDTEN,2026-05-29,2026-01-22,2026-01-28,2026-05-22,82,True,True,13196.90989453452
A_hold,GOLDPETAL-GOLDTEN,2026-05-29,2026-02-20,2026-03-03,2026-05-22,58,True,True,-3053.2210056457416
A_hold,GOLDPETAL-GOLDTEN,2026-05-29,2026-03-24,2026-03-25,2026-05-22,42,True,True,3970.567390270322
A_hold,GOLDPETAL-GOLDTEN,2026-05-29,2026-03-26,2026-04-09,2026-05-22,31,True,True,-4358.325931531417
A_hold,GOLDPETAL-GOLDTEN,2026-05-29,2026-04-22,2026-05-01,2026-05-22,15,True,True,-605.23020828836
A_hold,GOLDPETAL-GOLDTEN,2026-05-29,2026-05-07,2026-05-18,2026-05-22,4,True,True,-2250.351904864812
A_hold,GOLDPETAL-GOLDTEN,2026-05-29,2026-05-21,2026-05-26,2026-05-22,-2,True,False,-4760.778109789889
B_dev,GOLDGUINEA,2025-05-30,2025-03-13,2025-03-24,2025-05-23,44,True,True,4797.925233670858
B_dev,GOLDGUINEA,2025-04-30,2025-03-31,2025-04-07,2025-04-23,12,True,True,10964.0509810267
B_dev,GOLDGUINEA,2025-06-30,2025-04-08,2025-04-10,2025-06-23,52,True,True,19549.019758057453
B_dev,GOLDGUINEA,2025-04-30,2025-04-11,2025-04-23,2025-04-23,0,True,True,9352.650965914956
B_dev,GOLDGUINEA,2025-06-30,2025-05-07,2025-06-23,2025-06-23,0,True,True,2951.75590981143
B_dev,GOLDPETAL,2025-05-30,2025-04-07,2025-04-10,2025-05-23,31,True,True,20548.88823971843
B_dev,GOLDPETAL,2025-04-30,2025-04-11,2025-04-23,2025-04-23,0,True,True,13233.23535369199
B_dev,GOLDTEN,2025-07-31,2025-05-13,2025-05-20,2025-07-24,47,True,True,-3211.244610329879
B_hold,GOLDGUINEA,2025-10-31,2025-10-10,2025-10-14,2025-10-24,8,True,True,-4276.3008650887
B_hold,GOLDGUINEA,2026-02-27,2025-10-15,2025-11-11,2026-02-20,73,True,True,8210.325571674479
B_hold,GOLDGUINEA,2026-01-30,2025-11-17,2025-12-01,2026-01-23,39,True,True,13799.728684469825
B_hold,GOLDGUINEA,2026-05-29,2025-12-16,2026-03-30,2026-05-22,39,True,True,10065.133439354662
B_hold,GOLDPETAL,2025-12-31,2025-09-23,2025-09-25,2025-12-24,64,True,True,3847.178226917397
B_hold,GOLDPETAL,2026-01-30,2025-10-20,2025-11-11,2026-01-23,53,True,True,-1849.6952836774567
B_hold,GOLDPETAL,2026-05-29,2025-12-18,2026-03-30,2026-05-22,39,True,True,4879.186547883628
B_hold,GOLDTEN,2025-12-31,2025-09-23,2025-09-24,2025-12-24,65,True,True,-7030.691564437451
B_hold,GOLDTEN,2025-12-31,2025-09-25,2025-10-06,2025-12-24,57,True,True,-2451.4871383476057
B_hold,GOLDTEN,2025-11-28,2025-10-09,2025-11-11,2025-11-21,8,True,True,496.7774683659754
B_hold,GOLDTEN,2026-01-30,2025-11-17,2025-12-01,2026-01-23,39,True,True,1631.8983277351135
B_hold,GOLDTEN,2026-05-29,2025-12-16,2026-04-02,2026-05-22,36,True,True,-14332.48670295112
