symbol,expiry_date,first,last,days,last_safe_exit
GOLDGUINEA,2024-01-31,2023-10-10,2024-01-31,81,2024-01-24
GOLDGUINEA,2024-02-29,2023-11-01,2024-02-29,86,2024-02-22
GOLDGUINEA,2024-03-28,2023-12-08,2024-03-28,78,2024-03-21
GOLDGUINEA,2024-04-30,2023-12-29,2024-04-30,86,2024-04-23
GOLDGUINEA,2024-05-31,2024-02-01,2024-05-31,86,2024-05-24
GOLDGUINEA,2024-06-28,2024-03-01,2024-06-28,85,2024-06-21
GOLDGUINEA,2024-07-31,2024-04-01,2024-07-31,88,2024-07-24
GOLDGUINEA,2024-08-30,2024-05-01,2024-08-30,87,2024-08-23
GOLDGUINEA,2024-09-30,2024-06-03,2024-09-30,85,2024-09-23
GOLDGUINEA,2024-10-31,2024-07-01,2024-10-31,87,2024-10-24
GOLDGUINEA,2024-11-29,2024-08-01,2024-11-29,85,2024-11-22
GOLDGUINEA,2024-12-31,2024-09-02,2024-12-31,85,2024-12-24
GOLDGUINEA,2025-01-31,2025-01-01,2025-01-31,23,2025-01-24
GOLDGUINEA,2025-02-28,2025-01-01,2025-02-28,44,2025-02-21
GOLDGUINEA,2025-03-31,2025-01-01,2025-03-28,64,2025-03-24
GOLDGUINEA,2025-04-30,2025-01-01,2025-04-30,86,2025-04-23
GOLDGUINEA,2025-05-30,2025-02-01,2025-05-30,85,2025-05-23
GOLDGUINEA,2025-06-30,2025-03-03,2025-06-30,85,2025-06-23
GOLDGUINEA,2025-07-31,2025-04-01,2025-07-31,87,2025-07-24
GOLDGUINEA,2025-08-29,2025-05-01,2025-08-29,86,2025-08-22
GOLDGUINEA,2025-09-30,2025-06-02,2025-09-30,86,2025-09-23
GOLDGUINEA,2025-10-31,2025-07-01,2025-10-31,87,2025-10-24
GOLDGUINEA,2025-11-28,2025-08-01,2025-11-28,84,2025-11-21
GOLDGUINEA,2025-12-31,2025-09-01,2025-12-31,86,2025-12-24
GOLDGUINEA,2026-01-30,2025-09-22,2026-01-30,92,2026-01-23
GOLDGUINEA,2026-02-27,2025-09-22,2026-02-27,113,2026-02-20
GOLDGUINEA,2026-03-31,2025-10-01,2026-03-30,127,2026-03-24
GOLDGUINEA,2026-04-30,2025-11-03,2026-04-30,127,2026-04-23
GOLDGUINEA,2026-05-29,2025-12-01,2026-05-29,128,2026-05-22
GOLDGUINEA,2026-06-30,2026-01-01,2026-06-30,128,2026-06-23
GOLDGUINEA,2026-07-31,2026-02-01,2026-07-31,130,2026-07-24
GOLDGUINEA,2026-08-31,2026-03-02,2026-08-31,130,2026-08-24
GOLDGUINEA,2026-09-30,2026-04-01,2026-09-30,130,2026-09-23
GOLDGUINEA,2026-12-31,2026-07-01,2026-09-25,63,2026-12-24
GOLDGUINEA,2027-01-29,2026-08-03,2026-09-25,40,2027-01-22
GOLDGUINEA,2027-02-26,2026-09-01,2026-09-25,19,2027-02-19
GOLDM,2024-01-05,2023-10-10,2024-01-05,64,2023-12-29
GOLDM,2024-02-05,2023-11-10,2024-02-05,61,2024-01-29
GOLDM,2024-03-05,2023-12-08,2024-03-05,61,2024-02-27
GOLDM,2024-04-05,2024-01-05,2024-04-05,64,2024-03-29
GOLDM,2024-05-03,2024-02-05,2024-05-03,64,2024-04-26
GOLDM,2024-06-05,2024-03-05,2024-06-05,66,2024-05-29
GOLDM,2024-07-05,2024-04-08,2024-07-05,65,2024-06-28
GOLDM,2024-08-05,2024-05-06,2024-08-05,66,2024-07-29
GOLDM,2024-09-05,2024-06-06,2024-09-05,65,2024-08-29
GOLDM,2024-10-04,2024-07-08,2024-10-04,63,2024-09-27
GOLDM,2024-10-31,2024-08-06,2024-10-31,61,2024-10-24
GOLDM,2024-12-05,2024-09-06,2024-12-05,64,2024-11-28
GOLDM,2025-01-03,2024-10-07,2025-01-03,64,2024-12-27
GOLDM,2025-02-05,2025-01-01,2025-02-05,27,2025-01-29
GOLDM,2025-03-05,2025-01-01,2025-03-05,47,2025-02-26
GOLDM,2025-04-04,2025-01-06,2025-04-04,66,2025-03-28
GOLDM,2025-05-05,2025-02-06,2025-05-05,62,2025-04-28
GOLDM,2025-06-05,2025-03-06,2025-06-05,65,2025-05-29
GOLDM,2025-07-04,2025-04-07,2025-07-04,64,2025-06-27
GOLDM,2025-08-05,2025-05-06,2025-08-05,66,2025-07-29
GOLDM,2025-09-05,2025-06-06,2025-09-05,65,2025-08-29
GOLDM,2025-10-03,2025-07-07,2025-10-03,63,2025-09-26
GOLDM,2025-11-05,2025-08-06,2025-11-05,64,2025-10-29
GOLDM,2025-12-05,2025-09-08,2025-12-05,64,2025-11-28
GOLDM,2026-01-05,2025-09-22,2026-01-05,74,2025-12-29
GOLDM,2026-02-05,2025-09-22,2026-02-05,97,2026-01-29
GOLDM,2026-03-05,2025-09-22,2026-03-05,117,2026-02-26
GOLDM,2026-04-03,2025-10-06,2026-04-02,128,2026-03-27
GOLDM,2026-05-05,2025-11-06,2026-05-05,127,2026-04-28
GOLDM,2026-06-05,2025-12-08,2026-06-05,128,2026-05-29
GOLDM,2026-07-03,2026-01-06,2026-07-03,128,2026-06-26
GOLDM,2026-08-05,2026-02-06,2026-08-05,128,2026-07-29
GOLDM,2026-09-04,2026-03-06,2026-09-04,130,2026-08-28
GOLDM,2026-12-04,2026-06-08,2026-09-25,80,2026-11-27
GOLDM,2027-01-05,2026-07-06,2026-09-25,60,2026-12-29
GOLDM,2027-02-05,2026-08-06,2026-09-25,37,2027-01-29
GOLDPETAL,2024-01-31,2023-10-10,2024-01-31,81,2024-01-24
GOLDPETAL,2024-02-29,2023-11-01,2024-02-29,86,2024-02-22
GOLDPETAL,2024-03-28,2023-12-08,2024-03-28,78,2024-03-21
GOLDPETAL,2024-04-30,2023-12-29,2024-04-30,86,2024-04-23
GOLDPETAL,2024-05-31,2024-02-01,2024-05-31,86,2024-05-24
GOLDPETAL,2024-06-28,2024-03-01,2024-06-28,85,2024-06-21
GOLDPETAL,2024-07-31,2024-04-01,2024-07-31,88,2024-07-24
GOLDPETAL,2024-08-30,2024-05-01,2024-08-30,87,2024-08-23
GOLDPETAL,2024-09-30,2024-06-03,2024-09-30,85,2024-09-23
GOLDPETAL,2024-10-31,2024-07-01,2024-10-31,87,2024-10-24
GOLDPETAL,2024-11-29,2024-08-01,2024-11-29,85,2024-11-22
GOLDPETAL,2024-12-31,2024-09-02,2024-12-31,85,2024-12-24
GOLDPETAL,2025-01-31,2024-10-01,2025-01-31,87,2025-01-24
GOLDPETAL,2025-02-28,2025-01-01,2025-02-28,44,2025-02-21
GOLDPETAL,2025-03-31,2025-01-01,2025-03-28,64,2025-03-24
GOLDPETAL,2025-04-30,2025-01-01,2025-04-30,86,2025-04-23
GOLDPETAL,2025-05-30,2025-02-01,2025-05-30,85,2025-05-23
GOLDPETAL,2025-06-30,2025-03-03,2025-06-30,85,2025-06-23
GOLDPETAL,2025-07-31,2025-04-01,2025-07-31,87,2025-07-24
GOLDPETAL,2025-08-29,2025-05-01,2025-08-29,86,2025-08-22
GOLDPETAL,2025-09-30,2025-06-02,2025-09-30,86,2025-09-23
GOLDPETAL,2025-10-31,2025-07-01,2025-10-31,87,2025-10-24
GOLDPETAL,2025-11-28,2025-08-01,2025-11-28,84,2025-11-21
GOLDPETAL,2025-12-31,2025-09-01,2025-12-31,86,2025-12-24
GOLDPETAL,2026-01-30,2025-09-22,2026-01-30,92,2026-01-23
GOLDPETAL,2026-02-27,2025-09-22,2026-02-27,113,2026-02-20
GOLDPETAL,2026-03-31,2025-10-01,2026-03-30,127,2026-03-24
GOLDPETAL,2026-04-30,2025-11-03,2026-04-30,127,2026-04-23
GOLDPETAL,2026-05-29,2025-12-01,2026-05-29,128,2026-05-22
GOLDPETAL,2026-06-30,2026-01-01,2026-06-30,128,2026-06-23
GOLDPETAL,2026-07-31,2026-02-01,2026-07-31,130,2026-07-24
GOLDPETAL,2026-08-31,2026-03-02,2026-08-31,130,2026-08-24
GOLDPETAL,2026-09-30,2026-04-01,2026-09-30,130,2026-09-23
GOLDPETAL,2026-11-30,2026-06-01,2026-09-25,85,2026-11-23
GOLDPETAL,2026-12-31,2026-07-01,2026-09-25,63,2026-12-24
GOLDPETAL,2027-01-29,2026-08-03,2026-09-25,40,2027-01-22
GOLDPETAL,2027-02-26,2026-09-01,2026-09-25,19,2027-02-19
GOLDTEN,2025-04-30,2025-03-31,2025-04-30,22,2025-04-23
GOLDTEN,2025-05-30,2025-03-31,2025-05-30,44,2025-05-23
GOLDTEN,2025-06-30,2025-03-31,2025-06-30,65,2025-06-23
GOLDTEN,2025-07-31,2025-05-01,2025-07-31,66,2025-07-24
GOLDTEN,2025-08-29,2025-06-02,2025-08-29,64,2025-08-22
GOLDTEN,2025-09-30,2025-07-01,2025-09-30,65,2025-09-23
GOLDTEN,2025-10-31,2025-08-01,2025-10-31,64,2025-10-24
GOLDTEN,2025-11-28,2025-09-01,2025-11-28,64,2025-11-21
GOLDTEN,2025-12-31,2025-09-22,2025-12-31,71,2025-12-24
GOLDTEN,2026-01-30,2025-09-22,2026-01-30,92,2026-01-23
GOLDTEN,2026-02-27,2025-09-22,2026-02-27,113,2026-02-20
GOLDTEN,2026-03-31,2025-10-01,2026-03-30,127,2026-03-24
GOLDTEN,2026-04-30,2025-11-03,2026-04-30,127,2026-04-23
GOLDTEN,2026-05-29,2025-12-01,2026-05-29,128,2026-05-22
GOLDTEN,2026-06-30,2026-01-01,2026-06-30,128,2026-06-23
GOLDTEN,2026-07-31,2026-02-01,2026-07-31,130,2026-07-24
GOLDTEN,2026-09-30,2026-04-01,2026-09-30,130,2026-09-23
GOLDTEN,2026-11-30,2026-06-01,2026-09-25,85,2026-11-23
GOLDTEN,2026-12-31,2026-07-01,2026-09-25,63,2026-12-24
GOLDTEN,2027-01-29,2026-08-03,2026-09-25,40,2027-01-22
GOLDTEN,2027-02-26,2026-09-01,2026-09-25,19,2027-02-19
