method,slip_bp,pair,expiry,entry,exit,side,entry_spread_bp,exit_spread_bp,days_held,gross_rs,cost_rs,net_rs,gold_move_40g_rs
"zscore(N=10, entry=2.0)",0,GOLDGUINEA-GOLDPETAL,2025-04-30,2025-02-10,2025-03-13,long a/short b,97.1,-27.1,31,-4324.324324324261,214.94532732732733,-4539.269651651589,10610.610610610602
"zscore(N=10, entry=2.0)",0,GOLDGUINEA-GOLDPETAL,2025-04-30,2025-03-14,2025-03-31,long a/short b,-52.1,-64.1,17,-465.4654654653132,218.4705355355356,-683.9360010008488,5653.15315315318
"zscore(N=10, entry=2.0)",0,GOLDGUINEA-GOLDPETAL,2025-04-30,2025-04-14,2025-04-21,short a/long b,-15.8,-6.4,7,-340.34034034040815,225.62725765765768,-565.9675979980658,15065.065065065064
"zscore(N=10, entry=2.0)",0,GOLDGUINEA-GOLDPETAL,2025-05-30,2025-02-20,2025-03-10,long a/short b,41.1,-7.0,18,-1696.6966966967448,215.4922788788789,-1912.1889755756238,-1408.9089089089248
"zscore(N=10, entry=2.0)",0,GOLDGUINEA-GOLDPETAL,2025-05-30,2025-03-17,2025-04-02,long a/short b,-39.3,-51.5,16,-475.4754754755413,219.45536236236234,-694.9308378379037,7249.749749749753
"zscore(N=10, entry=2.0)",0,GOLDGUINEA-GOLDPETAL,2025-05-30,2025-04-04,2025-04-07,long a/short b,-37.5,-49.7,3,-415.4154154153366,217.4227757757758,-632.8381911911124,-4812.312312312424
"zscore(N=10, entry=2.0)",0,GOLDGUINEA-GOLDPETAL,2025-05-30,2025-04-09,2025-04-10,long a/short b,-50.2,-34.1,1,565.5655655656301,220.23269769769774,345.33286786793235,5768.2682682682935
"zscore(N=10, entry=2.0)",0,GOLDGUINEA-GOLDPETAL,2025-06-30,2025-04-09,2025-04-11,long a/short b,-65.1,0.1,2,2377.377377377343,222.10783483483485,2155.269542542508,13040.540540540533
"zscore(N=10, entry=2.0)",0,GOLDGUINEA-GOLDPETAL,2025-06-30,2025-04-14,2025-04-21,short a/long b,-22.2,-42.6,7,835.8358358358237,226.63931111111114,609.1965247247125,16438.938938939027
"zscore(N=10, entry=2.0)",5,GOLDGUINEA-GOLDPETAL,2025-04-30,2025-02-10,2025-03-13,long a/short b,97.1,-27.1,31,-4324.324324324261,917.1225045045044,-5241.446828828766,10610.610610610602
"zscore(N=10, entry=2.0)",5,GOLDGUINEA-GOLDPETAL,2025-04-30,2025-03-14,2025-03-31,long a/short b,-52.1,-64.1,17,-465.4654654653132,940.2548198198199,-1405.720285285133,5653.15315315318
"zscore(N=10, entry=2.0)",5,GOLDGUINEA-GOLDPETAL,2025-04-30,2025-04-14,2025-04-21,short a/long b,-15.8,-6.4,7,-340.34034034040815,989.010641041041,-1329.3509813814492,15065.065065065064
"zscore(N=10, entry=2.0)",5,GOLDGUINEA-GOLDPETAL,2025-05-30,2025-02-20,2025-03-10,long a/short b,41.1,-7.0,18,-1696.6966966967448,920.2395261261262,-2616.936222822871,-1408.9089089089248
"zscore(N=10, entry=2.0)",5,GOLDGUINEA-GOLDPETAL,2025-05-30,2025-03-17,2025-04-02,long a/short b,-39.3,-51.5,16,-475.4754754755413,946.9703773773773,-1422.4458528529185,7249.749749749753
"zscore(N=10, entry=2.0)",5,GOLDGUINEA-GOLDPETAL,2025-05-30,2025-04-04,2025-04-07,long a/short b,-37.5,-49.7,3,-415.4154154153366,933.100953953954,-1348.5163693692907,-4812.312312312424
"zscore(N=10, entry=2.0)",5,GOLDGUINEA-GOLDPETAL,2025-05-30,2025-04-09,2025-04-10,long a/short b,-50.2,-34.1,1,565.5655655656301,952.0269919919921,-386.461426426362,5768.2682682682935
"zscore(N=10, entry=2.0)",5,GOLDGUINEA-GOLDPETAL,2025-06-30,2025-04-09,2025-04-11,long a/short b,-65.1,0.1,2,2377.377377377343,964.3876146146147,1412.989762762728,13040.540540540533
"zscore(N=10, entry=2.0)",5,GOLDGUINEA-GOLDPETAL,2025-06-30,2025-04-14,2025-04-21,short a/long b,-22.2,-42.6,7,835.8358358358237,995.6358076076076,-159.79997177178393,16438.938938939027
"zscore(N=10, entry=2.0)",10,GOLDGUINEA-GOLDPETAL,2025-04-30,2025-02-10,2025-03-13,long a/short b,97.1,-27.1,31,-4324.324324324261,1619.2996816816817,-5943.624006005943,10610.610610610602
"zscore(N=10, entry=2.0)",10,GOLDGUINEA-GOLDPETAL,2025-04-30,2025-03-14,2025-03-31,long a/short b,-52.1,-64.1,17,-465.4654654653132,1662.0391041041044,-2127.5045695694175,5653.15315315318
"zscore(N=10, entry=2.0)",10,GOLDGUINEA-GOLDPETAL,2025-04-30,2025-04-14,2025-04-21,short a/long b,-15.8,-6.4,7,-340.34034034040815,1752.3940244244245,-2092.7343647648327,15065.065065065064
"zscore(N=10, entry=2.0)",10,GOLDGUINEA-GOLDPETAL,2025-05-30,2025-02-20,2025-03-10,long a/short b,41.1,-7.0,18,-1696.6966966967448,1624.9867733733731,-3321.683470070118,-1408.9089089089248
"zscore(N=10, entry=2.0)",10,GOLDGUINEA-GOLDPETAL,2025-05-30,2025-03-17,2025-04-02,long a/short b,-39.3,-51.5,16,-475.4754754755413,1674.4853923923924,-2149.9608678679338,7249.749749749753
"zscore(N=10, entry=2.0)",10,GOLDGUINEA-GOLDPETAL,2025-05-30,2025-04-04,2025-04-07,long a/short b,-37.5,-49.7,3,-415.4154154153366,1648.779132132132,-2064.1945475474686,-4812.312312312424
"zscore(N=10, entry=2.0)",10,GOLDGUINEA-GOLDPETAL,2025-05-30,2025-04-09,2025-04-10,long a/short b,-50.2,-34.1,1,565.5655655656301,1683.821286286286,-1118.255720720656,5768.2682682682935
"zscore(N=10, entry=2.0)",10,GOLDGUINEA-GOLDPETAL,2025-06-30,2025-04-09,2025-04-11,long a/short b,-65.1,0.1,2,2377.377377377343,1706.6673943943945,670.7099829829483,13040.540540540533
"zscore(N=10, entry=2.0)",10,GOLDGUINEA-GOLDPETAL,2025-06-30,2025-04-14,2025-04-21,short a/long b,-22.2,-42.6,7,835.8358358358237,1764.6323041041042,-928.7964682682805,16438.938938939027
ou_sscore(W=20),0,GOLDGUINEA-GOLDPETAL,2025-04-30,2025-02-11,2025-03-07,long a/short b,111.5,-10.8,24,-4239.23923923925,214.08525865865866,-4453.324497897909,5247.747747747708
ou_sscore(W=20),0,GOLDGUINEA-GOLDPETAL,2025-04-30,2025-03-10,2025-03-11,short a/long b,-21.3,-17.0,1,-150.15015015014797,214.9358998998999,-365.0860500500479,1436.4364364363428
ou_sscore(W=20),0,GOLDGUINEA-GOLDPETAL,2025-04-30,2025-03-17,2025-03-24,long a/short b,-49.7,-67.4,7,-620.6206206206843,217.35734694694696,-837.9779675676314,-2392.3923923923576
ou_sscore(W=20),0,GOLDGUINEA-GOLDPETAL,2025-04-30,2025-04-10,2025-04-21,short a/long b,-41.5,-6.4,11,-1271.2712712713255,224.32600400400403,-1495.5972752753296,22417.417417417382
ou_sscore(W=20),0,GOLDGUINEA-GOLDPETAL,2025-05-30,2025-03-03,2025-03-06,long a/short b,-13.8,-2.3,3,405.4054054053995,215.38275935935937,190.02264604604014,2044.5445445445512
ou_sscore(W=20),0,GOLDGUINEA-GOLDPETAL,2025-05-30,2025-03-18,2025-03-25,long a/short b,-35.7,-52.5,7,-590.590590590582,218.64235515515517,-809.2329457457372,-4059.0590590590728
ou_sscore(W=20),0,GOLDGUINEA-GOLDPETAL,2025-05-30,2025-04-07,2025-04-08,short a/long b,-49.7,-75.6,1,925.9259259259125,216.7553635635636,709.1705623623488,618.1181181181455
ou_sscore(W=20),0,GOLDGUINEA-GOLDPETAL,2025-05-30,2025-04-09,2025-04-10,long a/short b,-50.2,-34.1,1,565.5655655656301,220.23269769769774,345.33286786793235,5768.2682682682935
ou_sscore(W=20),0,GOLDGUINEA-GOLDPETAL,2025-05-30,2025-04-11,2025-04-17,short a/long b,-34.0,-44.8,6,440.4404404403613,225.37625785785787,215.0641825825034,7627.627627627589
ou_sscore(W=20),0,GOLDGUINEA-GOLDPETAL,2025-05-30,2025-04-22,2025-04-28,short a/long b,-19.5,-33.7,6,535.5355355356005,228.81200820820823,306.7235273273923,-7274.774774774851
ou_sscore(W=20),0,GOLDGUINEA-GOLDPETAL,2025-06-30,2025-04-03,2025-04-07,long a/short b,-58.1,-19.4,4,1436.4364364364883,219.09128308308308,1217.3451533534053,-9011.51151151149
ou_sscore(W=20),0,GOLDGUINEA-GOLDPETAL,2025-06-30,2025-04-09,2025-04-11,long a/short b,-65.1,0.1,2,2377.377377377343,222.10783483483485,2155.269542542508,13040.540540540533
ou_sscore(W=20),0,GOLDGUINEA-GOLDPETAL,2025-06-30,2025-04-14,2025-04-17,short a/long b,-22.2,-36.5,3,570.5705705704895,225.43309069069068,345.13747987979883,9484.484484484492
ou_sscore(W=20),5,GOLDGUINEA-GOLDPETAL,2025-04-30,2025-02-11,2025-03-07,long a/short b,111.5,-10.8,24,-4239.23923923925,911.2399133133133,-5150.479152552563,5247.747747747708
ou_sscore(W=20),5,GOLDGUINEA-GOLDPETAL,2025-04-30,2025-03-10,2025-03-11,short a/long b,-21.3,-17.0,1,-150.15015015014797,916.087051051051,-1066.237201201199,1436.4364364363428
ou_sscore(W=20),5,GOLDGUINEA-GOLDPETAL,2025-04-30,2025-03-17,2025-03-24,long a/short b,-49.7,-67.4,7,-620.6206206206843,932.7026922922923,-1553.3233129129767,-2392.3923923923576
ou_sscore(W=20),5,GOLDGUINEA-GOLDPETAL,2025-04-30,2025-04-10,2025-04-21,short a/long b,-41.5,-6.4,11,-1271.2712712713255,980.3570350350351,-2251.6283063063606,22417.417417417382
ou_sscore(W=20),5,GOLDGUINEA-GOLDPETAL,2025-05-30,2025-03-03,2025-03-06,long a/short b,-13.8,-2.3,3,405.4054054053995,919.0038804804806,-513.5984750750811,2044.5445445445512
ou_sscore(W=20),5,GOLDGUINEA-GOLDPETAL,2025-05-30,2025-03-18,2025-03-25,long a/short b,-35.7,-52.5,7,-590.590590590582,941.455167967968,-1532.04575855855,-4059.0590590590728
ou_sscore(W=20),5,GOLDGUINEA-GOLDPETAL,2025-05-30,2025-04-07,2025-04-08,short a/long b,-49.7,-75.6,1,925.9259259259125,928.2393475475475,-2.3134216216350296,618.1181181181455
ou_sscore(W=20),5,GOLDGUINEA-GOLDPETAL,2025-05-30,2025-04-09,2025-04-10,long a/short b,-50.2,-34.1,1,565.5655655656301,952.0269919919921,-386.461426426362,5768.2682682682935
ou_sscore(W=20),5,GOLDGUINEA-GOLDPETAL,2025-05-30,2025-04-11,2025-04-17,short a/long b,-34.0,-44.8,6,440.4404404403613,987.1179995995996,-546.6775591592383,7627.627627627589
ou_sscore(W=20),5,GOLDGUINEA-GOLDPETAL,2025-05-30,2025-04-22,2025-04-28,short a/long b,-19.5,-33.7,6,535.5355355356005,1010.5162124124125,-474.980676876812,-7274.774774774851
ou_sscore(W=20),5,GOLDGUINEA-GOLDPETAL,2025-06-30,2025-04-03,2025-04-07,long a/short b,-58.1,-19.4,4,1436.4364364364883,944.0437355355356,492.3927009009527,-9011.51151151149
ou_sscore(W=20),5,GOLDGUINEA-GOLDPETAL,2025-06-30,2025-04-09,2025-04-11,long a/short b,-65.1,0.1,2,2377.377377377343,964.3876146146147,1412.989762762728,13040.540540540533
ou_sscore(W=20),5,GOLDGUINEA-GOLDPETAL,2025-06-30,2025-04-14,2025-04-17,short a/long b,-22.2,-36.5,3,570.5705705704895,987.4751327327326,-416.9045621622431,9484.484484484492
ou_sscore(W=20),10,GOLDGUINEA-GOLDPETAL,2025-04-30,2025-02-11,2025-03-07,long a/short b,111.5,-10.8,24,-4239.23923923925,1608.394567967968,-5847.6338072072185,5247.747747747708
ou_sscore(W=20),10,GOLDGUINEA-GOLDPETAL,2025-04-30,2025-03-10,2025-03-11,short a/long b,-21.3,-17.0,1,-150.15015015014797,1617.238202202202,-1767.38835235235,1436.4364364363428
ou_sscore(W=20),10,GOLDGUINEA-GOLDPETAL,2025-04-30,2025-03-17,2025-03-24,long a/short b,-49.7,-67.4,7,-620.6206206206843,1648.048037637638,-2268.6686582583225,-2392.3923923923576
ou_sscore(W=20),10,GOLDGUINEA-GOLDPETAL,2025-04-30,2025-04-10,2025-04-21,short a/long b,-41.5,-6.4,11,-1271.2712712713255,1736.3880660660661,-3007.6593373373917,22417.417417417382
ou_sscore(W=20),10,GOLDGUINEA-GOLDPETAL,2025-05-30,2025-03-03,2025-03-06,long a/short b,-13.8,-2.3,3,405.4054054053995,1622.6250016016015,-1217.219596196202,2044.5445445445512
ou_sscore(W=20),10,GOLDGUINEA-GOLDPETAL,2025-05-30,2025-03-18,2025-03-25,long a/short b,-35.7,-52.5,7,-590.590590590582,1664.267980780781,-2254.858571371363,-4059.0590590590728
ou_sscore(W=20),10,GOLDGUINEA-GOLDPETAL,2025-05-30,2025-04-07,2025-04-08,short a/long b,-49.7,-75.6,1,925.9259259259125,1639.7233315315316,-713.7974056056191,618.1181181181455
ou_sscore(W=20),10,GOLDGUINEA-GOLDPETAL,2025-05-30,2025-04-09,2025-04-10,long a/short b,-50.2,-34.1,1,565.5655655656301,1683.821286286286,-1118.255720720656,5768.2682682682935
ou_sscore(W=20),10,GOLDGUINEA-GOLDPETAL,2025-05-30,2025-04-11,2025-04-17,short a/long b,-34.0,-44.8,6,440.4404404403613,1748.8597413413413,-1308.41930090098,7627.627627627589
ou_sscore(W=20),10,GOLDGUINEA-GOLDPETAL,2025-05-30,2025-04-22,2025-04-28,short a/long b,-19.5,-33.7,6,535.5355355356005,1792.2204166166166,-1256.684881081016,-7274.774774774851
ou_sscore(W=20),10,GOLDGUINEA-GOLDPETAL,2025-06-30,2025-04-03,2025-04-07,long a/short b,-58.1,-19.4,4,1436.4364364364883,1668.996187987988,-232.55975155149963,-9011.51151151149
ou_sscore(W=20),10,GOLDGUINEA-GOLDPETAL,2025-06-30,2025-04-09,2025-04-11,long a/short b,-65.1,0.1,2,2377.377377377343,1706.6673943943945,670.7099829829483,13040.540540540533
ou_sscore(W=20),10,GOLDGUINEA-GOLDPETAL,2025-06-30,2025-04-14,2025-04-17,short a/long b,-22.2,-36.5,3,570.5705705704895,1749.5171747747745,-1178.946604204285,9484.484484484492
ou_sscore(W=30),0,GOLDGUINEA-GOLDPETAL,2025-04-30,2025-02-21,2025-03-18,long a/short b,9.6,-38.9,25,-1741.7417417417892,216.85043483483486,-1958.592176576624,11141.141141141125
ou_sscore(W=30),0,GOLDGUINEA-GOLDPETAL,2025-04-30,2025-03-19,2025-03-20,short a/long b,-58.1,-60.2,1,75.07507507514674,218.85010870870872,-143.77503363356197,-37.53753753757337
ou_sscore(W=30),0,GOLDGUINEA-GOLDPETAL,2025-04-30,2025-04-14,2025-04-17,short a/long b,-15.8,-53.2,3,1446.4464464464982,224.62272332332333,1221.823723123175,8806.306306306215
ou_sscore(W=30),0,GOLDGUINEA-GOLDPETAL,2025-05-30,2025-04-04,2025-04-07,long a/short b,-37.5,-49.7,3,-415.4154154153366,217.4227757757758,-632.8381911911124,-4812.312312312424
ou_sscore(W=30),0,GOLDGUINEA-GOLDPETAL,2025-05-30,2025-04-09,2025-04-10,long a/short b,-50.2,-34.1,1,565.5655655656301,220.23269769769774,345.33286786793235,5768.2682682682935
ou_sscore(W=30),0,GOLDGUINEA-GOLDPETAL,2025-05-30,2025-04-23,2025-04-30,short a/long b,-26.2,-37.7,7,435.43543543550186,226.19478578578577,209.2406496497161,-1098.598598598619
ou_sscore(W=30),5,GOLDGUINEA-GOLDPETAL,2025-04-30,2025-02-21,2025-03-18,long a/short b,9.6,-38.9,25,-1741.7417417417892,929.5080924924926,-2671.2498342342815,11141.141141141125
ou_sscore(W=30),5,GOLDGUINEA-GOLDPETAL,2025-04-30,2025-03-19,2025-03-20,short a/long b,-58.1,-60.2,1,75.07507507514674,942.7164750750751,-867.6413999999284,-37.53753753757337
ou_sscore(W=30),5,GOLDGUINEA-GOLDPETAL,2025-04-30,2025-04-14,2025-04-17,short a/long b,-15.8,-53.2,3,1446.4464464464982,981.7473479479479,464.69909849855026,8806.306306306215
ou_sscore(W=30),5,GOLDGUINEA-GOLDPETAL,2025-05-30,2025-04-04,2025-04-07,long a/short b,-37.5,-49.7,3,-415.4154154153366,933.100953953954,-1348.5163693692907,-4812.312312312424
ou_sscore(W=30),5,GOLDGUINEA-GOLDPETAL,2025-05-30,2025-04-09,2025-04-10,long a/short b,-50.2,-34.1,1,565.5655655656301,952.0269919919921,-386.461426426362,5768.2682682682935
ou_sscore(W=30),5,GOLDGUINEA-GOLDPETAL,2025-05-30,2025-04-23,2025-04-30,short a/long b,-26.2,-37.7,7,435.43543543550186,992.6987897897898,-557.2633543542879,-1098.598598598619
ou_sscore(W=30),10,GOLDGUINEA-GOLDPETAL,2025-04-30,2025-02-21,2025-03-18,long a/short b,9.6,-38.9,25,-1741.7417417417892,1642.1657501501502,-3383.9074918919396,11141.141141141125
ou_sscore(W=30),10,GOLDGUINEA-GOLDPETAL,2025-04-30,2025-03-19,2025-03-20,short a/long b,-58.1,-60.2,1,75.07507507514674,1666.5828414414411,-1591.5077663662944,-37.53753753757337
ou_sscore(W=30),10,GOLDGUINEA-GOLDPETAL,2025-04-30,2025-04-14,2025-04-17,short a/long b,-15.8,-53.2,3,1446.4464464464982,1738.8719725725723,-292.42552612607415,8806.306306306215
ou_sscore(W=30),10,GOLDGUINEA-GOLDPETAL,2025-05-30,2025-04-04,2025-04-07,long a/short b,-37.5,-49.7,3,-415.4154154153366,1648.779132132132,-2064.1945475474686,-4812.312312312424
ou_sscore(W=30),10,GOLDGUINEA-GOLDPETAL,2025-05-30,2025-04-09,2025-04-10,long a/short b,-50.2,-34.1,1,565.5655655656301,1683.821286286286,-1118.255720720656,5768.2682682682935
ou_sscore(W=30),10,GOLDGUINEA-GOLDPETAL,2025-05-30,2025-04-23,2025-04-30,short a/long b,-26.2,-37.7,7,435.43543543550186,1759.2027937937937,-1323.7673583582919,-1098.598598598619
ou_cost(W=20),0,GOLDGUINEA-GOLDPETAL,2025-04-30,2025-02-20,2025-03-07,long a/short b,21.5,-10.8,15,-1136.1361361361196,215.16793573573574,-1351.3040718718553,-327.82782782785944
ou_cost(W=20),5,GOLDGUINEA-GOLDPETAL,2025-04-30,2025-02-20,2025-03-07,long a/short b,21.5,-10.8,15,-1136.1361361361196,917.898165965966,-2054.0343021020853,-327.82782782785944
ou_cost(W=20),10,GOLDGUINEA-GOLDPETAL,2025-04-30,2025-02-20,2025-03-07,long a/short b,21.5,-10.8,15,-1136.1361361361196,1620.628396196196,-2756.764532332316,-327.82782782785944
ou_cost(W=30),0,GOLDGUINEA-GOLDPETAL,2025-04-30,2025-02-21,2025-03-18,long a/short b,9.6,-38.9,25,-1741.7417417417892,216.85043483483486,-1958.592176576624,11141.141141141125
ou_cost(W=30),0,GOLDGUINEA-GOLDPETAL,2025-04-30,2025-03-19,2025-03-20,short a/long b,-58.1,-60.2,1,75.07507507514674,218.85010870870872,-143.77503363356197,-37.53753753757337
ou_cost(W=30),5,GOLDGUINEA-GOLDPETAL,2025-04-30,2025-02-21,2025-03-18,long a/short b,9.6,-38.9,25,-1741.7417417417892,929.5080924924926,-2671.2498342342815,11141.141141141125
ou_cost(W=30),5,GOLDGUINEA-GOLDPETAL,2025-04-30,2025-03-19,2025-03-20,short a/long b,-58.1,-60.2,1,75.07507507514674,942.7164750750751,-867.6413999999284,-37.53753753757337
ou_cost(W=30),10,GOLDGUINEA-GOLDPETAL,2025-04-30,2025-02-21,2025-03-18,long a/short b,9.6,-38.9,25,-1741.7417417417892,1642.1657501501502,-3383.9074918919396,11141.141141141125
ou_cost(W=30),10,GOLDGUINEA-GOLDPETAL,2025-04-30,2025-03-19,2025-03-20,short a/long b,-58.1,-60.2,1,75.07507507514674,1666.5828414414411,-1591.5077663662944,-37.53753753757337
"kalman(W=20, c=1.0)",0,GOLDGUINEA-GOLDPETAL,2025-04-30,2025-02-10,2025-03-04,long a/short b,97.1,-8.5,22,-3658.6586586586054,214.09987727727724,-3872.7585359358827,5538.038038038067
"kalman(W=20, c=1.0)",0,GOLDGUINEA-GOLDPETAL,2025-04-30,2025-03-06,2025-03-18,short a/long b,-10.5,-38.9,12,1036.0360360360937,217.05232452452455,818.9837115115691,10613.11311311314
"kalman(W=20, c=1.0)",0,GOLDGUINEA-GOLDPETAL,2025-04-30,2025-03-20,2025-04-02,long a/short b,-60.2,-48.1,13,415.4154154155549,219.5538116116116,195.8616038039433,4051.5515515516017
"kalman(W=20, c=1.0)",0,GOLDGUINEA-GOLDPETAL,2025-04-30,2025-04-10,2025-04-21,short a/long b,-41.5,-6.4,11,-1271.2712712713255,224.32600400400403,-1495.5972752753296,22417.417417417382
"kalman(W=20, c=1.0)",0,GOLDGUINEA-GOLDPETAL,2025-05-30,2025-03-06,2025-03-19,short a/long b,-2.3,-54.0,13,1881.8818818819273,217.61405085085087,1664.2678310310764,10590.59059059051
"kalman(W=20, c=1.0)",0,GOLDGUINEA-GOLDPETAL,2025-05-30,2025-03-20,2025-03-27,long a/short b,-49.8,-57.4,7,-265.2652652654069,219.08344724724728,-484.3487125126542,-1614.114114114127
"kalman(W=20, c=1.0)",0,GOLDGUINEA-GOLDPETAL,2025-05-30,2025-03-28,2025-04-29,short a/long b,-48.3,-30.1,32,-590.590590590582,223.07114514514512,-813.6617357357271,23598.598598598473
"kalman(W=20, c=1.0)",0,GOLDGUINEA-GOLDPETAL,2025-05-30,2025-04-30,2025-04-30,long a/short b,-37.7,-37.7,0,0.0,225.98849729729727,-225.98849729729727,0.0
"kalman(W=20, c=1.0)",0,GOLDGUINEA-GOLDPETAL,2025-06-30,2025-04-02,2025-04-07,long a/short b,-59.1,-19.4,5,1486.4864864864649,219.5088874874875,1266.9775989989773,-11428.928928928945
"kalman(W=20, c=1.0)",0,GOLDGUINEA-GOLDPETAL,2025-06-30,2025-04-08,2025-04-09,short a/long b,-70.9,-65.1,1,-170.17017017024045,218.6892880880881,-388.8594582583286,6251.251251251233
"kalman(W=20, c=1.0)",0,GOLDGUINEA-GOLDPETAL,2025-06-30,2025-04-10,2025-04-21,short a/long b,-23.7,-42.6,11,795.7957957959297,225.54664564564567,570.2491501502841,22785.28528528528
"kalman(W=20, c=1.0)",5,GOLDGUINEA-GOLDPETAL,2025-04-30,2025-02-10,2025-03-04,long a/short b,97.1,-8.5,22,-3658.6586586586054,911.2044818818817,-4569.863140540487,5538.038038038067
"kalman(W=20, c=1.0)",5,GOLDGUINEA-GOLDPETAL,2025-04-30,2025-03-06,2025-03-18,short a/long b,-10.5,-38.9,12,1036.0360360360937,930.2380102102103,105.79802582588343,10613.11311311314
"kalman(W=20, c=1.0)",5,GOLDGUINEA-GOLDPETAL,2025-04-30,2025-03-20,2025-04-02,long a/short b,-60.2,-48.1,13,415.4154154155549,947.4341919919918,-532.018776576437,4051.5515515516017
"kalman(W=20, c=1.0)",5,GOLDGUINEA-GOLDPETAL,2025-04-30,2025-04-10,2025-04-21,short a/long b,-41.5,-6.4,11,-1271.2712712713255,980.3570350350351,-2251.6283063063606,22417.417417417382
"kalman(W=20, c=1.0)",5,GOLDGUINEA-GOLDPETAL,2025-05-30,2025-03-06,2025-03-19,short a/long b,-2.3,-54.0,13,1881.8818818819273,933.8703071071071,948.0115747748201,10590.59059059051
"kalman(W=20, c=1.0)",5,GOLDGUINEA-GOLDPETAL,2025-05-30,2025-03-20,2025-03-27,long a/short b,-49.8,-57.4,7,-265.2652652654069,944.3862500500501,-1209.651515315457,-1614.114114114127
"kalman(W=20, c=1.0)",5,GOLDGUINEA-GOLDPETAL,2025-05-30,2025-03-28,2025-04-29,short a/long b,-48.3,-30.1,32,-590.590590590582,971.6447187187187,-1562.2353093093006,23598.598598598473
"kalman(W=20, c=1.0)",5,GOLDGUINEA-GOLDPETAL,2025-05-30,2025-04-30,2025-04-30,long a/short b,-37.7,-37.7,0,0.0,991.3939027027027,-991.3939027027027,0.0
"kalman(W=20, c=1.0)",5,GOLDGUINEA-GOLDPETAL,2025-06-30,2025-04-02,2025-04-07,long a/short b,-59.1,-19.4,5,1486.4864864864649,946.8787573573575,539.6077291291074,-11428.928928928945
"kalman(W=20, c=1.0)",5,GOLDGUINEA-GOLDPETAL,2025-06-30,2025-04-08,2025-04-09,short a/long b,-70.9,-65.1,1,-170.17017017024045,941.6772760760762,-1111.8474462463166,6251.251251251233
"kalman(W=20, c=1.0)",5,GOLDGUINEA-GOLDPETAL,2025-06-30,2025-04-10,2025-04-21,short a/long b,-23.7,-42.6,11,795.7957957959297,988.1967957957959,-192.40099999986614,22785.28528528528
"kalman(W=20, c=1.0)",10,GOLDGUINEA-GOLDPETAL,2025-04-30,2025-02-10,2025-03-04,long a/short b,97.1,-8.5,22,-3658.6586586586054,1608.3090864864862,-5266.967745145092,5538.038038038067
"kalman(W=20, c=1.0)",10,GOLDGUINEA-GOLDPETAL,2025-04-30,2025-03-06,2025-03-18,short a/long b,-10.5,-38.9,12,1036.0360360360937,1643.4236958958961,-607.3876598598024,10613.11311311314
"kalman(W=20, c=1.0)",10,GOLDGUINEA-GOLDPETAL,2025-04-30,2025-03-20,2025-04-02,long a/short b,-60.2,-48.1,13,415.4154154155549,1675.3145723723724,-1259.8991569568175,4051.5515515516017
"kalman(W=20, c=1.0)",10,GOLDGUINEA-GOLDPETAL,2025-04-30,2025-04-10,2025-04-21,short a/long b,-41.5,-6.4,11,-1271.2712712713255,1736.3880660660661,-3007.6593373373917,22417.417417417382
"kalman(W=20, c=1.0)",10,GOLDGUINEA-GOLDPETAL,2025-05-30,2025-03-06,2025-03-19,short a/long b,-2.3,-54.0,13,1881.8818818819273,1650.1265633633634,231.75531851856385,10590.59059059051
"kalman(W=20, c=1.0)",10,GOLDGUINEA-GOLDPETAL,2025-05-30,2025-03-20,2025-03-27,long a/short b,-49.8,-57.4,7,-265.2652652654069,1669.689052852853,-1934.9543181182598,-1614.114114114127
"kalman(W=20, c=1.0)",10,GOLDGUINEA-GOLDPETAL,2025-05-30,2025-03-28,2025-04-29,short a/long b,-48.3,-30.1,32,-590.590590590582,1720.218292292292,-2310.808882882874,23598.598598598473
"kalman(W=20, c=1.0)",10,GOLDGUINEA-GOLDPETAL,2025-05-30,2025-04-30,2025-04-30,long a/short b,-37.7,-37.7,0,0.0,1756.799308108108,-1756.799308108108,0.0
"kalman(W=20, c=1.0)",10,GOLDGUINEA-GOLDPETAL,2025-06-30,2025-04-02,2025-04-07,long a/short b,-59.1,-19.4,5,1486.4864864864649,1674.2486272272272,-187.76214074076233,-11428.928928928945
"kalman(W=20, c=1.0)",10,GOLDGUINEA-GOLDPETAL,2025-06-30,2025-04-08,2025-04-09,short a/long b,-70.9,-65.1,1,-170.17017017024045,1664.665264064064,-1834.8354342343046,6251.251251251233
"kalman(W=20, c=1.0)",10,GOLDGUINEA-GOLDPETAL,2025-06-30,2025-04-10,2025-04-21,short a/long b,-23.7,-42.6,11,795.7957957959297,1750.8469459459461,-955.0511501500164,22785.28528528528
"kalman(W=20, c=1.5)",0,GOLDGUINEA-GOLDPETAL,2025-04-30,2025-02-10,2025-03-04,long a/short b,97.1,-8.5,22,-3658.6586586586054,214.09987727727724,-3872.7585359358827,5538.038038038067
"kalman(W=20, c=1.5)",0,GOLDGUINEA-GOLDPETAL,2025-04-30,2025-03-06,2025-03-18,short a/long b,-10.5,-38.9,12,1036.0360360360937,217.05232452452455,818.9837115115691,10613.11311311314
"kalman(W=20, c=1.5)",0,GOLDGUINEA-GOLDPETAL,2025-04-30,2025-03-20,2025-04-02,long a/short b,-60.2,-48.1,13,415.4154154155549,219.5538116116116,195.8616038039433,4051.5515515516017
"kalman(W=20, c=1.5)",0,GOLDGUINEA-GOLDPETAL,2025-04-30,2025-04-11,2025-04-21,short a/long b,-23.7,-6.4,10,-640.6406406406313,225.87854654654657,-866.5191871871779,13533.533533533482
"kalman(W=20, c=1.5)",0,GOLDGUINEA-GOLDPETAL,2025-05-30,2025-03-06,2025-03-19,short a/long b,-2.3,-54.0,13,1881.8818818819273,217.61405085085087,1664.2678310310764,10590.59059059051
"kalman(W=20, c=1.5)",0,GOLDGUINEA-GOLDPETAL,2025-05-30,2025-03-20,2025-03-27,long a/short b,-49.8,-57.4,7,-265.2652652654069,219.08344724724728,-484.3487125126542,-1614.114114114127
"kalman(W=20, c=1.5)",0,GOLDGUINEA-GOLDPETAL,2025-05-30,2025-03-31,2025-04-29,short a/long b,-55.0,-30.1,29,-845.8458458457608,223.51396736736737,-1069.359813213128,20963.463463463413
"kalman(W=20, c=1.5)",0,GOLDGUINEA-GOLDPETAL,2025-05-30,2025-04-30,2025-04-30,long a/short b,-37.7,-37.7,0,0.0,225.98849729729727,-225.98849729729727,0.0
"kalman(W=20, c=1.5)",0,GOLDGUINEA-GOLDPETAL,2025-06-30,2025-04-03,2025-04-07,long a/short b,-58.1,-19.4,4,1436.4364364364883,219.09128308308308,1217.3451533534053,-9011.51151151149
"kalman(W=20, c=1.5)",0,GOLDGUINEA-GOLDPETAL,2025-06-30,2025-04-09,2025-04-10,long a/short b,-65.1,-23.7,1,1496.4964964965475,220.7440486486487,1275.7524478478988,5312.812812812845
"kalman(W=20, c=1.5)",0,GOLDGUINEA-GOLDPETAL,2025-06-30,2025-04-14,2025-04-21,short a/long b,-22.2,-42.6,7,835.8358358358237,226.63931111111114,609.1965247247125,16438.938938939027
"kalman(W=20, c=1.5)",5,GOLDGUINEA-GOLDPETAL,2025-04-30,2025-02-10,2025-03-04,long a/short b,97.1,-8.5,22,-3658.6586586586054,911.2044818818817,-4569.863140540487,5538.038038038067
"kalman(W=20, c=1.5)",5,GOLDGUINEA-GOLDPETAL,2025-04-30,2025-03-06,2025-03-18,short a/long b,-10.5,-38.9,12,1036.0360360360937,930.2380102102103,105.79802582588343,10613.11311311314
"kalman(W=20, c=1.5)",5,GOLDGUINEA-GOLDPETAL,2025-04-30,2025-03-20,2025-04-02,long a/short b,-60.2,-48.1,13,415.4154154155549,947.4341919919918,-532.018776576437,4051.5515515516017
"kalman(W=20, c=1.5)",5,GOLDGUINEA-GOLDPETAL,2025-04-30,2025-04-11,2025-04-21,short a/long b,-23.7,-6.4,10,-640.6406406406313,990.7934614614614,-1631.4341021020928,13533.533533533482
"kalman(W=20, c=1.5)",5,GOLDGUINEA-GOLDPETAL,2025-05-30,2025-03-06,2025-03-19,short a/long b,-2.3,-54.0,13,1881.8818818819273,933.8703071071071,948.0115747748201,10590.59059059051
"kalman(W=20, c=1.5)",5,GOLDGUINEA-GOLDPETAL,2025-05-30,2025-03-20,2025-03-27,long a/short b,-49.8,-57.4,7,-265.2652652654069,944.3862500500501,-1209.651515315457,-1614.114114114127
"kalman(W=20, c=1.5)",5,GOLDGUINEA-GOLDPETAL,2025-05-30,2025-03-31,2025-04-29,short a/long b,-55.0,-30.1,29,-845.8458458457608,974.7226760760759,-1820.5685219218367,20963.463463463413
"kalman(W=20, c=1.5)",5,GOLDGUINEA-GOLDPETAL,2025-05-30,2025-04-30,2025-04-30,long a/short b,-37.7,-37.7,0,0.0,991.3939027027027,-991.3939027027027,0.0
"kalman(W=20, c=1.5)",5,GOLDGUINEA-GOLDPETAL,2025-06-30,2025-04-03,2025-04-07,long a/short b,-58.1,-19.4,4,1436.4364364364883,944.0437355355356,492.3927009009527,-9011.51151151149
"kalman(W=20, c=1.5)",5,GOLDGUINEA-GOLDPETAL,2025-06-30,2025-04-09,2025-04-10,long a/short b,-65.1,-23.7,1,1496.4964964965475,955.2961007007008,541.2003957958467,5312.812812812845
"kalman(W=20, c=1.5)",5,GOLDGUINEA-GOLDPETAL,2025-06-30,2025-04-14,2025-04-21,short a/long b,-22.2,-42.6,7,835.8358358358237,995.6358076076076,-159.79997177178393,16438.938938939027
"kalman(W=20, c=1.5)",10,GOLDGUINEA-GOLDPETAL,2025-04-30,2025-02-10,2025-03-04,long a/short b,97.1,-8.5,22,-3658.6586586586054,1608.3090864864862,-5266.967745145092,5538.038038038067
"kalman(W=20, c=1.5)",10,GOLDGUINEA-GOLDPETAL,2025-04-30,2025-03-06,2025-03-18,short a/long b,-10.5,-38.9,12,1036.0360360360937,1643.4236958958961,-607.3876598598024,10613.11311311314
"kalman(W=20, c=1.5)",10,GOLDGUINEA-GOLDPETAL,2025-04-30,2025-03-20,2025-04-02,long a/short b,-60.2,-48.1,13,415.4154154155549,1675.3145723723724,-1259.8991569568175,4051.5515515516017
"kalman(W=20, c=1.5)",10,GOLDGUINEA-GOLDPETAL,2025-04-30,2025-04-11,2025-04-21,short a/long b,-23.7,-6.4,10,-640.6406406406313,1755.7083763763767,-2396.349017017008,13533.533533533482
"kalman(W=20, c=1.5)",10,GOLDGUINEA-GOLDPETAL,2025-05-30,2025-03-06,2025-03-19,short a/long b,-2.3,-54.0,13,1881.8818818819273,1650.1265633633634,231.75531851856385,10590.59059059051
"kalman(W=20, c=1.5)",10,GOLDGUINEA-GOLDPETAL,2025-05-30,2025-03-20,2025-03-27,long a/short b,-49.8,-57.4,7,-265.2652652654069,1669.689052852853,-1934.9543181182598,-1614.114114114127
"kalman(W=20, c=1.5)",10,GOLDGUINEA-GOLDPETAL,2025-05-30,2025-03-31,2025-04-29,short a/long b,-55.0,-30.1,29,-845.8458458457608,1725.9313847847848,-2571.7772306305455,20963.463463463413
"kalman(W=20, c=1.5)",10,GOLDGUINEA-GOLDPETAL,2025-05-30,2025-04-30,2025-04-30,long a/short b,-37.7,-37.7,0,0.0,1756.799308108108,-1756.799308108108,0.0
"kalman(W=20, c=1.5)",10,GOLDGUINEA-GOLDPETAL,2025-06-30,2025-04-03,2025-04-07,long a/short b,-58.1,-19.4,4,1436.4364364364883,1668.996187987988,-232.55975155149963,-9011.51151151149
"kalman(W=20, c=1.5)",10,GOLDGUINEA-GOLDPETAL,2025-06-30,2025-04-09,2025-04-10,long a/short b,-65.1,-23.7,1,1496.4964964965475,1689.8481527527529,-193.3516562562054,5312.812812812845
"kalman(W=20, c=1.5)",10,GOLDGUINEA-GOLDPETAL,2025-06-30,2025-04-14,2025-04-21,short a/long b,-22.2,-42.6,7,835.8358358358237,1764.6323041041042,-928.7964682682805,16438.938938939027
"kalman(W=30, c=1.0)",0,GOLDGUINEA-GOLDPETAL,2025-04-30,2025-02-21,2025-03-13,long a/short b,9.6,-27.1,20,-1301.3013013012824,215.92154594594595,-1517.2228472472284,5635.635635635554
"kalman(W=30, c=1.0)",0,GOLDGUINEA-GOLDPETAL,2025-04-30,2025-03-14,2025-03-26,short a/long b,-52.1,-71.6,12,695.6956956956856,217.49905725725728,478.1966384384283,-267.7677677677275
"kalman(W=30, c=1.0)",0,GOLDGUINEA-GOLDPETAL,2025-04-30,2025-03-31,2025-04-01,short a/long b,-64.1,-48.1,1,-575.5755755754944,219.7559613613614,-795.3315369368559,1849.3493493493588
"kalman(W=30, c=1.0)",0,GOLDGUINEA-GOLDPETAL,2025-04-30,2025-04-10,2025-04-21,short a/long b,-41.5,-6.4,11,-1271.2712712713255,224.32600400400403,-1495.5972752753296,22417.417417417382
"kalman(W=30, c=1.0)",0,GOLDGUINEA-GOLDPETAL,2025-05-30,2025-03-18,2025-03-27,short a/long b,-35.7,-57.4,9,780.7807807808422,219.121417017017,561.6593637638252,-1591.5915915916412
"kalman(W=30, c=1.0)",0,GOLDGUINEA-GOLDPETAL,2025-05-30,2025-04-04,2025-04-07,long a/short b,-37.5,-49.7,3,-415.4154154153366,217.4227757757758,-632.8381911911124,-4812.312312312424
"kalman(W=30, c=1.0)",0,GOLDGUINEA-GOLDPETAL,2025-05-30,2025-04-10,2025-04-30,short a/long b,-34.1,-37.7,20,185.18518518525525,223.60253393393396,-38.417348748678705,13921.4214214214
"kalman(W=30, c=1.0)",0,GOLDGUINEA-GOLDPETAL,2025-06-30,2025-04-16,2025-04-17,short a/long b,-29.9,-36.5,1,255.25525525539706,227.01792292292293,28.237332332474125,192.6926926926535
"kalman(W=30, c=1.0)",5,GOLDGUINEA-GOLDPETAL,2025-04-30,2025-02-21,2025-03-13,long a/short b,9.6,-27.1,20,-1301.3013013012824,923.073698098098,-2224.3749993993806,5635.635635635554
"kalman(W=30, c=1.0)",5,GOLDGUINEA-GOLDPETAL,2025-04-30,2025-03-14,2025-03-26,short a/long b,-52.1,-71.6,12,695.6956956956856,933.3624206206206,-237.666724924935,-267.7677677677275
"kalman(W=30, c=1.0)",5,GOLDGUINEA-GOLDPETAL,2025-04-30,2025-03-31,2025-04-01,short a/long b,-64.1,-48.1,1,-575.5755755754944,949.0427481481482,-1524.6183237236428,1849.3493493493588
"kalman(W=30, c=1.0)",5,GOLDGUINEA-GOLDPETAL,2025-04-30,2025-04-10,2025-04-21,short a/long b,-41.5,-6.4,11,-1271.2712712713255,980.3570350350351,-2251.6283063063606,22417.417417417382
"kalman(W=30, c=1.0)",5,GOLDGUINEA-GOLDPETAL,2025-05-30,2025-03-18,2025-03-27,short a/long b,-35.7,-57.4,9,780.7807807808422,944.4016972972972,-163.62091651645505,-1591.5915915916412
"kalman(W=30, c=1.0)",5,GOLDGUINEA-GOLDPETAL,2025-05-30,2025-04-04,2025-04-07,long a/short b,-37.5,-49.7,3,-415.4154154153366,933.100953953954,-1348.5163693692907,-4812.312312312424
"kalman(W=30, c=1.0)",5,GOLDGUINEA-GOLDPETAL,2025-05-30,2025-04-10,2025-04-30,short a/long b,-34.1,-37.7,20,185.18518518525525,975.086517917918,-789.9013327326627,13921.4214214214
"kalman(W=30, c=1.0)",5,GOLDGUINEA-GOLDPETAL,2025-06-30,2025-04-16,2025-04-17,short a/long b,-29.9,-36.5,1,255.25525525539706,998.3517567567567,-743.0965015013596,192.6926926926535
"kalman(W=30, c=1.0)",10,GOLDGUINEA-GOLDPETAL,2025-04-30,2025-02-21,2025-03-13,long a/short b,9.6,-27.1,20,-1301.3013013012824,1630.22585025025,-2931.5271515515324,5635.635635635554
"kalman(W=30, c=1.0)",10,GOLDGUINEA-GOLDPETAL,2025-04-30,2025-03-14,2025-03-26,short a/long b,-52.1,-71.6,12,695.6956956956856,1649.225783983984,-953.5300882882984,-267.7677677677275
"kalman(W=30, c=1.0)",10,GOLDGUINEA-GOLDPETAL,2025-04-30,2025-03-31,2025-04-01,short a/long b,-64.1,-48.1,1,-575.5755755754944,1678.329534934935,-2253.9051105104295,1849.3493493493588
"kalman(W=30, c=1.0)",10,GOLDGUINEA-GOLDPETAL,2025-04-30,2025-04-10,2025-04-21,short a/long b,-41.5,-6.4,11,-1271.2712712713255,1736.3880660660661,-3007.6593373373917,22417.417417417382
"kalman(W=30, c=1.0)",10,GOLDGUINEA-GOLDPETAL,2025-05-30,2025-03-18,2025-03-27,short a/long b,-35.7,-57.4,9,780.7807807808422,1669.6819775775775,-888.9011967967353,-1591.5915915916412
"kalman(W=30, c=1.0)",10,GOLDGUINEA-GOLDPETAL,2025-05-30,2025-04-04,2025-04-07,long a/short b,-37.5,-49.7,3,-415.4154154153366,1648.779132132132,-2064.1945475474686,-4812.312312312424
"kalman(W=30, c=1.0)",10,GOLDGUINEA-GOLDPETAL,2025-05-30,2025-04-10,2025-04-30,short a/long b,-34.1,-37.7,20,185.18518518525525,1726.570501901902,-1541.3853167166467,13921.4214214214
"kalman(W=30, c=1.0)",10,GOLDGUINEA-GOLDPETAL,2025-06-30,2025-04-16,2025-04-17,short a/long b,-29.9,-36.5,1,255.25525525539706,1769.6855905905904,-1514.4303353351934,192.6926926926535
"kalman(W=30, c=1.5)",0,GOLDGUINEA-GOLDPETAL,2025-04-30,2025-02-21,2025-03-13,long a/short b,9.6,-27.1,20,-1301.3013013012824,215.92154594594595,-1517.2228472472284,5635.635635635554
"kalman(W=30, c=1.5)",0,GOLDGUINEA-GOLDPETAL,2025-04-30,2025-03-14,2025-03-26,short a/long b,-52.1,-71.6,12,695.6956956956856,217.49905725725728,478.1966384384283,-267.7677677677275
"kalman(W=30, c=1.5)",0,GOLDGUINEA-GOLDPETAL,2025-04-30,2025-04-16,2025-04-21,short a/long b,-29.7,-6.4,5,-890.8908908908779,227.27883123123127,-1118.1697221221093,5330.3303303303255
"kalman(W=30, c=1.5)",0,GOLDGUINEA-GOLDPETAL,2025-05-30,2025-03-18,2025-03-27,short a/long b,-35.7,-57.4,9,780.7807807808422,219.121417017017,561.6593637638252,-1591.5915915916412
"kalman(W=30, c=1.5)",0,GOLDGUINEA-GOLDPETAL,2025-05-30,2025-04-07,2025-04-09,short a/long b,-49.7,-50.2,2,55.05505505512701,217.91742922922927,-162.86237417410226,7580.080080080079
"kalman(W=30, c=1.5)",0,GOLDGUINEA-GOLDPETAL,2025-05-30,2025-04-23,2025-04-30,short a/long b,-26.2,-37.7,7,435.43543543550186,226.19478578578577,209.2406496497161,-1098.598598598619
"kalman(W=30, c=1.5)",5,GOLDGUINEA-GOLDPETAL,2025-04-30,2025-02-21,2025-03-13,long a/short b,9.6,-27.1,20,-1301.3013013012824,923.073698098098,-2224.3749993993806,5635.635635635554
"kalman(W=30, c=1.5)",5,GOLDGUINEA-GOLDPETAL,2025-04-30,2025-03-14,2025-03-26,short a/long b,-52.1,-71.6,12,695.6956956956856,933.3624206206206,-237.666724924935,-267.7677677677275
"kalman(W=30, c=1.5)",5,GOLDGUINEA-GOLDPETAL,2025-04-30,2025-04-16,2025-04-21,short a/long b,-29.7,-6.4,5,-890.8908908908779,1000.3969493493494,-1891.2878402402273,5330.3303303303255
"kalman(W=30, c=1.5)",5,GOLDGUINEA-GOLDPETAL,2025-05-30,2025-03-18,2025-03-27,short a/long b,-35.7,-57.4,9,780.7807807808422,944.4016972972972,-163.62091651645505,-1591.5915915916412
"kalman(W=30, c=1.5)",5,GOLDGUINEA-GOLDPETAL,2025-05-30,2025-04-07,2025-04-09,short a/long b,-49.7,-50.2,2,55.05505505512701,936.3633751751752,-881.3083201200482,7580.080080080079
"kalman(W=30, c=1.5)",5,GOLDGUINEA-GOLDPETAL,2025-05-30,2025-04-23,2025-04-30,short a/long b,-26.2,-37.7,7,435.43543543550186,992.6987897897898,-557.2633543542879,-1098.598598598619
"kalman(W=30, c=1.5)",10,GOLDGUINEA-GOLDPETAL,2025-04-30,2025-02-21,2025-03-13,long a/short b,9.6,-27.1,20,-1301.3013013012824,1630.22585025025,-2931.5271515515324,5635.635635635554
"kalman(W=30, c=1.5)",10,GOLDGUINEA-GOLDPETAL,2025-04-30,2025-03-14,2025-03-26,short a/long b,-52.1,-71.6,12,695.6956956956856,1649.225783983984,-953.5300882882984,-267.7677677677275
"kalman(W=30, c=1.5)",10,GOLDGUINEA-GOLDPETAL,2025-04-30,2025-04-16,2025-04-21,short a/long b,-29.7,-6.4,5,-890.8908908908779,1773.5150674674676,-2664.4059583583457,5330.3303303303255
"kalman(W=30, c=1.5)",10,GOLDGUINEA-GOLDPETAL,2025-05-30,2025-03-18,2025-03-27,short a/long b,-35.7,-57.4,9,780.7807807808422,1669.6819775775775,-888.9011967967353,-1591.5915915916412
"kalman(W=30, c=1.5)",10,GOLDGUINEA-GOLDPETAL,2025-05-30,2025-04-07,2025-04-09,short a/long b,-49.7,-50.2,2,55.05505505512701,1654.809321121121,-1599.754266065994,7580.080080080079
"kalman(W=30, c=1.5)",10,GOLDGUINEA-GOLDPETAL,2025-05-30,2025-04-23,2025-04-30,short a/long b,-26.2,-37.7,7,435.43543543550186,1759.2027937937937,-1323.7673583582919,-1098.598598598619
