method,slip_bp,trades,pairs_traded,gross_rs,cost_rs,net_rs,hit_rate
"zscore(N=10, entry=2.0)",0,9,3,-3938.938938938809,1980.3933811811814,-5919.33232011999,0.3333333333333333
"zscore(N=10, entry=2.0)",5,9,3,-3938.938938938809,8558.749237037038,-12497.688175975847,0.1111111111111111
"zscore(N=10, entry=2.0)",10,9,3,-3938.938938938809,15137.105092892896,-19076.044031831698,0.1111111111111111
ou_sscore(W=20),0,13,3,385.38538538523426,2862.5381599599596,-2477.1527745747253,0.6153846153846154
ou_sscore(W=20),5,13,3,385.38538538523426,12374.652774574573,-11989.26738918934,0.15384615384615385
ou_sscore(W=20),10,13,3,385.38538538523426,21886.767389189186,-21501.382003803952,0.07692307692307693
ou_sscore(W=30),0,6,2,365.3653653656511,1324.1735261261263,-958.808160760475,0.5
ou_sscore(W=30),5,6,2,365.3653653656511,5731.798651251252,-5366.4332858856005,0.16666666666666666
ou_sscore(W=30),10,6,2,365.3653653656511,10139.423776376374,-9774.058411010723,0.0
ou_cost(W=20),0,1,1,-1136.1361361361196,215.16793573573574,-1351.3040718718553,0.0
ou_cost(W=20),5,1,1,-1136.1361361361196,917.898165965966,-2054.0343021020853,0.0
ou_cost(W=20),10,1,1,-1136.1361361361196,1620.628396196196,-2756.764532332316,0.0
ou_cost(W=30),0,2,1,-1666.6666666666424,435.7005435435436,-2102.367210210186,0.0
ou_cost(W=30),5,2,1,-1666.6666666666424,1872.2245675675676,-3538.89123423421,0.0
ou_cost(W=30),10,2,1,-1666.6666666666424,3308.7485915915913,-4975.415258258234,0.0
"kalman(W=20, c=1.0)",0,11,3,-340.34034034018987,2424.533979179179,-2764.8743195193683,0.45454545454545453
"kalman(W=20, c=1.0)",5,11,3,-340.34034034018987,10487.281726926925,-10827.622067267115,0.2727272727272727
"kalman(W=20, c=1.0)",10,11,3,-340.34034034018987,18550.029474674673,-18890.369815014863,0.09090909090909091
"kalman(W=20, c=1.5)",0,11,3,1691.6916916920309,2429.259165565565,-737.567473873535,0.5454545454545454
"kalman(W=20, c=1.5)",5,11,3,1691.6916916920309,10519.018925325327,-8827.327233633292,0.36363636363636365
"kalman(W=20, c=1.5)",10,11,3,1691.6916916920309,18608.778685085083,-16917.086993393055,0.09090909090909091
"kalman(W=30, c=1.0)",0,8,3,-1646.646646646259,1764.6672182182183,-3411.313864864477,0.375
"kalman(W=30, c=1.0)",5,8,3,-1646.646646646259,7636.776827827828,-9283.423474474086,0.0
"kalman(W=30, c=1.0)",10,8,3,-1646.646646646259,13508.886437437437,-15155.533084083696,0.0
"kalman(W=30, c=1.5)",0,6,2,-225.22522522500367,1323.9330664664667,-1549.1582916914706,0.5
"kalman(W=30, c=1.5)",5,6,2,-225.22522522500367,5730.296930330331,-5955.5221555553335,0.0
"kalman(W=30, c=1.5)",10,6,2,-225.22522522500367,10136.660794194195,-10361.886019419198,0.0
