month,symbol,expiry,from,to,days,carry_pa_pct,total_pct,rolldown_pct,curve_move_pct,rolldown_rs_per_g,total_rs_per_g
2023-10,GOLDGUINEA,2023-11-30,2023-10-10,2023-11-01,22,6.415,5.418,-0.386,5.827,-22.537,316.441
2023-10,GOLDM,2023-12-05,2023-10-10,2023-11-01,22,6.205,5.405,-0.373,5.8,-21.643,313.367
2023-10,GOLDPETAL,2023-11-30,2023-10-10,2023-11-01,22,7.549,3.522,-0.454,3.994,-26.448,205.205
2023-11,GOLDGUINEA,2023-12-29,2023-11-01,2023-12-01,30,4.679,2.734,-0.384,3.13,-23.71,168.919
2023-11,GOLDM,2024-01-05,2023-11-01,2023-12-01,30,2.422,3.406,-0.199,3.612,-12.195,208.844
2023-11,GOLDPETAL,2023-12-29,2023-11-01,2023-12-01,30,6.298,2.029,-0.516,2.559,-31.324,123.123
2023-12,GOLDGUINEA,2024-01-31,2023-12-01,2024-01-01,31,2.458,0.312,-0.209,0.522,-13.285,19.895
2023-12,GOLDM,2024-02-05,2023-12-01,2024-01-01,31,4.068,-0.024,-0.345,0.322,-21.947,-1.508
2023-12,GOLDPETAL,2024-01-31,2023-12-01,2024-01-01,31,6.101,0.0,-0.517,0.519,-32.192,0.0
2024-01,GOLDGUINEA,2024-02-29,2024-01-01,2024-02-01,31,4.565,-1.65,-0.387,-1.268,-24.823,-105.856
2024-01,GOLDM,2024-03-05,2024-01-01,2024-02-01,31,4.249,-1.111,-0.36,-0.754,-22.97,-70.854
2024-01,GOLDPETAL,2024-02-29,2024-01-01,2024-02-01,31,7.662,-1.661,-0.649,-1.019,-40.653,-104.104
2024-02,GOLDGUINEA,2024-03-28,2024-02-01,2024-03-01,29,3.934,0.76,-0.312,1.075,-19.781,48.173
2024-02,GOLDM,2024-04-05,2024-02-01,2024-03-01,29,-1.647,0.876,0.131,0.744,8.282,55.377
2024-02,GOLDPETAL,2024-03-28,2024-02-01,2024-03-01,29,6.618,0.355,-0.524,0.884,-32.501,22.022
2024-03,GOLDGUINEA,2024-04-30,2024-03-01,2024-04-01,31,-0.26,6.853,0.022,6.829,1.414,438.188
2024-03,GOLDM,2024-05-03,2024-03-01,2024-04-01,31,5.701,6.684,-0.483,7.201,-30.937,428.04
2024-03,GOLDPETAL,2024-04-30,2024-03-01,2024-04-01,31,5.451,6.176,-0.462,6.669,-28.895,386.386
2024-04,GOLDGUINEA,2024-05-31,2024-04-01,2024-05-01,30,2.377,4.382,-0.195,4.586,-13.381,300.425
2024-04,GOLDM,2024-06-05,2024-04-01,2024-05-01,30,-0.886,3.683,0.073,3.608,4.991,252.462
2024-04,GOLDPETAL,2024-05-31,2024-04-01,2024-05-01,30,5.487,5.28,-0.45,5.756,-30.032,352.352
2024-05,GOLDGUINEA,2024-06-28,2024-05-01,2024-06-03,33,0.87,2.513,-0.079,2.594,-5.634,180.055
2024-05,GOLDM,2024-07-05,2024-05-01,2024-06-03,33,-3.152,1.655,0.285,1.366,20.323,117.889
2024-05,GOLDPETAL,2024-06-28,2024-05-01,2024-06-03,33,3.339,1.72,-0.301,2.028,-21.223,121.121
2024-06,GOLDGUINEA,2024-07-31,2024-06-03,2024-07-01,28,0.062,-1.227,-0.005,-1.222,-0.352,-90.34
2024-06,GOLDM,2024-08-05,2024-06-03,2024-07-01,28,3.458,-0.784,-0.265,-0.52,-19.23,-56.884
2024-06,GOLDPETAL,2024-07-31,2024-06-03,2024-07-01,28,2.365,-1.167,-0.181,-0.988,-13.055,-84.084
2024-07,GOLDGUINEA,2024-08-30,2024-07-01,2024-08-01,31,8.848,-3.385,-0.749,-2.656,-54.637,-246.997
2024-07,GOLDM,2024-09-05,2024-07-01,2024-08-01,31,4.587,-3.091,-0.389,-2.713,-28.095,-223.317
2024-07,GOLDPETAL,2024-08-30,2024-07-01,2024-08-01,31,6.731,-3.426,-0.57,-2.872,-40.807,-245.245
2024-08,GOLDGUINEA,2024-09-30,2024-08-01,2024-09-02,32,4.88,2.488,-0.427,2.927,-30.185,175.926
2024-08,GOLDM,2024-10-04,2024-08-01,2024-09-02,32,4.954,2.349,-0.433,2.795,-30.479,165.226
2024-08,GOLDPETAL,2024-09-30,2024-08-01,2024-09-02,32,8.409,1.294,-0.735,2.044,-51.139,90.09
2024-09,GOLDGUINEA,2024-10-31,2024-09-02,2024-10-01,29,6.319,5.509,-0.501,6.04,-36.478,401.276
2024-09,GOLDM,2024-10-31,2024-09-02,2024-10-01,29,5.614,5.803,-0.445,6.276,-32.139,419.095
2024-09,GOLDPETAL,2024-10-31,2024-09-02,2024-10-01,29,10.943,5.493,-0.866,6.414,-61.525,390.39
2024-10,GOLDGUINEA,2024-11-29,2024-10-01,2024-11-01,31,6.86,3.126,-0.581,3.728,-44.95,241.867
2024-10,GOLDM,2024-12-05,2024-10-01,2024-11-01,31,5.926,3.158,-0.502,3.678,-38.555,242.513
2024-10,GOLDPETAL,2024-11-29,2024-10-01,2024-11-01,31,8.374,3.515,-0.709,4.253,-53.49,265.265
2024-11,GOLDGUINEA,2024-12-31,2024-11-01,2024-12-02,31,5.549,-3.62,-0.47,-3.165,-37.701,-290.29
2024-11,GOLDM,2025-01-03,2024-11-01,2024-12-02,31,5.163,-3.607,-0.438,-3.183,-34.804,-286.935
2024-11,GOLDPETAL,2024-12-31,2024-11-01,2024-12-02,31,7.471,-2.09,-0.632,-1.467,-49.68,-164.164
2024-12,GOLDPETAL,2025-01-31,2024-12-02,2025-01-01,30,5.809,-0.376,-0.476,0.101,-36.814,-29.029
2025-01,GOLDGUINEA,2025-02-28,2025-01-01,2025-02-01,31,5.687,5.566,-0.482,6.077,-37.605,434.434
2025-01,GOLDM,2025-03-05,2025-01-01,2025-02-01,31,8.774,5.581,-0.742,6.371,-57.709,433.869
2025-01,GOLDPETAL,2025-02-28,2025-01-01,2025-02-01,31,7.57,4.913,-0.641,5.59,-49.613,380.38
2025-02,GOLDGUINEA,2025-03-31,2025-02-01,2025-03-03,30,8.215,4.516,-0.673,5.224,-55.803,374.499
2025-02,GOLDM,2025-04-04,2025-02-01,2025-03-03,30,2.07,3.793,-0.17,3.97,-14.052,313.467
2025-02,GOLDPETAL,2025-03-31,2025-02-01,2025-03-03,30,9.056,6.32,-0.742,7.114,-60.608,516.517
2025-03,GOLDGUINEA,2025-04-30,2025-03-03,2025-04-01,29,5.695,4.705,-0.451,5.179,-39.313,409.66
2025-03,GOLDM,2025-05-05,2025-03-03,2025-04-01,29,1.605,5.495,-0.127,5.629,-10.98,473.266
2025-03,GOLDPETAL,2025-04-30,2025-03-03,2025-04-01,29,5.894,5.026,-0.467,5.519,-40.755,438.438
2025-04,GOLDGUINEA,2025-05-30,2025-04-01,2025-05-01,30,5.301,2.114,-0.435,2.56,-39.783,193.443
2025-04,GOLDM,2025-06-05,2025-04-01,2025-05-01,30,1.688,1.728,-0.139,1.869,-12.653,157.688
2025-04,GOLDPETAL,2025-05-30,2025-04-01,2025-05-01,30,4.965,1.894,-0.407,2.31,-37.456,174.174
2025-04,GOLDTEN,2025-05-30,2025-04-01,2025-05-01,30,3.836,1.714,-0.315,2.035,-28.706,156.256
2025-05,GOLDGUINEA,2025-06-30,2025-05-01,2025-06-02,32,6.415,4.056,-0.561,4.643,-52.693,381.131
2025-05,GOLDM,2025-07-04,2025-05-01,2025-06-02,32,0.483,4.995,-0.042,5.039,-3.948,465.628
2025-05,GOLDPETAL,2025-06-30,2025-05-01,2025-06-02,32,5.395,4.061,-0.472,4.555,-44.428,382.382
2025-05,GOLDTEN,2025-06-30,2025-05-01,2025-06-02,32,4.021,4.827,-0.352,5.197,-32.772,449.55
2025-06,GOLDGUINEA,2025-07-31,2025-06-02,2025-07-01,29,4.436,-0.351,-0.352,0.001,-34.538,-34.409
2025-06,GOLDM,2025-08-05,2025-06-02,2025-07-01,29,6.196,-0.662,-0.491,-0.172,-48.311,-65.126
2025-06,GOLDPETAL,2025-07-31,2025-06-02,2025-07-01,29,4.99,0.081,-0.396,0.479,-38.885,8.008
2025-06,GOLDTEN,2025-07-31,2025-06-02,2025-07-01,29,5.908,-0.629,-0.468,-0.162,-45.955,-61.762
2025-07,GOLDGUINEA,2025-08-29,2025-07-01,2025-08-01,31,6.58,1.467,-0.557,2.035,-54.813,144.269
2025-07,GOLDM,2025-09-05,2025-07-01,2025-08-01,31,5.204,1.543,-0.441,1.993,-43.321,151.558
2025-07,GOLDPETAL,2025-08-29,2025-07-01,2025-08-01,31,6.032,1.195,-0.511,1.715,-50.504,118.118
2025-07,GOLDTEN,2025-08-29,2025-07-01,2025-08-01,31,5.553,1.57,-0.471,2.05,-46.113,153.854
2025-08,GOLDGUINEA,2025-09-30,2025-08-01,2025-09-01,31,5.317,4.79,-0.451,5.264,-45.216,480.606
2025-08,GOLDM,2025-10-03,2025-08-01,2025-09-01,31,6.075,4.98,-0.515,5.523,-51.584,499.095
2025-08,GOLDPETAL,2025-09-30,2025-08-01,2025-09-01,31,6.079,4.738,-0.515,5.28,-51.784,476.476
2025-08,GOLDTEN,2025-09-30,2025-08-01,2025-09-01,31,5.587,4.909,-0.473,5.408,-47.343,490.891
2025-09,GOLDGUINEA,2025-10-31,2025-09-01,2025-10-01,30,7.11,11.794,-0.583,12.449,-61.64,1247.623
2025-09,GOLDM,2025-11-05,2025-09-01,2025-10-01,30,7.866,11.133,-0.644,11.854,-68.169,1177.688
2025-09,GOLDPETAL,2025-10-31,2025-09-01,2025-10-01,30,6.472,11.484,-0.531,12.079,-56.19,1216.216
2025-09,GOLDTEN,2025-10-31,2025-09-01,2025-10-01,30,6.806,11.385,-0.558,12.01,-58.849,1201.101
2025-10,GOLDGUINEA,2025-11-28,2025-10-01,2025-11-03,33,8.708,3.237,-0.784,4.053,-93.33,385.26
2025-10,GOLDM,2025-12-05,2025-10-01,2025-11-03,33,7.032,3.204,-0.634,3.862,-74.933,378.794
2025-10,GOLDPETAL,2025-11-28,2025-10-01,2025-11-03,33,9.436,3.401,-0.85,4.287,-101.007,404.404
2025-10,GOLDTEN,2025-11-28,2025-10-01,2025-11-03,33,8.639,3.06,-0.778,3.868,-91.926,361.562
2025-11,GOLDGUINEA,2025-12-31,2025-11-03,2025-12-01,28,8.987,5.719,-0.687,6.45,-84.901,706.707
2025-11,GOLDM,2026-01-05,2025-11-03,2025-12-01,28,7.299,6.044,-0.558,6.639,-68.557,742.111
2025-11,GOLDPETAL,2025-12-31,2025-11-03,2025-12-01,28,7.361,6.004,-0.563,6.604,-69.661,742.743
2025-11,GOLDTEN,2025-12-31,2025-11-03,2025-12-01,28,8.234,5.894,-0.63,6.565,-77.211,722.723
2025-12,GOLDGUINEA,2026-01-30,2025-12-01,2026-01-01,31,9.692,6.363,-0.82,7.242,-107.948,837.838
2025-12,GOLDM,2026-02-05,2025-12-01,2026-01-01,31,9.928,3.919,-0.84,4.799,-110.251,514.573
2025-12,GOLDPETAL,2026-01-30,2025-12-01,2026-01-01,31,9.487,5.66,-0.802,6.515,-106.008,747.748
2025-12,GOLDTEN,2026-01-30,2025-12-01,2026-01-01,31,11.423,4.532,-0.966,5.551,-126.388,593.193
2026-01,GOLDGUINEA,2026-02-27,2026-01-01,2026-02-01,31,21.38,5.088,-1.799,7.014,-256.197,724.474
2026-01,GOLDM,2026-03-05,2026-01-01,2026-02-01,31,19.277,4.835,-1.624,6.566,-225.131,670.352
2026-01,GOLDPETAL,2026-02-27,2026-01-01,2026-02-01,31,18.055,6.347,-1.522,7.99,-215.043,896.897
2026-01,GOLDTEN,2026-02-27,2026-01-01,2026-02-01,31,17.148,6.301,-1.446,7.86,-201.081,876.276
2026-02,GOLDGUINEA,2026-03-31,2026-02-01,2026-03-02,29,42.271,9.711,-3.303,13.458,-511.43,1503.754
2026-02,GOLDM,2026-04-03,2026-02-01,2026-03-02,29,26.917,12.426,-2.116,14.856,-314.171,1845.025
2026-02,GOLDPETAL,2026-03-31,2026-02-01,2026-03-02,29,36.56,10.147,-2.863,13.394,-444.263,1574.575
2026-02,GOLDTEN,2026-03-31,2026-02-01,2026-03-02,29,37.385,9.286,-2.927,12.581,-447.917,1421.221
2026-03,GOLDGUINEA,2026-04-30,2026-03-02,2026-04-01,30,20.071,-11.382,-1.636,-9.908,-282.739,-1966.967
2026-03,GOLDM,2026-05-05,2026-03-02,2026-04-01,30,15.659,-9.72,-1.279,-8.551,-216.424,-1645.025
2026-03,GOLDPETAL,2026-04-30,2026-03-02,2026-04-01,30,18.948,-11.63,-1.545,-10.243,-268.268,-2019.019
2026-03,GOLDTEN,2026-04-30,2026-03-02,2026-04-01,30,19.003,-10.192,-1.55,-8.779,-263.325,-1731.832
2026-04,GOLDGUINEA,2026-05-29,2026-04-01,2026-05-01,30,13.599,-1.66,-1.112,-0.554,-172.388,-257.382
2026-04,GOLDM,2026-06-05,2026-04-01,2026-05-01,30,11.58,-1.563,-0.947,-0.621,-146.386,-241.508
2026-04,GOLDPETAL,2026-05-29,2026-04-01,2026-05-01,30,13.11,-1.585,-1.072,-0.519,-166.501,-246.246
2026-04,GOLDTEN,2026-05-29,2026-04-01,2026-05-01,30,15.101,-1.736,-1.233,-0.509,-190.496,-268.168
2026-05,GOLDGUINEA,2026-06-30,2026-05-01,2026-06-01,31,13.533,2.573,-1.143,3.759,-176.114,396.522
2026-05,GOLDM,2026-07-03,2026-05-01,2026-06-01,31,13.35,2.656,-1.127,3.826,-173.265,408.141
2026-05,GOLDPETAL,2026-06-30,2026-05-01,2026-06-01,31,12.301,2.481,-1.039,3.557,-160.611,383.383
2026-05,GOLDTEN,2026-06-30,2026-05-01,2026-06-01,31,12.109,2.609,-1.023,3.669,-156.927,400.1
2026-06,GOLDGUINEA,2026-07-31,2026-06-01,2026-07-01,30,14.312,-9.042,-1.169,-7.966,-187.119,-1446.822
2026-06,GOLDM,2026-08-05,2026-06-01,2026-07-01,30,15.29,-9.332,-1.249,-8.185,-199.76,-1492.663
2026-06,GOLDPETAL,2026-07-31,2026-06-01,2026-07-01,30,14.861,-9.214,-1.214,-8.098,-194.547,-1476.476
2026-06,GOLDTEN,2026-07-31,2026-06-01,2026-07-01,30,14.824,-9.215,-1.211,-8.102,-193.159,-1469.87
2026-07,GOLDGUINEA,2026-08-31,2026-07-01,2026-08-03,33,13.886,-2.759,-1.248,-1.53,-183.864,-406.532
2026-07,GOLDM,2026-09-04,2026-07-01,2026-08-03,33,14.225,-2.699,-1.278,-1.439,-187.7,-396.382
2026-07,GOLDPETAL,2026-08-31,2026-07-01,2026-08-03,33,14.93,-2.69,-1.341,-1.368,-197.553,-396.396
2026-07,GOLDTEN,2026-08-31,2026-07-01,2026-08-03,33,14.575,-2.775,-1.309,-1.485,-192.024,-407.007
2026-08,GOLDGUINEA,2026-09-30,2026-08-03,2026-09-01,29,10.996,5.675,-0.87,6.602,-125.878,821.196
2026-08,GOLDM,2026-10-05,2026-08-03,2026-09-01,29,7.026,6.235,-0.557,6.83,-80.016,896.281
2026-08,GOLDPETAL,2026-09-30,2026-08-03,2026-09-01,29,10.571,5.71,-0.836,6.601,-120.972,825.826
2026-08,GOLDTEN,2026-09-30,2026-08-03,2026-09-01,29,8.664,5.975,-0.686,6.707,-98.587,858.759
2026-09,GOLDGUINEA,2026-10-30,2026-09-01,2026-10-01,30,10.572,-2.655,-0.865,-1.806,-133.447,-409.535
2026-09,GOLDM,2026-11-05,2026-09-01,2026-10-01,30,7.275,-2.479,-0.596,-1.894,-91.583,-380.804
2026-09,GOLDPETAL,2026-10-30,2026-09-01,2026-10-01,30,9.613,-2.572,-0.787,-1.799,-121.301,-396.396
2026-09,GOLDTEN,2026-10-30,2026-09-01,2026-10-01,30,8.169,-2.441,-0.669,-1.784,-102.603,-374.274
