test,strategy,slip_bp,trades,gross,cost,net,hit
test2,A (as frozen),0,137,15835.84,22568.17,-6732.33,0.47
test2,A (as frozen),5,137,15835.84,78610.13,-62774.29,0.23
test2,A (as frozen),10,137,15835.84,134652.09,-118816.26,0.14
test2,B (as frozen),0,16,46530.86,7095.22,39435.65,0.56
test2,B (as frozen),5,16,46530.86,39569.36,6961.5,0.5
test2,B (as frozen),10,16,46530.86,72043.51,-25512.64,0.38
test2,C (retrained),0,13,27818.64,5672.98,22145.66,0.69
test2,C (retrained),5,13,27818.64,31526.11,-3707.46,0.46
test2,C (retrained),10,13,27818.64,57379.23,-29560.59,0.38
test3,A (as frozen),0,109,-6421.42,14987.06,-21408.49,0.41
test3,A (as frozen),5,109,-6421.42,42312.11,-48733.53,0.17
test3,A (as frozen),10,109,-6421.42,69637.15,-76058.57,0.08
test3,B (as frozen),0,22,68897.76,6619.22,62278.53,0.73
test3,B (as frozen),5,22,68897.76,33024.92,35872.84,0.59
test3,B (as frozen),10,22,68897.76,59430.61,9467.14,0.45
test3,C (retrained),0,13,40848.09,3899.43,36948.66,0.77
test3,C (retrained),5,13,40848.09,19433.37,21414.72,0.77
test3,C (retrained),10,13,40848.09,34967.31,5880.78,0.46
