pair,expiry,days,mean_bp,sd_bp,share_days_positive
GUINEA-PETAL,2025-04-30,79,13,83,0.43
GUINEA-PETAL,2025-05-30,85,-12,54,0.24
GUINEA-PETAL,2025-06-30,85,-30,18,0.06
GUINEA-PETAL,2025-07-31,87,-34,19,0.03
GUINEA-PETAL,2026-12-31,63,7,17,0.67
GUINEA-PETAL,2027-01-29,39,17,26,0.85
GUINEA-PETAL,2027-02-26,19,35,13,1.0
GUINEA-TEN,2025-04-30,21,38,35,0.9
GUINEA-TEN,2025-05-30,43,43,31,0.91
GUINEA-TEN,2025-06-30,64,56,37,0.98
GUINEA-TEN,2025-07-31,66,38,27,0.91
GUINEA-TEN,2026-12-31,63,97,37,1.0
GUINEA-TEN,2027-01-29,39,89,29,1.0
GUINEA-TEN,2027-02-26,19,95,14,1.0
PETAL-TEN,2025-04-30,21,93,62,1.0
PETAL-TEN,2025-05-30,43,83,34,0.98
PETAL-TEN,2025-06-30,64,87,39,1.0
PETAL-TEN,2025-07-31,66,74,31,0.98
PETAL-TEN,2026-11-30,85,78,37,1.0
PETAL-TEN,2026-12-31,63,90,37,1.0
PETAL-TEN,2027-01-29,40,73,27,1.0
PETAL-TEN,2027-02-26,19,59,14,1.0
