lookback,entry_z,slip_bp,pair,expiry,entry,exit,side,entry_spread_bp,exit_spread_bp,days_held,gross_rs,cost_rs,net_rs,gold_move_40g_rs
5,1.5,0,GOLDGUINEA-GOLDPETAL,2025-04-30,2025-02-06,2025-03-13,long a/short b,119.3,-27.1,35,-5025.025025024952,213.97939739739743,-5239.004422422349,16066.066066065978
5,1.5,0,GOLDGUINEA-GOLDPETAL,2025-04-30,2025-03-14,2025-03-31,long a/short b,-52.1,-64.1,17,-465.4654654653132,218.4705355355356,-683.9360010008488,5653.15315315318
5,1.5,0,GOLDGUINEA-GOLDPETAL,2025-04-30,2025-04-02,2025-04-08,short a/long b,-48.1,-64.4,6,520.520520520513,218.30991791791791,302.21060260259503,-11311.311311311292
5,1.5,0,GOLDGUINEA-GOLDPETAL,2025-04-30,2025-04-09,2025-04-10,long a/short b,-40.4,-41.5,1,-60.060060060131946,219.58254814814816,-279.6426082082801,5455.455455455522
5,1.5,0,GOLDGUINEA-GOLDPETAL,2025-04-30,2025-04-14,2025-04-17,short a/long b,-15.8,-53.2,3,1446.4464464464982,224.62272332332333,1221.823723123175,8806.306306306215
5,1.5,0,GOLDGUINEA-GOLDPETAL,2025-04-30,2025-04-21,2025-04-22,long a/short b,-6.4,-59.8,1,-2097.0970970970666,228.77209789789794,-2325.8691949949643,3636.1361361361196
5,1.5,0,GOLDGUINEA-GOLDPETAL,2025-04-30,2025-04-23,2025-04-28,long a/short b,-60.4,-202.7,5,-5540.54054054046,226.429,-5766.96954054046,4957.4574574574945
5,1.5,0,GOLDGUINEA-GOLDTEN,2025-04-30,2025-04-11,2025-04-16,long a/short b,14.6,23.7,5,362.362362362328,224.70249185185187,137.6598705104761,7896.896896896869
5,1.5,0,GOLDPETAL-GOLDTEN,2025-04-30,2025-04-11,2025-04-17,long a/short b,38.3,94.3,6,2166.166166166149,224.73316980980982,1941.4329963563393,6764.764764764695
5,1.5,0,GOLDPETAL-GOLDTEN,2025-04-30,2025-04-21,2025-04-22,short a/long b,25.5,92.7,1,-2642.642642642677,228.57568864864868,-2871.2183312913257,3363.363363363387
5,1.5,0,GOLDPETAL-GOLDTEN,2025-04-30,2025-04-23,2025-04-28,short a/long b,87.1,284.0,5,-7627.627627627589,225.99143703703703,-7853.619064664626,3913.9139139139297
5,1.5,0,GOLDGUINEA-GOLDPETAL,2025-05-30,2025-02-20,2025-03-05,long a/short b,41.1,-3.5,13,-1576.5765765766264,215.686384984985,-1792.2629615616115,-307.8078078078397
5,1.5,0,GOLDGUINEA-GOLDPETAL,2025-05-30,2025-03-14,2025-03-31,long a/short b,-23.6,-55.0,17,-1161.1611611611443,218.85443803803804,-1380.0155991991824,6066.066066065978
5,1.5,0,GOLDGUINEA-GOLDPETAL,2025-05-30,2025-04-04,2025-04-07,long a/short b,-37.5,-49.7,3,-415.4154154153366,217.4227757757758,-632.8381911911124,-4812.312312312424
5,1.5,0,GOLDGUINEA-GOLDPETAL,2025-05-30,2025-04-09,2025-04-10,long a/short b,-50.2,-34.1,1,565.5655655656301,220.23269769769774,345.33286786793235,5768.2682682682935
5,1.5,0,GOLDGUINEA-GOLDPETAL,2025-05-30,2025-04-21,2025-04-22,long a/short b,-30.5,-19.5,1,425.425425425492,229.57427407407414,195.85115135141785,2815.3153153153835
5,1.5,0,GOLDGUINEA-GOLDPETAL,2025-05-30,2025-04-23,2025-04-28,short a/long b,-26.2,-33.7,5,300.30030030029593,226.96508548548547,73.33521481481046,3413.4134134133637
5,1.5,0,GOLDGUINEA-GOLDTEN,2025-05-30,2025-04-11,2025-04-21,long a/short b,12.5,31.5,10,761.7617617617361,226.23175963963962,535.5300021220964,14278.778778778797
5,1.5,0,GOLDGUINEA-GOLDTEN,2025-05-30,2025-04-23,2025-04-25,short a/long b,61.6,65.3,2,-144.14414414408384,225.84970434434436,-369.99384848842817,388.38838838841184
5,1.5,0,GOLDPETAL-GOLDTEN,2025-05-30,2025-04-11,2025-04-21,long a/short b,46.4,62.0,10,676.6766766765795,226.4413202002002,450.2353564763793,14236.236236236291
5,1.5,0,GOLDPETAL-GOLDTEN,2025-05-30,2025-04-23,2025-04-25,short a/long b,87.8,96.2,2,-324.3243243242614,226.030937977978,-550.3552623022395,478.4784784785006
5,1.5,0,GOLDGUINEA-GOLDPETAL,2025-06-30,2025-03-28,2025-04-02,short a/long b,-27.2,-59.1,5,1191.1911911911739,220.60061621621622,970.5905749749577,5010.01001001001
5,1.5,0,GOLDGUINEA-GOLDPETAL,2025-06-30,2025-04-03,2025-04-07,long a/short b,-58.1,-19.4,4,1436.4364364364883,219.09128308308308,1217.3451533534053,-9011.51151151149
5,1.5,0,GOLDGUINEA-GOLDPETAL,2025-06-30,2025-04-08,2025-04-09,short a/long b,-70.9,-65.1,1,-170.17017017024045,218.6892880880881,-388.8594582583286,6251.251251251233
5,1.5,0,GOLDGUINEA-GOLDPETAL,2025-06-30,2025-04-14,2025-04-17,short a/long b,-22.2,-36.5,3,570.5705705704895,225.43309069069068,345.13747987979883,9484.484484484492
5,1.5,0,GOLDGUINEA-GOLDPETAL,2025-06-30,2025-04-21,2025-04-23,long a/short b,-42.6,-24.6,2,720.720720720783,228.31131371371373,492.40940700706926,-6686.686686686735
5,1.5,0,GOLDGUINEA-GOLDTEN,2025-06-30,2025-04-11,2025-04-16,long a/short b,69.4,57.1,5,-419.41941941942787,225.08639275275277,-644.5058121721806,7542.042042042012
5,1.5,0,GOLDGUINEA-GOLDTEN,2025-06-30,2025-04-21,2025-04-22,short a/long b,68.0,120.6,1,-2079.0790790791652,228.9948174174174,-2308.0738964965826,2268.7687687688594
5,1.5,0,GOLDGUINEA-GOLDTEN,2025-06-30,2025-04-23,2025-04-25,short a/long b,116.3,89.8,2,1008.008008008037,226.3720552952953,781.6359527127418,749.2492492492602
5,1.5,0,GOLDPETAL-GOLDTEN,2025-06-30,2025-04-11,2025-04-17,long a/short b,69.3,130.7,6,2410.410410410259,225.20930914914914,2185.2011012611097,7603.603603603551
5,1.5,0,GOLDPETAL-GOLDTEN,2025-06-30,2025-04-21,2025-04-25,short a/long b,110.6,117.4,4,-188.1881881881418,227.80204828828832,-415.99023647643014,-6780.780780780769
5,1.5,0,GOLDPETAL-GOLDTEN,2025-06-30,2025-04-29,2025-04-30,long a/short b,90.7,91.3,1,-4.004004004018498,226.72867731731733,-230.73268132133583,-3001.001001001059
5,1.5,0,GOLDGUINEA-GOLDPETAL,2025-07-31,2025-04-21,2025-04-24,long a/short b,-40.2,-32.3,3,320.3203203203884,229.25385065065066,91.06646966973776,-3123.123123123223
5,1.5,5,GOLDGUINEA-GOLDPETAL,2025-04-30,2025-02-06,2025-03-13,long a/short b,119.3,-27.1,35,-5025.025025024952,910.7011191191191,-5935.726144144071,16066.066066065978
5,1.5,5,GOLDGUINEA-GOLDPETAL,2025-04-30,2025-03-14,2025-03-31,long a/short b,-52.1,-64.1,17,-465.4654654653132,940.2548198198199,-1405.720285285133,5653.15315315318
5,1.5,5,GOLDGUINEA-GOLDPETAL,2025-04-30,2025-04-02,2025-04-08,short a/long b,-48.1,-64.4,6,520.520520520513,938.9305385385385,-418.41001801802554,-11311.311311311292
5,1.5,5,GOLDGUINEA-GOLDPETAL,2025-04-30,2025-04-09,2025-04-10,long a/short b,-40.4,-41.5,1,-60.060060060131946,947.7407063063063,-1007.8007663664382,5455.455455455522
5,1.5,5,GOLDGUINEA-GOLDPETAL,2025-04-30,2025-04-14,2025-04-17,short a/long b,-15.8,-53.2,3,1446.4464464464982,981.7473479479479,464.69909849855026,8806.306306306215
5,1.5,5,GOLDGUINEA-GOLDPETAL,2025-04-30,2025-04-21,2025-04-22,long a/short b,-6.4,-59.8,1,-2097.0970970970666,1010.8566824824826,-3107.953779579549,3636.1361361361196
5,1.5,5,GOLDGUINEA-GOLDPETAL,2025-04-30,2025-04-23,2025-04-28,long a/short b,-60.4,-202.7,5,-5540.54054054046,995.6857567567567,-6536.226297297217,4957.4574574574945
5,1.5,5,GOLDGUINEA-GOLDTEN,2025-04-30,2025-04-11,2025-04-16,long a/short b,14.6,23.7,5,362.362362362328,982.5433326926927,-620.1809703303647,7896.896896896869
5,1.5,5,GOLDPETAL-GOLDTEN,2025-04-30,2025-04-11,2025-04-17,long a/short b,38.3,94.3,6,2166.166166166149,982.3327694094095,1183.8333967567396,6764.764764764695
5,1.5,5,GOLDPETAL-GOLDTEN,2025-04-30,2025-04-21,2025-04-22,short a/long b,25.5,92.7,1,-2642.642642642677,1009.6447577177178,-3652.2874003603947,3363.363363363387
5,1.5,5,GOLDPETAL-GOLDTEN,2025-04-30,2025-04-23,2025-04-28,short a/long b,87.1,284.0,5,-7627.627627627589,993.1886342342342,-8620.816261861824,3913.9139139139297
5,1.5,5,GOLDGUINEA-GOLDPETAL,2025-05-30,2025-02-20,2025-03-05,long a/short b,41.1,-3.5,13,-1576.5765765766264,921.5347333333334,-2498.11130990996,-307.8078078078397
5,1.5,5,GOLDGUINEA-GOLDPETAL,2025-05-30,2025-03-14,2025-03-31,long a/short b,-23.6,-55.0,17,-1161.1611611611443,943.0336172172173,-2104.1947783783617,6066.066066065978
5,1.5,5,GOLDGUINEA-GOLDPETAL,2025-05-30,2025-04-04,2025-04-07,long a/short b,-37.5,-49.7,3,-415.4154154153366,933.100953953954,-1348.5163693692907,-4812.312312312424
5,1.5,5,GOLDGUINEA-GOLDPETAL,2025-05-30,2025-04-09,2025-04-10,long a/short b,-50.2,-34.1,1,565.5655655656301,952.0269919919921,-386.461426426362,5768.2682682682935
5,1.5,5,GOLDGUINEA-GOLDPETAL,2025-05-30,2025-04-21,2025-04-22,long a/short b,-30.5,-19.5,1,425.425425425492,1015.7379377377379,-590.3125123122459,2815.3153153153835
5,1.5,5,GOLDGUINEA-GOLDPETAL,2025-05-30,2025-04-23,2025-04-28,short a/long b,-26.2,-33.7,5,300.30030030029593,997.9811015015015,-697.6808012012056,3413.4134134133637
5,1.5,5,GOLDGUINEA-GOLDTEN,2025-05-30,2025-04-11,2025-04-21,long a/short b,12.5,31.5,10,761.7617617617361,992.8749027827827,-231.11314102104654,14278.778778778797
5,1.5,5,GOLDGUINEA-GOLDTEN,2025-05-30,2025-04-23,2025-04-25,short a/long b,61.6,65.3,2,-144.14414414408384,990.4813359759761,-1134.6254801200598,388.38838838841184
5,1.5,5,GOLDPETAL-GOLDTEN,2025-05-30,2025-04-11,2025-04-21,long a/short b,46.4,62.0,10,676.6766766765795,994.323202082082,-317.64652540550253,14236.236236236291
5,1.5,5,GOLDPETAL-GOLDTEN,2025-05-30,2025-04-23,2025-04-25,short a/long b,87.8,96.2,2,-324.3243243242614,991.7586657057059,-1316.0829900299673,478.4784784785006
5,1.5,5,GOLDGUINEA-GOLDPETAL,2025-06-30,2025-03-28,2025-04-02,short a/long b,-27.2,-59.1,5,1191.1911911911739,954.3894050050051,236.80178618616878,5010.01001001001
5,1.5,5,GOLDGUINEA-GOLDPETAL,2025-06-30,2025-04-03,2025-04-07,long a/short b,-58.1,-19.4,4,1436.4364364364883,944.0437355355356,492.3927009009527,-9011.51151151149
5,1.5,5,GOLDGUINEA-GOLDPETAL,2025-06-30,2025-04-08,2025-04-09,short a/long b,-70.9,-65.1,1,-170.17017017024045,941.6772760760762,-1111.8474462463166,6251.251251251233
5,1.5,5,GOLDGUINEA-GOLDPETAL,2025-06-30,2025-04-14,2025-04-17,short a/long b,-22.2,-36.5,3,570.5705705704895,987.4751327327326,-416.9045621622431,9484.484484484492
5,1.5,5,GOLDGUINEA-GOLDPETAL,2025-06-30,2025-04-21,2025-04-23,long a/short b,-42.6,-24.6,2,720.720720720783,1007.0600624624624,-286.3393417416794,-6686.686686686735
5,1.5,5,GOLDGUINEA-GOLDTEN,2025-06-30,2025-04-11,2025-04-16,long a/short b,69.4,57.1,5,-419.41941941942787,985.3421485085086,-1404.7615679279365,7542.042042042012
5,1.5,5,GOLDGUINEA-GOLDTEN,2025-06-30,2025-04-21,2025-04-22,short a/long b,68.0,120.6,1,-2079.0790790791652,1012.3706932932932,-3091.4497723724585,2268.7687687688594
5,1.5,5,GOLDGUINEA-GOLDTEN,2025-06-30,2025-04-23,2025-04-25,short a/long b,116.3,89.8,2,1008.008008008037,993.7739571971972,14.23405081083979,749.2492492492602
5,1.5,5,GOLDPETAL-GOLDTEN,2025-06-30,2025-04-11,2025-04-17,long a/short b,69.3,130.7,6,2410.410410410259,985.5216214614613,1424.8887889487976,7603.603603603551
5,1.5,5,GOLDPETAL-GOLDTEN,2025-06-30,2025-04-21,2025-04-25,short a/long b,110.6,117.4,4,-188.1881881881418,1003.8000462862865,-1191.9882344744283,-6780.780780780769
5,1.5,5,GOLDPETAL-GOLDTEN,2025-06-30,2025-04-29,2025-04-30,long a/short b,90.7,91.3,1,-4.004004004018498,996.4403890290291,-1000.4443930330476,-3001.001001001059
5,1.5,5,GOLDGUINEA-GOLDPETAL,2025-07-31,2025-04-21,2025-04-24,long a/short b,-40.2,-32.3,3,320.3203203203884,1013.578174974975,-693.2578546545866,-3123.123123123223
5,1.5,10,GOLDGUINEA-GOLDPETAL,2025-04-30,2025-02-06,2025-03-13,long a/short b,119.3,-27.1,35,-5025.025025024952,1607.4228408408408,-6632.447865865793,16066.066066065978
5,1.5,10,GOLDGUINEA-GOLDPETAL,2025-04-30,2025-03-14,2025-03-31,long a/short b,-52.1,-64.1,17,-465.4654654653132,1662.0391041041044,-2127.5045695694175,5653.15315315318
5,1.5,10,GOLDGUINEA-GOLDPETAL,2025-04-30,2025-04-02,2025-04-08,short a/long b,-48.1,-64.4,6,520.520520520513,1659.551159159159,-1139.030638638646,-11311.311311311292
5,1.5,10,GOLDGUINEA-GOLDPETAL,2025-04-30,2025-04-09,2025-04-10,long a/short b,-40.4,-41.5,1,-60.060060060131946,1675.8988644644642,-1735.9589245245961,5455.455455455522
5,1.5,10,GOLDGUINEA-GOLDPETAL,2025-04-30,2025-04-14,2025-04-17,short a/long b,-15.8,-53.2,3,1446.4464464464982,1738.8719725725723,-292.42552612607415,8806.306306306215
5,1.5,10,GOLDGUINEA-GOLDPETAL,2025-04-30,2025-04-21,2025-04-22,long a/short b,-6.4,-59.8,1,-2097.0970970970666,1792.9412670670672,-3890.038364164134,3636.1361361361196
5,1.5,10,GOLDGUINEA-GOLDPETAL,2025-04-30,2025-04-23,2025-04-28,long a/short b,-60.4,-202.7,5,-5540.54054054046,1764.9425135135134,-7305.483054053973,4957.4574574574945
5,1.5,10,GOLDGUINEA-GOLDTEN,2025-04-30,2025-04-11,2025-04-16,long a/short b,14.6,23.7,5,362.362362362328,1740.3841735335336,-1378.0218111712056,7896.896896896869
5,1.5,10,GOLDPETAL-GOLDTEN,2025-04-30,2025-04-11,2025-04-17,long a/short b,38.3,94.3,6,2166.166166166149,1739.932369009009,426.2337971571401,6764.764764764695
5,1.5,10,GOLDPETAL-GOLDTEN,2025-04-30,2025-04-21,2025-04-22,short a/long b,25.5,92.7,1,-2642.642642642677,1790.713826786787,-4433.356469429464,3363.363363363387
5,1.5,10,GOLDPETAL-GOLDTEN,2025-04-30,2025-04-23,2025-04-28,short a/long b,87.1,284.0,5,-7627.627627627589,1760.3858314314314,-9388.01345905902,3913.9139139139297
5,1.5,10,GOLDGUINEA-GOLDPETAL,2025-05-30,2025-02-20,2025-03-05,long a/short b,41.1,-3.5,13,-1576.5765765766264,1627.3830816816817,-3203.959658258308,-307.8078078078397
5,1.5,10,GOLDGUINEA-GOLDPETAL,2025-05-30,2025-03-14,2025-03-31,long a/short b,-23.6,-55.0,17,-1161.1611611611443,1667.2127963963962,-2828.3739575575405,6066.066066065978
5,1.5,10,GOLDGUINEA-GOLDPETAL,2025-05-30,2025-04-04,2025-04-07,long a/short b,-37.5,-49.7,3,-415.4154154153366,1648.779132132132,-2064.1945475474686,-4812.312312312424
5,1.5,10,GOLDGUINEA-GOLDPETAL,2025-05-30,2025-04-09,2025-04-10,long a/short b,-50.2,-34.1,1,565.5655655656301,1683.821286286286,-1118.255720720656,5768.2682682682935
5,1.5,10,GOLDGUINEA-GOLDPETAL,2025-05-30,2025-04-21,2025-04-22,long a/short b,-30.5,-19.5,1,425.425425425492,1801.9016014014016,-1376.4761759759097,2815.3153153153835
5,1.5,10,GOLDGUINEA-GOLDPETAL,2025-05-30,2025-04-23,2025-04-28,short a/long b,-26.2,-33.7,5,300.30030030029593,1768.9971175175174,-1468.6968172172215,3413.4134134133637
5,1.5,10,GOLDGUINEA-GOLDTEN,2025-05-30,2025-04-11,2025-04-21,long a/short b,12.5,31.5,10,761.7617617617361,1759.518045925926,-997.7562841641898,14278.778778778797
5,1.5,10,GOLDGUINEA-GOLDTEN,2025-05-30,2025-04-23,2025-04-25,short a/long b,61.6,65.3,2,-144.14414414408384,1755.1129676076075,-1899.2571117516914,388.38838838841184
5,1.5,10,GOLDPETAL-GOLDTEN,2025-05-30,2025-04-11,2025-04-21,long a/short b,46.4,62.0,10,676.6766766765795,1762.2050839639637,-1085.5284072873842,14236.236236236291
5,1.5,10,GOLDPETAL-GOLDTEN,2025-05-30,2025-04-23,2025-04-25,short a/long b,87.8,96.2,2,-324.3243243242614,1757.4863934334335,-2081.810717757695,478.4784784785006
5,1.5,10,GOLDGUINEA-GOLDPETAL,2025-06-30,2025-03-28,2025-04-02,short a/long b,-27.2,-59.1,5,1191.1911911911739,1688.1781937937935,-496.98700260261967,5010.01001001001
5,1.5,10,GOLDGUINEA-GOLDPETAL,2025-06-30,2025-04-03,2025-04-07,long a/short b,-58.1,-19.4,4,1436.4364364364883,1668.996187987988,-232.55975155149963,-9011.51151151149
5,1.5,10,GOLDGUINEA-GOLDPETAL,2025-06-30,2025-04-08,2025-04-09,short a/long b,-70.9,-65.1,1,-170.17017017024045,1664.665264064064,-1834.8354342343046,6251.251251251233
5,1.5,10,GOLDGUINEA-GOLDPETAL,2025-06-30,2025-04-14,2025-04-17,short a/long b,-22.2,-36.5,3,570.5705705704895,1749.5171747747745,-1178.946604204285,9484.484484484492
5,1.5,10,GOLDGUINEA-GOLDPETAL,2025-06-30,2025-04-21,2025-04-23,long a/short b,-42.6,-24.6,2,720.720720720783,1785.8088112112112,-1065.0880904904282,-6686.686686686735
5,1.5,10,GOLDGUINEA-GOLDTEN,2025-06-30,2025-04-11,2025-04-16,long a/short b,69.4,57.1,5,-419.41941941942787,1745.5979042642643,-2165.017323683692,7542.042042042012
5,1.5,10,GOLDGUINEA-GOLDTEN,2025-06-30,2025-04-21,2025-04-22,short a/long b,68.0,120.6,1,-2079.0790790791652,1795.746569169169,-3874.8256482483343,2268.7687687688594
5,1.5,10,GOLDGUINEA-GOLDTEN,2025-06-30,2025-04-23,2025-04-25,short a/long b,116.3,89.8,2,1008.008008008037,1761.175859099099,-753.167851091062,749.2492492492602
5,1.5,10,GOLDPETAL-GOLDTEN,2025-06-30,2025-04-11,2025-04-17,long a/short b,69.3,130.7,6,2410.410410410259,1745.8339337737734,664.5764766364855,7603.603603603551
5,1.5,10,GOLDPETAL-GOLDTEN,2025-06-30,2025-04-21,2025-04-25,short a/long b,110.6,117.4,4,-188.1881881881418,1779.7980442842845,-1967.9862324724263,-6780.780780780769
5,1.5,10,GOLDPETAL-GOLDTEN,2025-06-30,2025-04-29,2025-04-30,long a/short b,90.7,91.3,1,-4.004004004018498,1766.1521007407407,-1770.1561047447592,-3001.001001001059
5,1.5,10,GOLDGUINEA-GOLDPETAL,2025-07-31,2025-04-21,2025-04-24,long a/short b,-40.2,-32.3,3,320.3203203203884,1797.9024992992993,-1477.5821789789109,-3123.123123123223
5,2.0,0,GOLDGUINEA-GOLDPETAL,2025-04-30,2025-02-06,2025-03-13,long a/short b,119.3,-27.1,35,-5025.025025024952,213.97939739739743,-5239.004422422349,16066.066066065978
5,2.0,0,GOLDGUINEA-GOLDPETAL,2025-04-30,2025-03-14,2025-03-31,long a/short b,-52.1,-64.1,17,-465.4654654653132,218.4705355355356,-683.9360010008488,5653.15315315318
5,2.0,0,GOLDGUINEA-GOLDPETAL,2025-04-30,2025-04-09,2025-04-10,long a/short b,-40.4,-41.5,1,-60.060060060131946,219.58254814814816,-279.6426082082801,5455.455455455522
5,2.0,0,GOLDGUINEA-GOLDPETAL,2025-04-30,2025-04-14,2025-04-17,short a/long b,-15.8,-53.2,3,1446.4464464464982,224.62272332332333,1221.823723123175,8806.306306306215
5,2.0,0,GOLDGUINEA-GOLDTEN,2025-04-30,2025-04-11,2025-04-16,long a/short b,14.6,23.7,5,362.362362362328,224.70249185185187,137.6598705104761,7896.896896896869
5,2.0,0,GOLDPETAL-GOLDTEN,2025-04-30,2025-04-11,2025-04-17,long a/short b,38.3,94.3,6,2166.166166166149,224.73316980980982,1941.4329963563393,6764.764764764695
5,2.0,0,GOLDPETAL-GOLDTEN,2025-04-30,2025-04-21,2025-04-22,short a/long b,25.5,92.7,1,-2642.642642642677,228.57568864864868,-2871.2183312913257,3363.363363363387
5,2.0,0,GOLDGUINEA-GOLDPETAL,2025-05-30,2025-02-20,2025-03-05,long a/short b,41.1,-3.5,13,-1576.5765765766264,215.686384984985,-1792.2629615616115,-307.8078078078397
5,2.0,0,GOLDGUINEA-GOLDPETAL,2025-05-30,2025-03-14,2025-03-31,long a/short b,-23.6,-55.0,17,-1161.1611611611443,218.85443803803804,-1380.0155991991824,6066.066066065978
5,2.0,0,GOLDGUINEA-GOLDPETAL,2025-05-30,2025-04-04,2025-04-07,long a/short b,-37.5,-49.7,3,-415.4154154153366,217.4227757757758,-632.8381911911124,-4812.312312312424
5,2.0,0,GOLDGUINEA-GOLDPETAL,2025-05-30,2025-04-09,2025-04-10,long a/short b,-50.2,-34.1,1,565.5655655656301,220.23269769769774,345.33286786793235,5768.2682682682935
5,2.0,0,GOLDGUINEA-GOLDTEN,2025-05-30,2025-04-11,2025-04-21,long a/short b,12.5,31.5,10,761.7617617617361,226.23175963963962,535.5300021220964,14278.778778778797
5,2.0,0,GOLDGUINEA-GOLDTEN,2025-05-30,2025-04-23,2025-04-25,short a/long b,61.6,65.3,2,-144.14414414408384,225.84970434434436,-369.99384848842817,388.38838838841184
5,2.0,0,GOLDPETAL-GOLDTEN,2025-05-30,2025-04-11,2025-04-21,long a/short b,46.4,62.0,10,676.6766766765795,226.4413202002002,450.2353564763793,14236.236236236291
5,2.0,0,GOLDPETAL-GOLDTEN,2025-05-30,2025-04-23,2025-04-25,short a/long b,87.8,96.2,2,-324.3243243242614,226.030937977978,-550.3552623022395,478.4784784785006
5,2.0,0,GOLDGUINEA-GOLDPETAL,2025-06-30,2025-03-28,2025-04-02,short a/long b,-27.2,-59.1,5,1191.1911911911739,220.60061621621622,970.5905749749577,5010.01001001001
5,2.0,0,GOLDGUINEA-GOLDPETAL,2025-06-30,2025-04-03,2025-04-07,long a/short b,-58.1,-19.4,4,1436.4364364364883,219.09128308308308,1217.3451533534053,-9011.51151151149
5,2.0,0,GOLDGUINEA-GOLDTEN,2025-06-30,2025-04-11,2025-04-16,long a/short b,69.4,57.1,5,-419.41941941942787,225.08639275275277,-644.5058121721806,7542.042042042012
5,2.0,0,GOLDGUINEA-GOLDTEN,2025-06-30,2025-04-21,2025-04-22,short a/long b,68.0,120.6,1,-2079.0790790791652,228.9948174174174,-2308.0738964965826,2268.7687687688594
5,2.0,0,GOLDGUINEA-GOLDTEN,2025-06-30,2025-04-23,2025-04-25,short a/long b,116.3,89.8,2,1008.008008008037,226.3720552952953,781.6359527127418,749.2492492492602
5,2.0,0,GOLDPETAL-GOLDTEN,2025-06-30,2025-04-11,2025-04-17,long a/short b,69.3,130.7,6,2410.410410410259,225.20930914914914,2185.2011012611097,7603.603603603551
5,2.0,0,GOLDPETAL-GOLDTEN,2025-06-30,2025-04-21,2025-04-25,short a/long b,110.6,117.4,4,-188.1881881881418,227.80204828828832,-415.99023647643014,-6780.780780780769
5,2.0,5,GOLDGUINEA-GOLDPETAL,2025-04-30,2025-02-06,2025-03-13,long a/short b,119.3,-27.1,35,-5025.025025024952,910.7011191191191,-5935.726144144071,16066.066066065978
5,2.0,5,GOLDGUINEA-GOLDPETAL,2025-04-30,2025-03-14,2025-03-31,long a/short b,-52.1,-64.1,17,-465.4654654653132,940.2548198198199,-1405.720285285133,5653.15315315318
5,2.0,5,GOLDGUINEA-GOLDPETAL,2025-04-30,2025-04-09,2025-04-10,long a/short b,-40.4,-41.5,1,-60.060060060131946,947.7407063063063,-1007.8007663664382,5455.455455455522
5,2.0,5,GOLDGUINEA-GOLDPETAL,2025-04-30,2025-04-14,2025-04-17,short a/long b,-15.8,-53.2,3,1446.4464464464982,981.7473479479479,464.69909849855026,8806.306306306215
5,2.0,5,GOLDGUINEA-GOLDTEN,2025-04-30,2025-04-11,2025-04-16,long a/short b,14.6,23.7,5,362.362362362328,982.5433326926927,-620.1809703303647,7896.896896896869
5,2.0,5,GOLDPETAL-GOLDTEN,2025-04-30,2025-04-11,2025-04-17,long a/short b,38.3,94.3,6,2166.166166166149,982.3327694094095,1183.8333967567396,6764.764764764695
5,2.0,5,GOLDPETAL-GOLDTEN,2025-04-30,2025-04-21,2025-04-22,short a/long b,25.5,92.7,1,-2642.642642642677,1009.6447577177178,-3652.2874003603947,3363.363363363387
5,2.0,5,GOLDGUINEA-GOLDPETAL,2025-05-30,2025-02-20,2025-03-05,long a/short b,41.1,-3.5,13,-1576.5765765766264,921.5347333333334,-2498.11130990996,-307.8078078078397
5,2.0,5,GOLDGUINEA-GOLDPETAL,2025-05-30,2025-03-14,2025-03-31,long a/short b,-23.6,-55.0,17,-1161.1611611611443,943.0336172172173,-2104.1947783783617,6066.066066065978
5,2.0,5,GOLDGUINEA-GOLDPETAL,2025-05-30,2025-04-04,2025-04-07,long a/short b,-37.5,-49.7,3,-415.4154154153366,933.100953953954,-1348.5163693692907,-4812.312312312424
5,2.0,5,GOLDGUINEA-GOLDPETAL,2025-05-30,2025-04-09,2025-04-10,long a/short b,-50.2,-34.1,1,565.5655655656301,952.0269919919921,-386.461426426362,5768.2682682682935
5,2.0,5,GOLDGUINEA-GOLDTEN,2025-05-30,2025-04-11,2025-04-21,long a/short b,12.5,31.5,10,761.7617617617361,992.8749027827827,-231.11314102104654,14278.778778778797
5,2.0,5,GOLDGUINEA-GOLDTEN,2025-05-30,2025-04-23,2025-04-25,short a/long b,61.6,65.3,2,-144.14414414408384,990.4813359759761,-1134.6254801200598,388.38838838841184
5,2.0,5,GOLDPETAL-GOLDTEN,2025-05-30,2025-04-11,2025-04-21,long a/short b,46.4,62.0,10,676.6766766765795,994.323202082082,-317.64652540550253,14236.236236236291
5,2.0,5,GOLDPETAL-GOLDTEN,2025-05-30,2025-04-23,2025-04-25,short a/long b,87.8,96.2,2,-324.3243243242614,991.7586657057059,-1316.0829900299673,478.4784784785006
5,2.0,5,GOLDGUINEA-GOLDPETAL,2025-06-30,2025-03-28,2025-04-02,short a/long b,-27.2,-59.1,5,1191.1911911911739,954.3894050050051,236.80178618616878,5010.01001001001
5,2.0,5,GOLDGUINEA-GOLDPETAL,2025-06-30,2025-04-03,2025-04-07,long a/short b,-58.1,-19.4,4,1436.4364364364883,944.0437355355356,492.3927009009527,-9011.51151151149
5,2.0,5,GOLDGUINEA-GOLDTEN,2025-06-30,2025-04-11,2025-04-16,long a/short b,69.4,57.1,5,-419.41941941942787,985.3421485085086,-1404.7615679279365,7542.042042042012
5,2.0,5,GOLDGUINEA-GOLDTEN,2025-06-30,2025-04-21,2025-04-22,short a/long b,68.0,120.6,1,-2079.0790790791652,1012.3706932932932,-3091.4497723724585,2268.7687687688594
5,2.0,5,GOLDGUINEA-GOLDTEN,2025-06-30,2025-04-23,2025-04-25,short a/long b,116.3,89.8,2,1008.008008008037,993.7739571971972,14.23405081083979,749.2492492492602
5,2.0,5,GOLDPETAL-GOLDTEN,2025-06-30,2025-04-11,2025-04-17,long a/short b,69.3,130.7,6,2410.410410410259,985.5216214614613,1424.8887889487976,7603.603603603551
5,2.0,5,GOLDPETAL-GOLDTEN,2025-06-30,2025-04-21,2025-04-25,short a/long b,110.6,117.4,4,-188.1881881881418,1003.8000462862865,-1191.9882344744283,-6780.780780780769
5,2.0,10,GOLDGUINEA-GOLDPETAL,2025-04-30,2025-02-06,2025-03-13,long a/short b,119.3,-27.1,35,-5025.025025024952,1607.4228408408408,-6632.447865865793,16066.066066065978
5,2.0,10,GOLDGUINEA-GOLDPETAL,2025-04-30,2025-03-14,2025-03-31,long a/short b,-52.1,-64.1,17,-465.4654654653132,1662.0391041041044,-2127.5045695694175,5653.15315315318
5,2.0,10,GOLDGUINEA-GOLDPETAL,2025-04-30,2025-04-09,2025-04-10,long a/short b,-40.4,-41.5,1,-60.060060060131946,1675.8988644644642,-1735.9589245245961,5455.455455455522
5,2.0,10,GOLDGUINEA-GOLDPETAL,2025-04-30,2025-04-14,2025-04-17,short a/long b,-15.8,-53.2,3,1446.4464464464982,1738.8719725725723,-292.42552612607415,8806.306306306215
5,2.0,10,GOLDGUINEA-GOLDTEN,2025-04-30,2025-04-11,2025-04-16,long a/short b,14.6,23.7,5,362.362362362328,1740.3841735335336,-1378.0218111712056,7896.896896896869
5,2.0,10,GOLDPETAL-GOLDTEN,2025-04-30,2025-04-11,2025-04-17,long a/short b,38.3,94.3,6,2166.166166166149,1739.932369009009,426.2337971571401,6764.764764764695
5,2.0,10,GOLDPETAL-GOLDTEN,2025-04-30,2025-04-21,2025-04-22,short a/long b,25.5,92.7,1,-2642.642642642677,1790.713826786787,-4433.356469429464,3363.363363363387
5,2.0,10,GOLDGUINEA-GOLDPETAL,2025-05-30,2025-02-20,2025-03-05,long a/short b,41.1,-3.5,13,-1576.5765765766264,1627.3830816816817,-3203.959658258308,-307.8078078078397
5,2.0,10,GOLDGUINEA-GOLDPETAL,2025-05-30,2025-03-14,2025-03-31,long a/short b,-23.6,-55.0,17,-1161.1611611611443,1667.2127963963962,-2828.3739575575405,6066.066066065978
5,2.0,10,GOLDGUINEA-GOLDPETAL,2025-05-30,2025-04-04,2025-04-07,long a/short b,-37.5,-49.7,3,-415.4154154153366,1648.779132132132,-2064.1945475474686,-4812.312312312424
5,2.0,10,GOLDGUINEA-GOLDPETAL,2025-05-30,2025-04-09,2025-04-10,long a/short b,-50.2,-34.1,1,565.5655655656301,1683.821286286286,-1118.255720720656,5768.2682682682935
5,2.0,10,GOLDGUINEA-GOLDTEN,2025-05-30,2025-04-11,2025-04-21,long a/short b,12.5,31.5,10,761.7617617617361,1759.518045925926,-997.7562841641898,14278.778778778797
5,2.0,10,GOLDGUINEA-GOLDTEN,2025-05-30,2025-04-23,2025-04-25,short a/long b,61.6,65.3,2,-144.14414414408384,1755.1129676076075,-1899.2571117516914,388.38838838841184
5,2.0,10,GOLDPETAL-GOLDTEN,2025-05-30,2025-04-11,2025-04-21,long a/short b,46.4,62.0,10,676.6766766765795,1762.2050839639637,-1085.5284072873842,14236.236236236291
5,2.0,10,GOLDPETAL-GOLDTEN,2025-05-30,2025-04-23,2025-04-25,short a/long b,87.8,96.2,2,-324.3243243242614,1757.4863934334335,-2081.810717757695,478.4784784785006
5,2.0,10,GOLDGUINEA-GOLDPETAL,2025-06-30,2025-03-28,2025-04-02,short a/long b,-27.2,-59.1,5,1191.1911911911739,1688.1781937937935,-496.98700260261967,5010.01001001001
5,2.0,10,GOLDGUINEA-GOLDPETAL,2025-06-30,2025-04-03,2025-04-07,long a/short b,-58.1,-19.4,4,1436.4364364364883,1668.996187987988,-232.55975155149963,-9011.51151151149
5,2.0,10,GOLDGUINEA-GOLDTEN,2025-06-30,2025-04-11,2025-04-16,long a/short b,69.4,57.1,5,-419.41941941942787,1745.5979042642643,-2165.017323683692,7542.042042042012
5,2.0,10,GOLDGUINEA-GOLDTEN,2025-06-30,2025-04-21,2025-04-22,short a/long b,68.0,120.6,1,-2079.0790790791652,1795.746569169169,-3874.8256482483343,2268.7687687688594
5,2.0,10,GOLDGUINEA-GOLDTEN,2025-06-30,2025-04-23,2025-04-25,short a/long b,116.3,89.8,2,1008.008008008037,1761.175859099099,-753.167851091062,749.2492492492602
5,2.0,10,GOLDPETAL-GOLDTEN,2025-06-30,2025-04-11,2025-04-17,long a/short b,69.3,130.7,6,2410.410410410259,1745.8339337737734,664.5764766364855,7603.603603603551
5,2.0,10,GOLDPETAL-GOLDTEN,2025-06-30,2025-04-21,2025-04-25,short a/long b,110.6,117.4,4,-188.1881881881418,1779.7980442842845,-1967.9862324724263,-6780.780780780769
5,2.5,0,GOLDGUINEA-GOLDPETAL,2025-04-30,2025-02-06,2025-03-13,long a/short b,119.3,-27.1,35,-5025.025025024952,213.97939739739743,-5239.004422422349,16066.066066065978
5,2.5,0,GOLDGUINEA-GOLDPETAL,2025-04-30,2025-03-17,2025-03-31,long a/short b,-49.7,-64.1,14,-550.5505505504698,218.60523603603605,-769.1557865865059,4849.849849849852
5,2.5,0,GOLDGUINEA-GOLDPETAL,2025-04-30,2025-04-09,2025-04-10,long a/short b,-40.4,-41.5,1,-60.060060060131946,219.58254814814816,-279.6426082082801,5455.455455455522
5,2.5,0,GOLDGUINEA-GOLDTEN,2025-04-30,2025-04-11,2025-04-16,long a/short b,14.6,23.7,5,362.362362362328,224.70249185185187,137.6598705104761,7896.896896896869
5,2.5,0,GOLDPETAL-GOLDTEN,2025-04-30,2025-04-11,2025-04-17,long a/short b,38.3,94.3,6,2166.166166166149,224.73316980980982,1941.4329963563393,6764.764764764695
5,2.5,0,GOLDPETAL-GOLDTEN,2025-04-30,2025-04-21,2025-04-22,short a/long b,25.5,92.7,1,-2642.642642642677,228.57568864864868,-2871.2183312913257,3363.363363363387
5,2.5,0,GOLDGUINEA-GOLDPETAL,2025-05-30,2025-02-20,2025-03-05,long a/short b,41.1,-3.5,13,-1576.5765765766264,215.686384984985,-1792.2629615616115,-307.8078078078397
5,2.5,0,GOLDGUINEA-GOLDPETAL,2025-05-30,2025-03-14,2025-03-31,long a/short b,-23.6,-55.0,17,-1161.1611611611443,218.85443803803804,-1380.0155991991824,6066.066066065978
5,2.5,0,GOLDGUINEA-GOLDPETAL,2025-05-30,2025-04-04,2025-04-07,long a/short b,-37.5,-49.7,3,-415.4154154153366,217.4227757757758,-632.8381911911124,-4812.312312312424
5,2.5,0,GOLDGUINEA-GOLDTEN,2025-05-30,2025-04-23,2025-04-25,short a/long b,61.6,65.3,2,-144.14414414408384,225.84970434434436,-369.99384848842817,388.38838838841184
5,2.5,0,GOLDPETAL-GOLDTEN,2025-05-30,2025-04-11,2025-04-21,long a/short b,46.4,62.0,10,676.6766766765795,226.4413202002002,450.2353564763793,14236.236236236291
5,2.5,0,GOLDPETAL-GOLDTEN,2025-05-30,2025-04-23,2025-04-25,short a/long b,87.8,96.2,2,-324.3243243242614,226.030937977978,-550.3552623022395,478.4784784785006
5,2.5,0,GOLDGUINEA-GOLDTEN,2025-06-30,2025-04-23,2025-04-25,short a/long b,116.3,89.8,2,1008.008008008037,226.3720552952953,781.6359527127418,749.2492492492602
5,2.5,0,GOLDPETAL-GOLDTEN,2025-06-30,2025-04-11,2025-04-17,long a/short b,69.3,130.7,6,2410.410410410259,225.20930914914914,2185.2011012611097,7603.603603603551
5,2.5,0,GOLDPETAL-GOLDTEN,2025-06-30,2025-04-21,2025-04-25,short a/long b,110.6,117.4,4,-188.1881881881418,227.80204828828832,-415.99023647643014,-6780.780780780769
5,2.5,5,GOLDGUINEA-GOLDPETAL,2025-04-30,2025-02-06,2025-03-13,long a/short b,119.3,-27.1,35,-5025.025025024952,910.7011191191191,-5935.726144144071,16066.066066065978
5,2.5,5,GOLDGUINEA-GOLDPETAL,2025-04-30,2025-03-17,2025-03-31,long a/short b,-49.7,-64.1,14,-550.5505505504698,941.1928236236238,-1491.7433741740936,4849.849849849852
5,2.5,5,GOLDGUINEA-GOLDPETAL,2025-04-30,2025-04-09,2025-04-10,long a/short b,-40.4,-41.5,1,-60.060060060131946,947.7407063063063,-1007.8007663664382,5455.455455455522
5,2.5,5,GOLDGUINEA-GOLDTEN,2025-04-30,2025-04-11,2025-04-16,long a/short b,14.6,23.7,5,362.362362362328,982.5433326926927,-620.1809703303647,7896.896896896869
5,2.5,5,GOLDPETAL-GOLDTEN,2025-04-30,2025-04-11,2025-04-17,long a/short b,38.3,94.3,6,2166.166166166149,982.3327694094095,1183.8333967567396,6764.764764764695
5,2.5,5,GOLDPETAL-GOLDTEN,2025-04-30,2025-04-21,2025-04-22,short a/long b,25.5,92.7,1,-2642.642642642677,1009.6447577177178,-3652.2874003603947,3363.363363363387
5,2.5,5,GOLDGUINEA-GOLDPETAL,2025-05-30,2025-02-20,2025-03-05,long a/short b,41.1,-3.5,13,-1576.5765765766264,921.5347333333334,-2498.11130990996,-307.8078078078397
5,2.5,5,GOLDGUINEA-GOLDPETAL,2025-05-30,2025-03-14,2025-03-31,long a/short b,-23.6,-55.0,17,-1161.1611611611443,943.0336172172173,-2104.1947783783617,6066.066066065978
5,2.5,5,GOLDGUINEA-GOLDPETAL,2025-05-30,2025-04-04,2025-04-07,long a/short b,-37.5,-49.7,3,-415.4154154153366,933.100953953954,-1348.5163693692907,-4812.312312312424
5,2.5,5,GOLDGUINEA-GOLDTEN,2025-05-30,2025-04-23,2025-04-25,short a/long b,61.6,65.3,2,-144.14414414408384,990.4813359759761,-1134.6254801200598,388.38838838841184
5,2.5,5,GOLDPETAL-GOLDTEN,2025-05-30,2025-04-11,2025-04-21,long a/short b,46.4,62.0,10,676.6766766765795,994.323202082082,-317.64652540550253,14236.236236236291
5,2.5,5,GOLDPETAL-GOLDTEN,2025-05-30,2025-04-23,2025-04-25,short a/long b,87.8,96.2,2,-324.3243243242614,991.7586657057059,-1316.0829900299673,478.4784784785006
5,2.5,5,GOLDGUINEA-GOLDTEN,2025-06-30,2025-04-23,2025-04-25,short a/long b,116.3,89.8,2,1008.008008008037,993.7739571971972,14.23405081083979,749.2492492492602
5,2.5,5,GOLDPETAL-GOLDTEN,2025-06-30,2025-04-11,2025-04-17,long a/short b,69.3,130.7,6,2410.410410410259,985.5216214614613,1424.8887889487976,7603.603603603551
5,2.5,5,GOLDPETAL-GOLDTEN,2025-06-30,2025-04-21,2025-04-25,short a/long b,110.6,117.4,4,-188.1881881881418,1003.8000462862865,-1191.9882344744283,-6780.780780780769
5,2.5,10,GOLDGUINEA-GOLDPETAL,2025-04-30,2025-02-06,2025-03-13,long a/short b,119.3,-27.1,35,-5025.025025024952,1607.4228408408408,-6632.447865865793,16066.066066065978
5,2.5,10,GOLDGUINEA-GOLDPETAL,2025-04-30,2025-03-17,2025-03-31,long a/short b,-49.7,-64.1,14,-550.5505505504698,1663.7804112112117,-2214.3309617616815,4849.849849849852
5,2.5,10,GOLDGUINEA-GOLDPETAL,2025-04-30,2025-04-09,2025-04-10,long a/short b,-40.4,-41.5,1,-60.060060060131946,1675.8988644644642,-1735.9589245245961,5455.455455455522
5,2.5,10,GOLDGUINEA-GOLDTEN,2025-04-30,2025-04-11,2025-04-16,long a/short b,14.6,23.7,5,362.362362362328,1740.3841735335336,-1378.0218111712056,7896.896896896869
5,2.5,10,GOLDPETAL-GOLDTEN,2025-04-30,2025-04-11,2025-04-17,long a/short b,38.3,94.3,6,2166.166166166149,1739.932369009009,426.2337971571401,6764.764764764695
5,2.5,10,GOLDPETAL-GOLDTEN,2025-04-30,2025-04-21,2025-04-22,short a/long b,25.5,92.7,1,-2642.642642642677,1790.713826786787,-4433.356469429464,3363.363363363387
5,2.5,10,GOLDGUINEA-GOLDPETAL,2025-05-30,2025-02-20,2025-03-05,long a/short b,41.1,-3.5,13,-1576.5765765766264,1627.3830816816817,-3203.959658258308,-307.8078078078397
5,2.5,10,GOLDGUINEA-GOLDPETAL,2025-05-30,2025-03-14,2025-03-31,long a/short b,-23.6,-55.0,17,-1161.1611611611443,1667.2127963963962,-2828.3739575575405,6066.066066065978
5,2.5,10,GOLDGUINEA-GOLDPETAL,2025-05-30,2025-04-04,2025-04-07,long a/short b,-37.5,-49.7,3,-415.4154154153366,1648.779132132132,-2064.1945475474686,-4812.312312312424
5,2.5,10,GOLDGUINEA-GOLDTEN,2025-05-30,2025-04-23,2025-04-25,short a/long b,61.6,65.3,2,-144.14414414408384,1755.1129676076075,-1899.2571117516914,388.38838838841184
5,2.5,10,GOLDPETAL-GOLDTEN,2025-05-30,2025-04-11,2025-04-21,long a/short b,46.4,62.0,10,676.6766766765795,1762.2050839639637,-1085.5284072873842,14236.236236236291
5,2.5,10,GOLDPETAL-GOLDTEN,2025-05-30,2025-04-23,2025-04-25,short a/long b,87.8,96.2,2,-324.3243243242614,1757.4863934334335,-2081.810717757695,478.4784784785006
5,2.5,10,GOLDGUINEA-GOLDTEN,2025-06-30,2025-04-23,2025-04-25,short a/long b,116.3,89.8,2,1008.008008008037,1761.175859099099,-753.167851091062,749.2492492492602
5,2.5,10,GOLDPETAL-GOLDTEN,2025-06-30,2025-04-11,2025-04-17,long a/short b,69.3,130.7,6,2410.410410410259,1745.8339337737734,664.5764766364855,7603.603603603551
5,2.5,10,GOLDPETAL-GOLDTEN,2025-06-30,2025-04-21,2025-04-25,short a/long b,110.6,117.4,4,-188.1881881881418,1779.7980442842845,-1967.9862324724263,-6780.780780780769
10,1.5,0,GOLDGUINEA-GOLDPETAL,2025-04-30,2025-02-10,2025-03-13,long a/short b,97.1,-27.1,31,-4324.324324324261,214.94532732732733,-4539.269651651589,10610.610610610602
10,1.5,0,GOLDGUINEA-GOLDPETAL,2025-04-30,2025-03-14,2025-03-31,long a/short b,-52.1,-64.1,17,-465.4654654653132,218.4705355355356,-683.9360010008488,5653.15315315318
10,1.5,0,GOLDGUINEA-GOLDPETAL,2025-04-30,2025-04-03,2025-04-09,short a/long b,-54.4,-40.4,6,-515.5155155155808,218.95383323323324,-734.469348748814,-1904.404404404413
10,1.5,0,GOLDGUINEA-GOLDPETAL,2025-04-30,2025-04-10,2025-04-21,short a/long b,-41.5,-6.4,11,-1271.2712712713255,224.32600400400403,-1495.5972752753296,22417.417417417382
10,1.5,0,GOLDGUINEA-GOLDPETAL,2025-04-30,2025-04-22,2025-04-23,short a/long b,-59.8,-60.4,1,-40.0400400399667,227.63811931931934,-267.67815935928604,-10710.7107107107
10,1.5,0,GOLDGUINEA-GOLDPETAL,2025-05-30,2025-02-20,2025-03-10,long a/short b,41.1,-7.0,18,-1696.6966966967448,215.4922788788789,-1912.1889755756238,-1408.9089089089248
10,1.5,0,GOLDGUINEA-GOLDPETAL,2025-05-30,2025-03-14,2025-04-02,long a/short b,-23.6,-51.5,19,-1046.0460460461036,219.24754054054057,-1265.293586586644,8325.825825825741
10,1.5,0,GOLDGUINEA-GOLDPETAL,2025-05-30,2025-04-04,2025-04-07,long a/short b,-37.5,-49.7,3,-415.4154154153366,217.4227757757758,-632.8381911911124,-4812.312312312424
10,1.5,0,GOLDGUINEA-GOLDPETAL,2025-05-30,2025-04-09,2025-04-10,long a/short b,-50.2,-34.1,1,565.5655655656301,220.23269769769774,345.33286786793235,5768.2682682682935
10,1.5,0,GOLDGUINEA-GOLDPETAL,2025-05-30,2025-04-11,2025-04-29,short a/long b,-34.0,-30.1,18,-120.12012012011837,225.59476436436435,-345.7148844844827,9029.029029028898
10,1.5,0,GOLDGUINEA-GOLDTEN,2025-05-30,2025-04-23,2025-04-30,short a/long b,61.6,47.4,7,547.5475475475832,225.6313663663664,321.91618118121687,-1042.5425425425055
10,1.5,0,GOLDGUINEA-GOLDPETAL,2025-06-30,2025-04-03,2025-04-07,long a/short b,-58.1,-19.4,4,1436.4364364364883,219.09128308308308,1217.3451533534053,-9011.51151151149
10,1.5,0,GOLDGUINEA-GOLDPETAL,2025-06-30,2025-04-08,2025-04-09,short a/long b,-70.9,-65.1,1,-170.17017017024045,218.6892880880881,-388.8594582583286,6251.251251251233
10,1.5,0,GOLDGUINEA-GOLDPETAL,2025-06-30,2025-04-14,2025-04-21,short a/long b,-22.2,-42.6,7,835.8358358358237,226.63931111111114,609.1965247247125,16438.938938939027
10,1.5,0,GOLDGUINEA-GOLDTEN,2025-06-30,2025-04-24,2025-04-25,short a/long b,55.6,89.8,1,-1300.3003003001504,226.89977077077077,-1527.2000710709212,-2857.3573573572503
10,1.5,5,GOLDGUINEA-GOLDPETAL,2025-04-30,2025-02-10,2025-03-13,long a/short b,97.1,-27.1,31,-4324.324324324261,917.1225045045044,-5241.446828828766,10610.610610610602
10,1.5,5,GOLDGUINEA-GOLDPETAL,2025-04-30,2025-03-14,2025-03-31,long a/short b,-52.1,-64.1,17,-465.4654654653132,940.2548198198199,-1405.720285285133,5653.15315315318
10,1.5,5,GOLDGUINEA-GOLDPETAL,2025-04-30,2025-04-03,2025-04-09,short a/long b,-54.4,-40.4,6,-515.5155155155808,943.5609403403403,-1459.076455855921,-1904.404404404413
10,1.5,5,GOLDGUINEA-GOLDPETAL,2025-04-30,2025-04-10,2025-04-21,short a/long b,-41.5,-6.4,11,-1271.2712712713255,980.3570350350351,-2251.6283063063606,22417.417417417382
10,1.5,5,GOLDGUINEA-GOLDPETAL,2025-04-30,2025-04-22,2025-04-23,short a/long b,-59.8,-60.4,1,-40.0400400399667,1002.6481293293293,-1042.688169369296,-10710.7107107107
10,1.5,5,GOLDGUINEA-GOLDPETAL,2025-05-30,2025-02-20,2025-03-10,long a/short b,41.1,-7.0,18,-1696.6966966967448,920.2395261261262,-2616.936222822871,-1408.9089089089248
10,1.5,5,GOLDGUINEA-GOLDPETAL,2025-05-30,2025-03-14,2025-04-02,long a/short b,-23.6,-51.5,19,-1046.0460460461036,945.6864794794794,-1991.732525525583,8325.825825825741
10,1.5,5,GOLDGUINEA-GOLDPETAL,2025-05-30,2025-04-04,2025-04-07,long a/short b,-37.5,-49.7,3,-415.4154154153366,933.100953953954,-1348.5163693692907,-4812.312312312424
10,1.5,5,GOLDGUINEA-GOLDPETAL,2025-05-30,2025-04-09,2025-04-10,long a/short b,-50.2,-34.1,1,565.5655655656301,952.0269919919921,-386.461426426362,5768.2682682682935
10,1.5,5,GOLDGUINEA-GOLDPETAL,2025-05-30,2025-04-11,2025-04-29,short a/long b,-34.0,-30.1,18,-120.12012012011837,988.7379075075075,-1108.858027627626,9029.029029028898
10,1.5,5,GOLDGUINEA-GOLDTEN,2025-05-30,2025-04-23,2025-04-30,short a/long b,61.6,47.4,7,547.5475475475832,988.8320670670671,-441.28451951948387,-1042.5425425425055
10,1.5,5,GOLDGUINEA-GOLDPETAL,2025-06-30,2025-04-03,2025-04-07,long a/short b,-58.1,-19.4,4,1436.4364364364883,944.0437355355356,492.3927009009527,-9011.51151151149
10,1.5,5,GOLDGUINEA-GOLDPETAL,2025-06-30,2025-04-08,2025-04-09,short a/long b,-70.9,-65.1,1,-170.17017017024045,941.6772760760762,-1111.8474462463166,6251.251251251233
10,1.5,5,GOLDGUINEA-GOLDPETAL,2025-06-30,2025-04-14,2025-04-21,short a/long b,-22.2,-42.6,7,835.8358358358237,995.6358076076076,-159.79997177178393,16438.938938939027
10,1.5,5,GOLDGUINEA-GOLDTEN,2025-06-30,2025-04-24,2025-04-25,short a/long b,55.6,89.8,1,-1300.3003003001504,997.9082792792792,-2298.2085795794296,-2857.3573573572503
10,1.5,10,GOLDGUINEA-GOLDPETAL,2025-04-30,2025-02-10,2025-03-13,long a/short b,97.1,-27.1,31,-4324.324324324261,1619.2996816816817,-5943.624006005943,10610.610610610602
10,1.5,10,GOLDGUINEA-GOLDPETAL,2025-04-30,2025-03-14,2025-03-31,long a/short b,-52.1,-64.1,17,-465.4654654653132,1662.0391041041044,-2127.5045695694175,5653.15315315318
10,1.5,10,GOLDGUINEA-GOLDPETAL,2025-04-30,2025-04-03,2025-04-09,short a/long b,-54.4,-40.4,6,-515.5155155155808,1668.1680474474474,-2183.683562963028,-1904.404404404413
10,1.5,10,GOLDGUINEA-GOLDPETAL,2025-04-30,2025-04-10,2025-04-21,short a/long b,-41.5,-6.4,11,-1271.2712712713255,1736.3880660660661,-3007.6593373373917,22417.417417417382
10,1.5,10,GOLDGUINEA-GOLDPETAL,2025-04-30,2025-04-22,2025-04-23,short a/long b,-59.8,-60.4,1,-40.0400400399667,1777.6581393393392,-1817.6981793793059,-10710.7107107107
10,1.5,10,GOLDGUINEA-GOLDPETAL,2025-05-30,2025-02-20,2025-03-10,long a/short b,41.1,-7.0,18,-1696.6966966967448,1624.9867733733731,-3321.683470070118,-1408.9089089089248
10,1.5,10,GOLDGUINEA-GOLDPETAL,2025-05-30,2025-03-14,2025-04-02,long a/short b,-23.6,-51.5,19,-1046.0460460461036,1672.1254184184186,-2718.171464464522,8325.825825825741
10,1.5,10,GOLDGUINEA-GOLDPETAL,2025-05-30,2025-04-04,2025-04-07,long a/short b,-37.5,-49.7,3,-415.4154154153366,1648.779132132132,-2064.1945475474686,-4812.312312312424
10,1.5,10,GOLDGUINEA-GOLDPETAL,2025-05-30,2025-04-09,2025-04-10,long a/short b,-50.2,-34.1,1,565.5655655656301,1683.821286286286,-1118.255720720656,5768.2682682682935
10,1.5,10,GOLDGUINEA-GOLDPETAL,2025-05-30,2025-04-11,2025-04-29,short a/long b,-34.0,-30.1,18,-120.12012012011837,1751.8810506506506,-1872.001170770769,9029.029029028898
10,1.5,10,GOLDGUINEA-GOLDTEN,2025-05-30,2025-04-23,2025-04-30,short a/long b,61.6,47.4,7,547.5475475475832,1752.0327677677678,-1204.4852202201846,-1042.5425425425055
10,1.5,10,GOLDGUINEA-GOLDPETAL,2025-06-30,2025-04-03,2025-04-07,long a/short b,-58.1,-19.4,4,1436.4364364364883,1668.996187987988,-232.55975155149963,-9011.51151151149
10,1.5,10,GOLDGUINEA-GOLDPETAL,2025-06-30,2025-04-08,2025-04-09,short a/long b,-70.9,-65.1,1,-170.17017017024045,1664.665264064064,-1834.8354342343046,6251.251251251233
10,1.5,10,GOLDGUINEA-GOLDPETAL,2025-06-30,2025-04-14,2025-04-21,short a/long b,-22.2,-42.6,7,835.8358358358237,1764.6323041041042,-928.7964682682805,16438.938938939027
10,1.5,10,GOLDGUINEA-GOLDTEN,2025-06-30,2025-04-24,2025-04-25,short a/long b,55.6,89.8,1,-1300.3003003001504,1768.9167877877876,-3069.217088087938,-2857.3573573572503
10,2.0,0,GOLDGUINEA-GOLDPETAL,2025-04-30,2025-02-10,2025-03-13,long a/short b,97.1,-27.1,31,-4324.324324324261,214.94532732732733,-4539.269651651589,10610.610610610602
10,2.0,0,GOLDGUINEA-GOLDPETAL,2025-04-30,2025-03-14,2025-03-31,long a/short b,-52.1,-64.1,17,-465.4654654653132,218.4705355355356,-683.9360010008488,5653.15315315318
10,2.0,0,GOLDGUINEA-GOLDPETAL,2025-04-30,2025-04-14,2025-04-21,short a/long b,-15.8,-6.4,7,-340.34034034040815,225.62725765765768,-565.9675979980658,15065.065065065064
10,2.0,0,GOLDGUINEA-GOLDPETAL,2025-05-30,2025-02-20,2025-03-10,long a/short b,41.1,-7.0,18,-1696.6966966967448,215.4922788788789,-1912.1889755756238,-1408.9089089089248
10,2.0,0,GOLDGUINEA-GOLDPETAL,2025-05-30,2025-03-17,2025-04-02,long a/short b,-39.3,-51.5,16,-475.4754754755413,219.45536236236234,-694.9308378379037,7249.749749749753
10,2.0,0,GOLDGUINEA-GOLDPETAL,2025-05-30,2025-04-04,2025-04-07,long a/short b,-37.5,-49.7,3,-415.4154154153366,217.4227757757758,-632.8381911911124,-4812.312312312424
10,2.0,0,GOLDGUINEA-GOLDPETAL,2025-05-30,2025-04-09,2025-04-10,long a/short b,-50.2,-34.1,1,565.5655655656301,220.23269769769774,345.33286786793235,5768.2682682682935
10,2.0,0,GOLDGUINEA-GOLDPETAL,2025-06-30,2025-04-09,2025-04-11,long a/short b,-65.1,0.1,2,2377.377377377343,222.10783483483485,2155.269542542508,13040.540540540533
10,2.0,0,GOLDGUINEA-GOLDPETAL,2025-06-30,2025-04-14,2025-04-21,short a/long b,-22.2,-42.6,7,835.8358358358237,226.63931111111114,609.1965247247125,16438.938938939027
10,2.0,5,GOLDGUINEA-GOLDPETAL,2025-04-30,2025-02-10,2025-03-13,long a/short b,97.1,-27.1,31,-4324.324324324261,917.1225045045044,-5241.446828828766,10610.610610610602
10,2.0,5,GOLDGUINEA-GOLDPETAL,2025-04-30,2025-03-14,2025-03-31,long a/short b,-52.1,-64.1,17,-465.4654654653132,940.2548198198199,-1405.720285285133,5653.15315315318
10,2.0,5,GOLDGUINEA-GOLDPETAL,2025-04-30,2025-04-14,2025-04-21,short a/long b,-15.8,-6.4,7,-340.34034034040815,989.010641041041,-1329.3509813814492,15065.065065065064
10,2.0,5,GOLDGUINEA-GOLDPETAL,2025-05-30,2025-02-20,2025-03-10,long a/short b,41.1,-7.0,18,-1696.6966966967448,920.2395261261262,-2616.936222822871,-1408.9089089089248
10,2.0,5,GOLDGUINEA-GOLDPETAL,2025-05-30,2025-03-17,2025-04-02,long a/short b,-39.3,-51.5,16,-475.4754754755413,946.9703773773773,-1422.4458528529185,7249.749749749753
10,2.0,5,GOLDGUINEA-GOLDPETAL,2025-05-30,2025-04-04,2025-04-07,long a/short b,-37.5,-49.7,3,-415.4154154153366,933.100953953954,-1348.5163693692907,-4812.312312312424
10,2.0,5,GOLDGUINEA-GOLDPETAL,2025-05-30,2025-04-09,2025-04-10,long a/short b,-50.2,-34.1,1,565.5655655656301,952.0269919919921,-386.461426426362,5768.2682682682935
10,2.0,5,GOLDGUINEA-GOLDPETAL,2025-06-30,2025-04-09,2025-04-11,long a/short b,-65.1,0.1,2,2377.377377377343,964.3876146146147,1412.989762762728,13040.540540540533
10,2.0,5,GOLDGUINEA-GOLDPETAL,2025-06-30,2025-04-14,2025-04-21,short a/long b,-22.2,-42.6,7,835.8358358358237,995.6358076076076,-159.79997177178393,16438.938938939027
10,2.0,10,GOLDGUINEA-GOLDPETAL,2025-04-30,2025-02-10,2025-03-13,long a/short b,97.1,-27.1,31,-4324.324324324261,1619.2996816816817,-5943.624006005943,10610.610610610602
10,2.0,10,GOLDGUINEA-GOLDPETAL,2025-04-30,2025-03-14,2025-03-31,long a/short b,-52.1,-64.1,17,-465.4654654653132,1662.0391041041044,-2127.5045695694175,5653.15315315318
10,2.0,10,GOLDGUINEA-GOLDPETAL,2025-04-30,2025-04-14,2025-04-21,short a/long b,-15.8,-6.4,7,-340.34034034040815,1752.3940244244245,-2092.7343647648327,15065.065065065064
10,2.0,10,GOLDGUINEA-GOLDPETAL,2025-05-30,2025-02-20,2025-03-10,long a/short b,41.1,-7.0,18,-1696.6966966967448,1624.9867733733731,-3321.683470070118,-1408.9089089089248
10,2.0,10,GOLDGUINEA-GOLDPETAL,2025-05-30,2025-03-17,2025-04-02,long a/short b,-39.3,-51.5,16,-475.4754754755413,1674.4853923923924,-2149.9608678679338,7249.749749749753
10,2.0,10,GOLDGUINEA-GOLDPETAL,2025-05-30,2025-04-04,2025-04-07,long a/short b,-37.5,-49.7,3,-415.4154154153366,1648.779132132132,-2064.1945475474686,-4812.312312312424
10,2.0,10,GOLDGUINEA-GOLDPETAL,2025-05-30,2025-04-09,2025-04-10,long a/short b,-50.2,-34.1,1,565.5655655656301,1683.821286286286,-1118.255720720656,5768.2682682682935
10,2.0,10,GOLDGUINEA-GOLDPETAL,2025-06-30,2025-04-09,2025-04-11,long a/short b,-65.1,0.1,2,2377.377377377343,1706.6673943943945,670.7099829829483,13040.540540540533
10,2.0,10,GOLDGUINEA-GOLDPETAL,2025-06-30,2025-04-14,2025-04-21,short a/long b,-22.2,-42.6,7,835.8358358358237,1764.6323041041042,-928.7964682682805,16438.938938939027
10,2.5,0,GOLDGUINEA-GOLDPETAL,2025-04-30,2025-02-17,2025-03-13,long a/short b,56.7,-27.1,24,-2932.932932932963,215.19802842842844,-3148.1309613613917,9464.4644644644
10,2.5,0,GOLDGUINEA-GOLDPETAL,2025-04-30,2025-03-14,2025-03-31,long a/short b,-52.1,-64.1,17,-465.4654654653132,218.4705355355356,-683.9360010008488,5653.15315315318
10,2.5,0,GOLDGUINEA-GOLDPETAL,2025-04-30,2025-04-14,2025-04-21,short a/long b,-15.8,-6.4,7,-340.34034034040815,225.62725765765768,-565.9675979980658,15065.065065065064
10,2.5,0,GOLDGUINEA-GOLDPETAL,2025-05-30,2025-02-20,2025-03-10,long a/short b,41.1,-7.0,18,-1696.6966966967448,215.4922788788789,-1912.1889755756238,-1408.9089089089248
10,2.5,0,GOLDGUINEA-GOLDPETAL,2025-05-30,2025-03-18,2025-04-02,long a/short b,-35.7,-51.5,15,-595.5955955956597,220.01846146146147,-815.6140570571212,3946.4464464463526
10,2.5,0,GOLDGUINEA-GOLDPETAL,2025-05-30,2025-04-04,2025-04-07,long a/short b,-37.5,-49.7,3,-415.4154154153366,217.4227757757758,-632.8381911911124,-4812.312312312424
10,2.5,0,GOLDGUINEA-GOLDPETAL,2025-05-30,2025-04-09,2025-04-10,long a/short b,-50.2,-34.1,1,565.5655655656301,220.23269769769774,345.33286786793235,5768.2682682682935
10,2.5,5,GOLDGUINEA-GOLDPETAL,2025-04-30,2025-02-17,2025-03-13,long a/short b,56.7,-27.1,24,-2932.932932932963,918.5213517517517,-3851.454284684715,9464.4644644644
10,2.5,5,GOLDGUINEA-GOLDPETAL,2025-04-30,2025-03-14,2025-03-31,long a/short b,-52.1,-64.1,17,-465.4654654653132,940.2548198198199,-1405.720285285133,5653.15315315318
10,2.5,5,GOLDGUINEA-GOLDPETAL,2025-04-30,2025-04-14,2025-04-21,short a/long b,-15.8,-6.4,7,-340.34034034040815,989.010641041041,-1329.3509813814492,15065.065065065064
10,2.5,5,GOLDGUINEA-GOLDPETAL,2025-05-30,2025-02-20,2025-03-10,long a/short b,41.1,-7.0,18,-1696.6966966967448,920.2395261261262,-2616.936222822871,-1408.9089089089248
10,2.5,5,GOLDGUINEA-GOLDPETAL,2025-05-30,2025-03-18,2025-04-02,long a/short b,-35.7,-51.5,15,-595.5955955956597,950.8367797797798,-1546.4323753754395,3946.4464464463526
10,2.5,5,GOLDGUINEA-GOLDPETAL,2025-05-30,2025-04-04,2025-04-07,long a/short b,-37.5,-49.7,3,-415.4154154153366,933.100953953954,-1348.5163693692907,-4812.312312312424
10,2.5,5,GOLDGUINEA-GOLDPETAL,2025-05-30,2025-04-09,2025-04-10,long a/short b,-50.2,-34.1,1,565.5655655656301,952.0269919919921,-386.461426426362,5768.2682682682935
10,2.5,10,GOLDGUINEA-GOLDPETAL,2025-04-30,2025-02-17,2025-03-13,long a/short b,56.7,-27.1,24,-2932.932932932963,1621.844675075075,-4554.777608008038,9464.4644644644
10,2.5,10,GOLDGUINEA-GOLDPETAL,2025-04-30,2025-03-14,2025-03-31,long a/short b,-52.1,-64.1,17,-465.4654654653132,1662.0391041041044,-2127.5045695694175,5653.15315315318
10,2.5,10,GOLDGUINEA-GOLDPETAL,2025-04-30,2025-04-14,2025-04-21,short a/long b,-15.8,-6.4,7,-340.34034034040815,1752.3940244244245,-2092.7343647648327,15065.065065065064
10,2.5,10,GOLDGUINEA-GOLDPETAL,2025-05-30,2025-02-20,2025-03-10,long a/short b,41.1,-7.0,18,-1696.6966966967448,1624.9867733733731,-3321.683470070118,-1408.9089089089248
10,2.5,10,GOLDGUINEA-GOLDPETAL,2025-05-30,2025-03-18,2025-04-02,long a/short b,-35.7,-51.5,15,-595.5955955956597,1681.6550980980983,-2277.250693693758,3946.4464464463526
10,2.5,10,GOLDGUINEA-GOLDPETAL,2025-05-30,2025-04-04,2025-04-07,long a/short b,-37.5,-49.7,3,-415.4154154153366,1648.779132132132,-2064.1945475474686,-4812.312312312424
10,2.5,10,GOLDGUINEA-GOLDPETAL,2025-05-30,2025-04-09,2025-04-10,long a/short b,-50.2,-34.1,1,565.5655655656301,1683.821286286286,-1118.255720720656,5768.2682682682935
15,1.5,0,GOLDGUINEA-GOLDPETAL,2025-04-30,2025-02-11,2025-04-02,long a/short b,111.5,-48.1,50,-5620.620620620612,216.56836176176176,-5837.188982382373,20012.512512512476
15,1.5,0,GOLDGUINEA-GOLDPETAL,2025-04-30,2025-04-10,2025-04-21,short a/long b,-41.5,-6.4,11,-1271.2712712713255,224.32600400400403,-1495.5972752753296,22417.417417417382
15,1.5,0,GOLDGUINEA-GOLDPETAL,2025-04-30,2025-04-22,2025-04-23,short a/long b,-59.8,-60.4,1,-40.0400400399667,227.63811931931934,-267.67815935928604,-10710.7107107107
15,1.5,0,GOLDGUINEA-GOLDPETAL,2025-05-30,2025-02-24,2025-03-13,long a/short b,2.7,-17.2,17,-710.7107107107731,216.51909669669672,-927.2298074074698,4409.409409409418
15,1.5,0,GOLDGUINEA-GOLDPETAL,2025-05-30,2025-03-17,2025-04-07,long a/short b,-39.3,-49.7,21,-350.35035035034525,217.40601801801802,-567.7563683683633,-4699.699699699704
15,1.5,0,GOLDGUINEA-GOLDPETAL,2025-05-30,2025-04-09,2025-04-10,long a/short b,-50.2,-34.1,1,565.5655655656301,220.23269769769774,345.33286786793235,5768.2682682682935
15,1.5,0,GOLDGUINEA-GOLDPETAL,2025-05-30,2025-04-11,2025-04-30,short a/long b,-34.0,-37.7,19,160.16016016015783,225.02430430430434,-64.86414414414651,5645.6456456455635
15,1.5,0,GOLDGUINEA-GOLDPETAL,2025-06-30,2025-04-09,2025-04-11,long a/short b,-65.1,0.1,2,2377.377377377343,222.10783483483485,2155.269542542508,13040.540540540533
15,1.5,0,GOLDGUINEA-GOLDPETAL,2025-06-30,2025-04-14,2025-04-21,short a/long b,-22.2,-42.6,7,835.8358358358237,226.63931111111114,609.1965247247125,16438.938938939027
15,1.5,5,GOLDGUINEA-GOLDPETAL,2025-04-30,2025-02-11,2025-04-02,long a/short b,111.5,-48.1,50,-5620.620620620612,928.4877811811812,-6549.108401801793,20012.512512512476
15,1.5,5,GOLDGUINEA-GOLDPETAL,2025-04-30,2025-04-10,2025-04-21,short a/long b,-41.5,-6.4,11,-1271.2712712713255,980.3570350350351,-2251.6283063063606,22417.417417417382
15,1.5,5,GOLDGUINEA-GOLDPETAL,2025-04-30,2025-04-22,2025-04-23,short a/long b,-59.8,-60.4,1,-40.0400400399667,1002.6481293293293,-1042.688169369296,-10710.7107107107
15,1.5,5,GOLDGUINEA-GOLDPETAL,2025-05-30,2025-02-24,2025-03-13,long a/short b,2.7,-17.2,17,-710.7107107107731,927.0095871871873,-1637.7202978979603,4409.409409409418
15,1.5,5,GOLDGUINEA-GOLDPETAL,2025-05-30,2025-03-17,2025-04-07,long a/short b,-39.3,-49.7,21,-350.35035035034525,932.9715835835835,-1283.321933933929,-4699.699699699704
15,1.5,5,GOLDGUINEA-GOLDPETAL,2025-05-30,2025-04-09,2025-04-10,long a/short b,-50.2,-34.1,1,565.5655655656301,952.0269919919921,-386.461426426362,5768.2682682682935
15,1.5,5,GOLDGUINEA-GOLDPETAL,2025-05-30,2025-04-11,2025-04-30,short a/long b,-34.0,-37.7,19,160.16016016015783,984.7840640640641,-824.6239039039062,5645.6456456455635
15,1.5,5,GOLDGUINEA-GOLDPETAL,2025-06-30,2025-04-09,2025-04-11,long a/short b,-65.1,0.1,2,2377.377377377343,964.3876146146147,1412.989762762728,13040.540540540533
15,1.5,5,GOLDGUINEA-GOLDPETAL,2025-06-30,2025-04-14,2025-04-21,short a/long b,-22.2,-42.6,7,835.8358358358237,995.6358076076076,-159.79997177178393,16438.938938939027
15,1.5,10,GOLDGUINEA-GOLDPETAL,2025-04-30,2025-02-11,2025-04-02,long a/short b,111.5,-48.1,50,-5620.620620620612,1640.4072006006008,-7261.027821221212,20012.512512512476
15,1.5,10,GOLDGUINEA-GOLDPETAL,2025-04-30,2025-04-10,2025-04-21,short a/long b,-41.5,-6.4,11,-1271.2712712713255,1736.3880660660661,-3007.6593373373917,22417.417417417382
15,1.5,10,GOLDGUINEA-GOLDPETAL,2025-04-30,2025-04-22,2025-04-23,short a/long b,-59.8,-60.4,1,-40.0400400399667,1777.6581393393392,-1817.6981793793059,-10710.7107107107
15,1.5,10,GOLDGUINEA-GOLDPETAL,2025-05-30,2025-02-24,2025-03-13,long a/short b,2.7,-17.2,17,-710.7107107107731,1637.5000776776776,-2348.210788388451,4409.409409409418
15,1.5,10,GOLDGUINEA-GOLDPETAL,2025-05-30,2025-03-17,2025-04-07,long a/short b,-39.3,-49.7,21,-350.35035035034525,1648.5371491491492,-1998.8874994994944,-4699.699699699704
15,1.5,10,GOLDGUINEA-GOLDPETAL,2025-05-30,2025-04-09,2025-04-10,long a/short b,-50.2,-34.1,1,565.5655655656301,1683.821286286286,-1118.255720720656,5768.2682682682935
15,1.5,10,GOLDGUINEA-GOLDPETAL,2025-05-30,2025-04-11,2025-04-30,short a/long b,-34.0,-37.7,19,160.16016016015783,1744.543823823824,-1584.383663663666,5645.6456456455635
15,1.5,10,GOLDGUINEA-GOLDPETAL,2025-06-30,2025-04-09,2025-04-11,long a/short b,-65.1,0.1,2,2377.377377377343,1706.6673943943945,670.7099829829483,13040.540540540533
15,1.5,10,GOLDGUINEA-GOLDPETAL,2025-06-30,2025-04-14,2025-04-21,short a/long b,-22.2,-42.6,7,835.8358358358237,1764.6323041041042,-928.7964682682805,16438.938938939027
15,2.0,0,GOLDGUINEA-GOLDPETAL,2025-04-30,2025-02-17,2025-04-02,long a/short b,56.7,-48.1,44,-3728.7287287287472,216.81182722722724,-3945.5405559559745,19036.536536536514
15,2.0,0,GOLDGUINEA-GOLDPETAL,2025-04-30,2025-04-10,2025-04-21,short a/long b,-41.5,-6.4,11,-1271.2712712713255,224.32600400400403,-1495.5972752753296,22417.417417417382
15,2.0,0,GOLDGUINEA-GOLDPETAL,2025-05-30,2025-02-24,2025-03-13,long a/short b,2.7,-17.2,17,-710.7107107107731,216.51909669669672,-927.2298074074698,4409.409409409418
15,2.0,0,GOLDGUINEA-GOLDPETAL,2025-05-30,2025-03-17,2025-04-07,long a/short b,-39.3,-49.7,21,-350.35035035034525,217.40601801801802,-567.7563683683633,-4699.699699699704
15,2.0,0,GOLDGUINEA-GOLDPETAL,2025-05-30,2025-04-09,2025-04-10,long a/short b,-50.2,-34.1,1,565.5655655656301,220.23269769769774,345.33286786793235,5768.2682682682935
15,2.0,0,GOLDGUINEA-GOLDPETAL,2025-05-30,2025-04-11,2025-04-30,short a/long b,-34.0,-37.7,19,160.16016016015783,225.02430430430434,-64.86414414414651,5645.6456456455635
15,2.0,0,GOLDGUINEA-GOLDPETAL,2025-06-30,2025-04-14,2025-04-21,short a/long b,-22.2,-42.6,7,835.8358358358237,226.63931111111114,609.1965247247125,16438.938938939027
15,2.0,5,GOLDGUINEA-GOLDPETAL,2025-04-30,2025-02-17,2025-04-02,long a/short b,56.7,-48.1,44,-3728.7287287287472,929.7072226226226,-4658.43595135137,19036.536536536514
15,2.0,5,GOLDGUINEA-GOLDPETAL,2025-04-30,2025-04-10,2025-04-21,short a/long b,-41.5,-6.4,11,-1271.2712712713255,980.3570350350351,-2251.6283063063606,22417.417417417382
15,2.0,5,GOLDGUINEA-GOLDPETAL,2025-05-30,2025-02-24,2025-03-13,long a/short b,2.7,-17.2,17,-710.7107107107731,927.0095871871873,-1637.7202978979603,4409.409409409418
15,2.0,5,GOLDGUINEA-GOLDPETAL,2025-05-30,2025-03-17,2025-04-07,long a/short b,-39.3,-49.7,21,-350.35035035034525,932.9715835835835,-1283.321933933929,-4699.699699699704
15,2.0,5,GOLDGUINEA-GOLDPETAL,2025-05-30,2025-04-09,2025-04-10,long a/short b,-50.2,-34.1,1,565.5655655656301,952.0269919919921,-386.461426426362,5768.2682682682935
15,2.0,5,GOLDGUINEA-GOLDPETAL,2025-05-30,2025-04-11,2025-04-30,short a/long b,-34.0,-37.7,19,160.16016016015783,984.7840640640641,-824.6239039039062,5645.6456456455635
15,2.0,5,GOLDGUINEA-GOLDPETAL,2025-06-30,2025-04-14,2025-04-21,short a/long b,-22.2,-42.6,7,835.8358358358237,995.6358076076076,-159.79997177178393,16438.938938939027
15,2.0,10,GOLDGUINEA-GOLDPETAL,2025-04-30,2025-02-17,2025-04-02,long a/short b,56.7,-48.1,44,-3728.7287287287472,1642.602618018018,-5371.331346746765,19036.536536536514
15,2.0,10,GOLDGUINEA-GOLDPETAL,2025-04-30,2025-04-10,2025-04-21,short a/long b,-41.5,-6.4,11,-1271.2712712713255,1736.3880660660661,-3007.6593373373917,22417.417417417382
15,2.0,10,GOLDGUINEA-GOLDPETAL,2025-05-30,2025-02-24,2025-03-13,long a/short b,2.7,-17.2,17,-710.7107107107731,1637.5000776776776,-2348.210788388451,4409.409409409418
15,2.0,10,GOLDGUINEA-GOLDPETAL,2025-05-30,2025-03-17,2025-04-07,long a/short b,-39.3,-49.7,21,-350.35035035034525,1648.5371491491492,-1998.8874994994944,-4699.699699699704
15,2.0,10,GOLDGUINEA-GOLDPETAL,2025-05-30,2025-04-09,2025-04-10,long a/short b,-50.2,-34.1,1,565.5655655656301,1683.821286286286,-1118.255720720656,5768.2682682682935
15,2.0,10,GOLDGUINEA-GOLDPETAL,2025-05-30,2025-04-11,2025-04-30,short a/long b,-34.0,-37.7,19,160.16016016015783,1744.543823823824,-1584.383663663666,5645.6456456455635
15,2.0,10,GOLDGUINEA-GOLDPETAL,2025-06-30,2025-04-14,2025-04-21,short a/long b,-22.2,-42.6,7,835.8358358358237,1764.6323041041042,-928.7964682682805,16438.938938939027
15,2.5,0,GOLDGUINEA-GOLDPETAL,2025-04-30,2025-02-17,2025-04-02,long a/short b,56.7,-48.1,44,-3728.7287287287472,216.81182722722724,-3945.5405559559745,19036.536536536514
15,2.5,0,GOLDGUINEA-GOLDPETAL,2025-04-30,2025-04-14,2025-04-21,short a/long b,-15.8,-6.4,7,-340.34034034040815,225.62725765765768,-565.9675979980658,15065.065065065064
15,2.5,0,GOLDGUINEA-GOLDPETAL,2025-05-30,2025-03-18,2025-04-07,long a/short b,-35.7,-49.7,20,-470.4704704704636,217.9691171171171,-688.4395875875807,-8003.003003003105
15,2.5,0,GOLDGUINEA-GOLDPETAL,2025-05-30,2025-04-09,2025-04-10,long a/short b,-50.2,-34.1,1,565.5655655656301,220.23269769769774,345.33286786793235,5768.2682682682935
15,2.5,0,GOLDGUINEA-GOLDPETAL,2025-06-30,2025-04-14,2025-04-21,short a/long b,-22.2,-42.6,7,835.8358358358237,226.63931111111114,609.1965247247125,16438.938938939027
15,2.5,5,GOLDGUINEA-GOLDPETAL,2025-04-30,2025-02-17,2025-04-02,long a/short b,56.7,-48.1,44,-3728.7287287287472,929.7072226226226,-4658.43595135137,19036.536536536514
15,2.5,5,GOLDGUINEA-GOLDPETAL,2025-04-30,2025-04-14,2025-04-21,short a/long b,-15.8,-6.4,7,-340.34034034040815,989.010641041041,-1329.3509813814492,15065.065065065064
15,2.5,5,GOLDGUINEA-GOLDPETAL,2025-05-30,2025-03-18,2025-04-07,long a/short b,-35.7,-49.7,20,-470.4704704704636,936.837985985986,-1407.3084564564497,-8003.003003003105
15,2.5,5,GOLDGUINEA-GOLDPETAL,2025-05-30,2025-04-09,2025-04-10,long a/short b,-50.2,-34.1,1,565.5655655656301,952.0269919919921,-386.461426426362,5768.2682682682935
15,2.5,5,GOLDGUINEA-GOLDPETAL,2025-06-30,2025-04-14,2025-04-21,short a/long b,-22.2,-42.6,7,835.8358358358237,995.6358076076076,-159.79997177178393,16438.938938939027
15,2.5,10,GOLDGUINEA-GOLDPETAL,2025-04-30,2025-02-17,2025-04-02,long a/short b,56.7,-48.1,44,-3728.7287287287472,1642.602618018018,-5371.331346746765,19036.536536536514
15,2.5,10,GOLDGUINEA-GOLDPETAL,2025-04-30,2025-04-14,2025-04-21,short a/long b,-15.8,-6.4,7,-340.34034034040815,1752.3940244244245,-2092.7343647648327,15065.065065065064
15,2.5,10,GOLDGUINEA-GOLDPETAL,2025-05-30,2025-03-18,2025-04-07,long a/short b,-35.7,-49.7,20,-470.4704704704636,1655.706854854855,-2126.1773253253186,-8003.003003003105
15,2.5,10,GOLDGUINEA-GOLDPETAL,2025-05-30,2025-04-09,2025-04-10,long a/short b,-50.2,-34.1,1,565.5655655656301,1683.821286286286,-1118.255720720656,5768.2682682682935
15,2.5,10,GOLDGUINEA-GOLDPETAL,2025-06-30,2025-04-14,2025-04-21,short a/long b,-22.2,-42.6,7,835.8358358358237,1764.6323041041042,-928.7964682682805,16438.938938939027
