lookback,entry_z,slip_bp,trades,pairs_traded,gross_rs,cost_rs,net_rs,hit_rate,GUINEA-PETAL 30Apr,GUINEA-TEN 30Apr,PETAL-TEN 30Apr,GUINEA-PETAL 30May,GUINEA-TEN 30May,PETAL-TEN 30May,GUINEA-PETAL 30Jun,GUINEA-TEN 30Jun,PETAL-TEN 30Jun,GUINEA-PETAL 31Jul,GUINEA-TEN 31Jul,PETAL-TEN 31Jul
5,1.5,0,33,10,-15058.058058057795,7389.03112844845,-22447.089186506248,0.48484848484848486,7,1,3,6,2,2,5,3,3,1,0,0
5,1.5,5,33,10,-15058.058058057795,32251.952549869882,-47310.01060792767,0.18181818181818182,7,1,3,6,2,2,5,3,3,1,0,0
5,1.5,10,33,10,-15058.058058057795,57114.87397129128,-72172.93202934907,0.06060606060606061,7,1,3,6,2,2,5,3,3,1,0,0
5,2.0,0,22,9,-2476.4764764763822,4904.573095575576,-7381.049572051955,0.45454545454545453,4,1,2,4,2,2,2,3,2,0,0,0
5,2.0,5,22,9,-2476.4764764763822,21353.340863343346,-23829.817339819736,0.2727272727272727,4,1,2,4,2,2,2,3,2,0,0,0
5,2.0,10,22,9,-2476.4764764763822,37802.1086311111,-40278.58510758748,0.09090909090909091,4,1,2,4,2,2,2,3,2,0,0,0
5,2.5,0,15,8,-5464.464464464472,3339.8475059459465,-8804.311970410417,0.3333333333333333,3,1,2,3,1,2,0,1,2,0,0,0
5,2.5,5,15,8,-5464.464464464472,14531.483642082083,-19995.948106546562,0.2,3,1,2,3,1,2,0,1,2,0,0,0
5,2.5,10,15,8,-5464.464464464472,25723.119778218217,-31187.58424268269,0.13333333333333333,3,1,2,3,1,2,0,1,2,0,0,0
10,1.5,0,15,5,-7979.9799799796165,3319.274896096096,-11299.254876075714,0.26666666666666666,5,0,0,5,1,0,3,1,0,0,0,0
10,1.5,5,15,5,-7979.9799799796165,14391.832453653653,-22371.81243363327,0.06666666666666667,5,0,0,5,1,0,3,1,0,0,0,0
10,1.5,10,15,5,-7979.9799799796165,25464.39001121121,-33444.369991190826,0.0,5,0,0,5,1,0,3,1,0,0,0,0
10,2.0,0,9,3,-3938.938938938809,1980.3933811811814,-5919.33232011999,0.3333333333333333,3,0,0,4,0,0,2,0,0,0,0,0
10,2.0,5,9,3,-3938.938938938809,8558.749237037038,-12497.688175975847,0.1111111111111111,3,0,0,4,0,0,2,0,0,0,0,0
10,2.0,10,9,3,-3938.938938938809,15137.105092892896,-19076.044031831698,0.1111111111111111,3,0,0,4,0,0,2,0,0,0,0,0
10,2.5,0,7,2,-5880.880880880795,1532.4620354354356,-7413.342916316232,0.14285714285714285,3,0,0,4,0,0,0,0,0,0,0,0
10,2.5,5,7,2,-5880.880880880795,6603.991064464464,-12484.87194534526,0.0,3,0,0,4,0,0,0,0,0,0,0,0
10,2.5,10,7,2,-5880.880880880795,11675.520093493491,-17556.400974374286,0.0,3,0,0,4,0,0,0,0,0,0,0,0
15,1.5,0,9,3,-4054.054054054068,1996.461747747748,-6050.515801801816,0.3333333333333333,3,0,0,4,0,0,2,0,0,0,0,0
15,1.5,5,9,3,-4054.054054054068,8668.308594594595,-12722.362648648661,0.1111111111111111,3,0,0,4,0,0,2,0,0,0,0,0
15,1.5,10,9,3,-4054.054054054068,15340.155441441442,-19394.209495495506,0.1111111111111111,3,0,0,4,0,0,2,0,0,0,0,0
15,2.0,0,7,3,-4499.4994994995795,1546.9592590590591,-6046.458758558639,0.2857142857142857,2,0,0,4,0,0,1,0,0,0,0,0
15,2.0,5,7,3,-4499.4994994995795,6702.492292092093,-11201.99179159167,0.0,2,0,0,4,0,0,1,0,0,0,0,0
15,2.0,10,7,3,-4499.4994994995795,11858.025325125123,-16357.524824624707,0.0,2,0,0,4,0,0,1,0,0,0,0,0
15,2.5,0,5,3,-3138.1381381381652,1107.2802108108108,-4245.418348948976,0.4,2,0,0,2,0,0,1,0,0,0,0,0
15,2.5,5,5,3,-3138.1381381381652,4803.218649249249,-7941.356787387414,0.0,2,0,0,2,0,0,1,0,0,0,0,0
15,2.5,10,5,3,-3138.1381381381652,8499.157087687687,-11637.295225825852,0.0,2,0,0,2,0,0,1,0,0,0,0,0
