date,symbol,expiry_date,open,high,low,close,prev_close,volume_lots,open_interest_lots,value_lakhs,source_file,no_trade,rs_per_g,days_to_expiry
2019-10-03,GOLDGUINEA,2020-01-31,,,,30756.0,30332.0,0,0,0.0,BhavCopyCommodiyWise_01072019.xls,True,3848.3483483483483,120
2019-10-04,GOLDGUINEA,2020-01-31,,,,30812.0,30756.0,0,0,0.0,BhavCopyCommodiyWise_01072019.xls,True,3855.355355355355,119
2019-10-07,GOLDGUINEA,2020-01-31,,,,30774.0,30812.0,0,0,0.0,BhavCopyCommodiyWise_01072019.xls,True,3850.6006006006005,116
2019-10-08,GOLDGUINEA,2020-01-31,,,,30868.0,30774.0,0,0,0.0,BhavCopyCommodiyWise_01072019.xls,True,3862.3623623623625,115
2019-10-09,GOLDGUINEA,2020-01-31,,,,30829.0,30868.0,0,0,0.0,BhavCopyCommodiyWise_01072019.xls,True,3857.4824824824823,114
2019-10-10,GOLDGUINEA,2020-01-31,,,,30566.0,30829.0,0,0,0.0,BhavCopyCommodiyWise_01072019.xls,True,3824.5745745745744,113
2019-10-11,GOLDGUINEA,2020-01-31,,,,30409.0,30566.0,0,0,0.0,BhavCopyCommodiyWise_01072019.xls,True,3804.92992992993,112
2019-10-14,GOLDGUINEA,2020-01-31,,,,30608.0,30409.0,0,0,0.0,BhavCopyCommodiyWise_01072019.xls,True,3829.82982982983,109
2019-10-15,GOLDGUINEA,2020-01-31,,,,30603.0,30608.0,0,0,0.0,BhavCopyCommodiyWise_01072019.xls,True,3829.2042042042044,108
2019-10-16,GOLDGUINEA,2020-01-31,,,,30695.0,30603.0,0,0,0.0,BhavCopyCommodiyWise_01072019.xls,True,3840.7157157157158,107
2019-10-17,GOLDGUINEA,2020-01-31,,,,30690.0,30695.0,0,0,0.0,BhavCopyCommodiyWise_01072019.xls,True,3840.09009009009,106
2019-10-18,GOLDGUINEA,2020-01-31,,,,30917.0,30690.0,0,0,0.0,BhavCopyCommodiyWise_01072019.xls,True,3868.4934934934936,105
2019-10-21,GOLDGUINEA,2020-01-31,,,,30575.0,30917.0,0,0,0.0,BhavCopyCommodiyWise_01072019.xls,True,3825.7007007007005,102
2019-10-22,GOLDGUINEA,2020-01-31,,,,30447.0,30575.0,0,0,0.0,BhavCopyCommodiyWise_01072019.xls,True,3809.6846846846847,101
2019-10-23,GOLDGUINEA,2020-01-31,,,,30430.0,30447.0,0,0,0.0,BhavCopyCommodiyWise_01072019.xls,True,3807.5575575575576,100
2019-10-24,GOLDGUINEA,2020-01-31,,,,30932.0,30430.0,0,0,0.0,BhavCopyCommodiyWise_01072019.xls,True,3870.3703703703704,99
2019-10-25,GOLDGUINEA,2020-01-31,,,,28790.0,30932.0,0,0,0.0,BhavCopyCommodiyWise_01072019.xls,True,3602.352352352352,98
2019-10-27,GOLDGUINEA,2020-01-31,,,,28790.0,28790.0,0,0,0.0,BhavCopyCommodiyWise_01072019.xls,True,3602.352352352352,96
2019-10-28,GOLDGUINEA,2020-01-31,,,,29759.0,28790.0,0,0,0.0,BhavCopyCommodiyWise_01072019.xls,True,3723.5985985985985,95
2019-10-29,GOLDGUINEA,2020-01-31,,,,29998.0,29759.0,0,0,0.0,BhavCopyCommodiyWise_01072019.xls,True,3753.5035035035035,94
2019-10-30,GOLDGUINEA,2020-01-31,,,,29711.0,29998.0,0,0,0.0,BhavCopyCommodiyWise_01072019.xls,True,3717.5925925925926,93
2019-10-31,GOLDGUINEA,2020-01-31,,,,30674.0,29711.0,0,0,0.0,BhavCopyCommodiyWise_01072019.xls,True,3838.088088088088,92
2019-11-01,GOLDGUINEA,2020-01-31,30799.0,30884.0,30799.0,30853.0,30674.0,6,6,1.85,BhavCopyCommodiyWise_01072019.xls,False,3860.4854854854857,91
2019-11-04,GOLDGUINEA,2020-01-31,30899.0,30899.0,30800.0,30850.0,30853.0,2,8,0.62,BhavCopyCommodiyWise_01072019.xls,False,3860.1101101101103,88
2019-11-05,GOLDGUINEA,2020-01-31,30800.0,30885.0,30700.0,30750.0,30850.0,9,17,2.77,BhavCopyCommodiyWise_01072019.xls,False,3847.5975975975975,87
2019-11-06,GOLDGUINEA,2020-01-31,30799.0,30842.0,30505.0,30762.0,30750.0,7,23,2.15,BhavCopyCommodiyWise_01072019.xls,False,3849.099099099099,86
2019-11-07,GOLDGUINEA,2020-01-31,30505.0,30505.0,30405.0,30438.0,30762.0,3,24,0.91,BhavCopyCommodiyWise_01072019.xls,False,3808.5585585585586,85
2019-11-08,GOLDGUINEA,2020-01-31,,,,30298.0,30438.0,0,24,0.0,BhavCopyCommodiyWise_01072019.xls,True,3791.041041041041,84
2019-11-11,GOLDGUINEA,2020-01-31,30400.0,30400.0,30206.0,30255.0,30298.0,4,21,1.21,BhavCopyCommodiyWise_01072019.xls,False,3785.6606606606606,81
2019-11-12,GOLDGUINEA,2020-01-31,30350.0,30350.0,30021.0,30079.0,30255.0,17,5,5.11,BhavCopyCommodiyWise_01072019.xls,False,3763.6386386386384,80
2019-11-13,GOLDGUINEA,2020-01-31,,,,30482.0,30079.0,0,5,0.0,BhavCopyCommodiyWise_01072019.xls,True,3814.064064064064,79
2019-11-14,GOLDGUINEA,2020-01-31,,,,30586.0,30482.0,0,5,0.0,BhavCopyCommodiyWise_01072019.xls,True,3827.077077077077,78
2019-11-15,GOLDGUINEA,2020-01-31,,,,30542.0,30586.0,0,5,0.0,BhavCopyCommodiyWise_01072019.xls,True,3821.5715715715714,77
2019-11-18,GOLDGUINEA,2020-01-31,,,,30665.0,30542.0,0,5,0.0,BhavCopyCommodiyWise_01072019.xls,True,3836.961961961962,74
2019-11-19,GOLDGUINEA,2020-01-31,30342.0,30342.0,30342.0,30342.0,30665.0,2,5,0.61,BhavCopyCommodiyWise_01072019.xls,False,3796.5465465465463,73
2019-11-20,GOLDGUINEA,2020-01-31,30799.0,30799.0,30406.0,30603.0,30342.0,2,7,0.61,BhavCopyCommodiyWise_01072019.xls,False,3829.2042042042044,72
2019-11-21,GOLDGUINEA,2020-01-31,,,,30652.0,30603.0,0,7,0.0,BhavCopyCommodiyWise_01072019.xls,True,3835.3353353353355,71
2019-11-22,GOLDGUINEA,2020-01-31,30007.0,30953.0,30007.0,30575.0,30652.0,26,25,7.96,BhavCopyCommodiyWise_01072019.xls,False,3825.7007007007005,70
2019-11-25,GOLDGUINEA,2020-01-31,30600.0,30665.0,30254.0,30488.0,30575.0,21,30,6.41,BhavCopyCommodiyWise_01072019.xls,False,3814.814814814815,67
2019-11-26,GOLDGUINEA,2020-01-31,30329.0,30700.0,30308.0,30444.0,30488.0,31,37,9.43,BhavCopyCommodiyWise_01072019.xls,False,3809.3093093093094,66
2019-11-27,GOLDGUINEA,2020-01-31,30501.0,30589.0,30301.0,30409.0,30444.0,44,45,13.39,BhavCopyCommodiyWise_01072019.xls,False,3804.92992992993,65
2019-11-28,GOLDGUINEA,2020-01-31,30411.0,30460.0,30316.0,30363.0,30409.0,11,40,3.34,BhavCopyCommodiyWise_01072019.xls,False,3799.1741741741744,64
2019-11-29,GOLDGUINEA,2020-01-31,30411.0,30589.0,30411.0,30534.0,30363.0,25,44,7.62,BhavCopyCommodiyWise_01072019.xls,False,3820.5705705705705,63
2019-12-02,GOLDGUINEA,2020-01-31,30500.0,30525.0,30470.0,30513.0,30534.0,19,55,5.8,BhavCopyCommodiyWise_01072019.xls,False,3817.942942942943,60
2019-12-03,GOLDGUINEA,2020-01-31,30485.0,30695.0,30485.0,30672.0,30513.0,27,66,8.27,BhavCopyCommodiyWise_01072019.xls,False,3837.837837837838,59
2019-12-04,GOLDGUINEA,2020-01-31,30649.0,30725.0,30600.0,30620.0,30672.0,33,70,10.12,BhavCopyCommodiyWise_01072019.xls,False,3831.3313313313315,58
2019-12-05,GOLDGUINEA,2020-01-31,30630.0,30672.0,30590.0,30615.0,30620.0,37,77,11.33,BhavCopyCommodiyWise_01072019.xls,False,3830.705705705706,57
2019-12-06,GOLDGUINEA,2020-01-31,30560.0,30613.0,30363.0,30423.0,30615.0,152,129,46.31,BhavCopyCommodiyWise_01072019.xls,False,3806.6816816816818,56
2019-12-09,GOLDGUINEA,2020-01-31,30679.0,30711.0,30335.0,30394.0,30423.0,91,139,27.71,BhavCopyCommodiyWise_01072019.xls,False,3803.053053053053,53
2019-12-10,GOLDGUINEA,2020-01-31,30409.0,30474.0,30372.0,30382.0,30394.0,62,175,18.85,BhavCopyCommodiyWise_01072019.xls,False,3801.5515515515517,52
2019-12-11,GOLDGUINEA,2020-01-31,30391.0,30420.0,30357.0,30370.0,30382.0,72,203,21.88,BhavCopyCommodiyWise_01072019.xls,False,3800.0500500500502,51
2019-12-12,GOLDGUINEA,2020-01-31,30474.0,30560.0,30350.0,30375.0,30370.0,168,266,51.11,BhavCopyCommodiyWise_01072019.xls,False,3800.675675675676,50
2019-12-13,GOLDGUINEA,2020-01-31,30356.0,30425.0,30101.0,30385.0,30375.0,162,273,49.11,BhavCopyCommodiyWise_01072019.xls,False,3801.926926926927,49
2019-12-16,GOLDGUINEA,2020-01-31,30399.0,30470.0,30381.0,30430.0,30385.0,162,316,49.3,BhavCopyCommodiyWise_01072019.xls,False,3807.5575575575576,46
2019-12-17,GOLDGUINEA,2020-01-31,30430.0,30500.0,30403.0,30466.0,30430.0,85,327,25.89,BhavCopyCommodiyWise_01072019.xls,False,3812.062062062062,45
2019-12-18,GOLDGUINEA,2020-01-31,30459.0,30524.0,30406.0,30460.0,30466.0,160,361,48.72,BhavCopyCommodiyWise_01072019.xls,False,3811.3113113113113,44
2019-12-19,GOLDGUINEA,2020-01-31,30474.0,30538.0,30407.0,30518.0,30460.0,195,347,59.42,BhavCopyCommodiyWise_01072019.xls,False,3818.5685685685685,43
2019-12-20,GOLDGUINEA,2020-01-31,30465.0,30562.0,30465.0,30543.0,30518.0,235,336,71.7,BhavCopyCommodiyWise_01072019.xls,False,3821.6966966966966,42
2019-12-23,GOLDGUINEA,2020-01-31,30555.0,30663.0,30546.0,30629.0,30543.0,405,418,123.92,BhavCopyCommodiyWise_01072019.xls,False,3832.4574574574576,39
2019-12-24,GOLDGUINEA,2020-01-31,30650.0,30890.0,30646.0,30874.0,30629.0,663,605,203.89,BhavCopyCommodiyWise_01072019.xls,False,3863.1131131131133,38
2019-12-26,GOLDGUINEA,2020-01-31,30899.0,31039.0,30834.0,31020.0,30874.0,667,710,206.57,BhavCopyCommodiyWise_01072019.xls,False,3881.3813813813813,36
2019-12-27,GOLDGUINEA,2020-01-31,31030.0,31146.0,30981.0,31118.0,31020.0,516,739,160.23,BhavCopyCommodiyWise_01072019.xls,False,3893.643643643644,35
2019-12-30,GOLDGUINEA,2020-01-31,31130.0,31254.0,31000.0,31073.0,31118.0,764,757,237.69,BhavCopyCommodiyWise_01072019.xls,False,3888.013013013013,32
2019-12-31,GOLDGUINEA,2020-01-31,31113.0,31233.0,31113.0,31194.0,31073.0,514,827,160.31,BhavCopyCommodiyWise_01072019.xls,False,3903.153153153153,31
2020-01-01,GOLDGUINEA,2020-01-31,31200.0,31396.0,31138.0,31199.0,31194.0,252,810,78.58,BhavCopyCommodiyWise_01072019.xls,False,3903.778778778779,30
2020-01-02,GOLDGUINEA,2020-01-31,31198.0,31344.0,31171.0,31287.0,31199.0,622,852,194.42,BhavCopyCommodiyWise_01072019.xls,False,3914.7897897897897,29
2020-01-03,GOLDGUINEA,2020-01-31,31375.0,31988.0,31375.0,31872.0,31287.0,1583,1007,502.31,BhavCopyCommodiyWise_01072019.xls,False,3987.987987987988,28
2020-01-06,GOLDGUINEA,2020-01-31,32000.0,32800.0,32000.0,32255.0,31872.0,2713,921,879.75,BhavCopyCommodiyWise_01072019.xls,False,4035.910910910911,25
2020-01-07,GOLDGUINEA,2020-01-31,32115.0,32446.0,32031.0,32393.0,32255.0,1688,941,544.97,BhavCopyCommodiyWise_01072019.xls,False,4053.1781781781783,24
2020-01-08,GOLDGUINEA,2020-01-31,32485.0,32799.0,31800.0,32005.0,32393.0,2925,772,948.47,BhavCopyCommodiyWise_01072019.xls,False,4004.6296296296296,23
2020-01-09,GOLDGUINEA,2020-01-31,31952.0,32082.0,31725.0,31839.0,32005.0,1433,664,456.56,BhavCopyCommodiyWise_01072019.xls,False,3983.8588588588586,22
2020-01-10,GOLDGUINEA,2020-01-31,31755.0,31988.0,31720.0,31870.0,31839.0,1091,642,347.25,BhavCopyCommodiyWise_01072019.xls,False,3987.737737737738,21
2020-01-13,GOLDGUINEA,2020-01-31,31780.0,31930.0,31705.0,31734.0,31870.0,806,612,256.24,BhavCopyCommodiyWise_01072019.xls,False,3970.7207207207207,18
2020-01-14,GOLDGUINEA,2020-01-31,31650.0,31699.0,31510.0,31597.0,31734.0,622,573,196.64,BhavCopyCommodiyWise_01072019.xls,False,3953.578578578579,17
2020-01-15,GOLDGUINEA,2020-01-31,31601.0,31814.0,31601.0,31748.0,31597.0,652,549,206.91,BhavCopyCommodiyWise_01072019.xls,False,3972.4724724724724,16
2020-01-16,GOLDGUINEA,2020-01-31,31835.0,31985.0,31651.0,31778.0,31748.0,859,530,273.18,BhavCopyCommodiyWise_01072019.xls,False,3976.226226226226,15
2020-01-17,GOLDGUINEA,2020-01-31,31611.0,31948.0,31611.0,31908.0,31778.0,522,536,166.31,BhavCopyCommodiyWise_01072019.xls,False,3992.4924924924926,14
2020-01-20,GOLDGUINEA,2020-01-31,31890.0,31945.0,31825.0,31879.0,31908.0,439,539,139.95,BhavCopyCommodiyWise_01072019.xls,False,3988.863863863864,11
2020-01-21,GOLDGUINEA,2020-01-31,31949.0,31979.0,31700.0,31778.0,31879.0,638,452,203.1,BhavCopyCommodiyWise_01072019.xls,False,3976.226226226226,10
2020-01-22,GOLDGUINEA,2020-01-31,31705.0,31847.0,31511.0,31791.0,31778.0,314,416,99.76,BhavCopyCommodiyWise_01072019.xls,False,3977.8528528528527,9
2020-01-23,GOLDGUINEA,2020-01-31,31782.0,31935.0,31611.0,31893.0,31791.0,493,364,156.7,BhavCopyCommodiyWise_01072019.xls,False,3990.6156156156158,8
2020-01-24,GOLDGUINEA,2020-01-31,31765.0,31960.0,31631.0,31853.0,31893.0,555,154,176.56,BhavCopyCommodiyWise_01072019.xls,False,3985.610610610611,7
2020-01-27,GOLDGUINEA,2020-01-31,32000.0,32273.0,31865.0,32127.0,31853.0,216,47,69.22,BhavCopyCommodiyWise_01072019.xls,False,4019.894894894895,4
2020-01-28,GOLDGUINEA,2020-01-31,32200.0,32444.0,32000.0,32158.0,32127.0,26,27,8.37,BhavCopyCommodiyWise_01072019.xls,False,4023.773773773774,3
2020-01-29,GOLDGUINEA,2020-01-31,31959.0,32800.0,31959.0,32154.0,32158.0,15,13,4.82,BhavCopyCommodiyWise_01072019.xls,False,4023.2732732732734,2
2020-01-30,GOLDGUINEA,2020-01-31,32328.0,32428.0,32265.0,32354.0,32154.0,14,12,4.53,BhavCopyCommodiyWise_01072019.xls,False,4048.2982982982985,1
2020-01-31,GOLDGUINEA,2020-01-31,32438.0,32438.0,32300.0,32686.0,32354.0,11,11,3.55,BhavCopyCommodiyWise_01072019.xls,False,4089.83983983984,0
2020-09-01,GOLDPETAL,2020-12-31,5359.0,5359.0,5300.0,5307.0,5255.0,27,27,1.43,BhavCopyCommodiyWise_01072019 (38).xls,False,5312.312312312312,121
2020-09-02,GOLDPETAL,2020-12-31,5277.0,5277.0,5210.0,5234.0,5307.0,35,12,1.83,BhavCopyCommodiyWise_01072019 (38).xls,False,5239.239239239239,120
2020-09-03,GOLDPETAL,2020-12-31,5176.0,5210.0,5176.0,5189.0,5234.0,9,10,0.47,BhavCopyCommodiyWise_01072019 (38).xls,False,5194.194194194194,119
2020-09-04,GOLDPETAL,2020-12-31,5050.0,5210.0,5050.0,5105.0,5189.0,3,9,0.15,BhavCopyCommodiyWise_01072019 (38).xls,False,5110.11011011011,118
2020-09-07,GOLDPETAL,2020-12-31,,,,5105.0,5105.0,0,9,0.0,BhavCopyCommodiyWise_01072019 (38).xls,True,5110.11011011011,115
2020-09-08,GOLDPETAL,2020-12-31,,,,5242.0,5105.0,0,9,0.0,BhavCopyCommodiyWise_01072019 (38).xls,True,5247.247247247247,114
2020-09-09,GOLDPETAL,2020-12-31,5170.0,5250.0,5170.0,5210.0,5242.0,2,8,0.1,BhavCopyCommodiyWise_01072019 (38).xls,False,5215.215215215215,113
2020-09-10,GOLDPETAL,2020-12-31,5275.0,5275.0,5275.0,5275.0,5210.0,1,8,0.05,BhavCopyCommodiyWise_01072019 (38).xls,False,5280.28028028028,112
2020-09-11,GOLDPETAL,2020-12-31,5237.0,5237.0,5237.0,5237.0,5275.0,1,8,0.05,BhavCopyCommodiyWise_01072019 (38).xls,False,5242.242242242242,111
2020-09-14,GOLDPETAL,2020-12-31,5286.0,5286.0,5286.0,5286.0,5237.0,1,9,0.05,BhavCopyCommodiyWise_01072019 (38).xls,False,5291.291291291292,108
2020-09-15,GOLDPETAL,2020-12-31,5300.0,5300.0,5280.0,5292.0,5286.0,3,10,0.16,BhavCopyCommodiyWise_01072019 (38).xls,False,5297.2972972972975,107
2020-09-16,GOLDPETAL,2020-12-31,,,,5287.0,5292.0,0,10,0.0,BhavCopyCommodiyWise_01072019 (38).xls,True,5292.292292292293,106
2020-09-17,GOLDPETAL,2020-12-31,,,,5259.0,5287.0,0,10,0.0,BhavCopyCommodiyWise_01072019 (38).xls,True,5264.264264264264,105
2020-09-18,GOLDPETAL,2020-12-31,,,,5280.0,5259.0,0,10,0.0,BhavCopyCommodiyWise_01072019 (38).xls,True,5285.285285285286,104
2020-09-21,GOLDPETAL,2020-12-31,5233.0,5250.0,5122.0,5129.0,5280.0,71,54,3.68,BhavCopyCommodiyWise_01072019 (38).xls,False,5134.134134134134,101
2020-09-22,GOLDPETAL,2020-12-31,5142.0,5189.0,5139.0,5175.0,5129.0,26,74,1.35,BhavCopyCommodiyWise_01072019 (38).xls,False,5180.18018018018,100
2020-09-23,GOLDPETAL,2020-12-31,5100.0,5149.0,5070.0,5071.0,5175.0,78,122,3.97,BhavCopyCommodiyWise_01072019 (38).xls,False,5076.076076076076,99
2020-09-24,GOLDPETAL,2020-12-31,5115.0,5140.0,5028.0,5097.0,5071.0,44,122,2.24,BhavCopyCommodiyWise_01072019 (38).xls,False,5102.102102102102,98
2020-09-25,GOLDPETAL,2020-12-31,5105.0,5105.0,5057.0,5075.0,5097.0,65,159,3.31,BhavCopyCommodiyWise_01072019 (38).xls,False,5080.08008008008,97
2020-09-28,GOLDPETAL,2020-12-31,5071.0,5105.0,5050.0,5083.0,5075.0,129,211,6.55,BhavCopyCommodiyWise_01072019 (38).xls,False,5088.088088088088,94
2020-09-29,GOLDPETAL,2020-12-31,5120.0,5173.0,5115.0,5128.0,5083.0,44,214,2.26,BhavCopyCommodiyWise_01072019 (38).xls,False,5133.133133133133,93
2020-09-30,GOLDPETAL,2020-12-31,5125.0,5176.0,5125.0,5158.0,5128.0,83,262,4.28,BhavCopyCommodiyWise_01072019 (38).xls,False,5163.1631631631635,92
2020-10-01,GOLDPETAL,2020-12-31,5175.0,5177.0,5127.0,5148.0,5158.0,48,276,2.47,BhavCopyCommodiyWise_01072019 (38).xls,False,5153.153153153153,91
2020-10-05,GOLDPETAL,2020-12-31,5125.0,5157.0,5101.0,5147.0,5148.0,53,289,2.72,BhavCopyCommodiyWise_01072019 (38).xls,False,5152.152152152152,87
2020-10-06,GOLDPETAL,2020-12-31,5144.0,5180.0,5142.0,5145.0,5147.0,339,262,17.5,BhavCopyCommodiyWise_01072019 (38).xls,False,5150.15015015015,86
2020-10-07,GOLDPETAL,2020-12-31,5103.0,5114.0,5094.0,5099.0,5145.0,171,359,8.72,BhavCopyCommodiyWise_01072019 (38).xls,False,5104.104104104104,85
2020-10-08,GOLDPETAL,2020-12-31,5107.0,5107.0,5090.0,5097.0,5099.0,126,392,6.42,BhavCopyCommodiyWise_01072019 (38).xls,False,5102.102102102102,84
2020-10-09,GOLDPETAL,2020-12-31,5140.0,5170.0,5121.0,5154.0,5097.0,162,346,8.33,BhavCopyCommodiyWise_01072019 (38).xls,False,5159.15915915916,83
2020-10-12,GOLDPETAL,2020-12-31,5169.0,5188.0,5163.0,5180.0,5154.0,80,384,4.14,BhavCopyCommodiyWise_01072019 (38).xls,False,5185.185185185185,80
2020-10-13,GOLDPETAL,2020-12-31,5161.0,5165.0,5115.0,5119.0,5180.0,162,441,8.32,BhavCopyCommodiyWise_01072019 (38).xls,False,5124.124124124124,79
2020-10-14,GOLDPETAL,2020-12-31,5110.0,5139.0,5110.0,5132.0,5119.0,54,475,2.77,BhavCopyCommodiyWise_01072019 (38).xls,False,5137.137137137137,78
2020-10-15,GOLDPETAL,2020-12-31,5129.0,5142.0,5116.0,5139.0,5132.0,86,502,4.41,BhavCopyCommodiyWise_01072019 (38).xls,False,5144.144144144144,77
2020-10-16,GOLDPETAL,2020-12-31,5142.0,5165.0,5122.0,5137.0,5139.0,149,553,7.66,BhavCopyCommodiyWise_01072019 (38).xls,False,5142.142142142142,76
2020-10-19,GOLDPETAL,2020-12-31,5134.0,5157.0,5127.0,5150.0,5137.0,70,574,3.6,BhavCopyCommodiyWise_01072019 (38).xls,False,5155.155155155155,73
2020-10-20,GOLDPETAL,2020-12-31,5146.0,5160.0,5140.0,5154.0,5150.0,60,581,3.09,BhavCopyCommodiyWise_01072019 (38).xls,False,5159.15915915916,72
2020-10-21,GOLDPETAL,2020-12-31,5165.0,5198.0,5159.0,5191.0,5154.0,164,607,8.5,BhavCopyCommodiyWise_01072019 (38).xls,False,5196.196196196196,71
2020-10-22,GOLDPETAL,2020-12-31,5183.0,5230.0,5144.0,5150.0,5191.0,204,698,10.54,BhavCopyCommodiyWise_01072019 (38).xls,False,5155.155155155155,70
2020-10-23,GOLDPETAL,2020-12-31,5115.0,5175.0,5115.0,5154.0,5150.0,1938,1891,99.96,BhavCopyCommodiyWise_01072019 (38).xls,False,5159.15915915916,69
2020-10-26,GOLDPETAL,2020-12-31,5146.0,5169.0,5128.0,5152.0,5154.0,2911,2655,149.79,BhavCopyCommodiyWise_01072019 (38).xls,False,5157.157157157158,66
2020-10-27,GOLDPETAL,2020-12-31,5160.0,5170.0,5145.0,5151.0,5152.0,3598,3293,185.39,BhavCopyCommodiyWise_01072019 (38).xls,False,5156.156156156157,65
2020-10-28,GOLDPETAL,2020-12-31,5139.0,5159.0,5101.0,5119.0,5151.0,3879,3840,198.9,BhavCopyCommodiyWise_01072019 (38).xls,False,5124.124124124124,64
2020-10-29,GOLDPETAL,2020-12-31,5119.0,5169.0,5093.0,5110.0,5119.0,8045,6343,411.78,BhavCopyCommodiyWise_01072019 (38).xls,False,5115.115115115115,63
2020-10-30,GOLDPETAL,2020-12-31,5116.0,5145.0,5105.0,5135.0,5110.0,4216,5826,216.17,BhavCopyCommodiyWise_01072019 (38).xls,False,5140.14014014014,62
2020-11-02,GOLDPETAL,2020-12-31,5130.0,5188.0,5130.0,5155.0,5135.0,5895,6935,303.74,BhavCopyCommodiyWise_01072019 (38).xls,False,5160.160160160161,59
2020-11-03,GOLDPETAL,2020-12-31,5155.0,5209.0,5145.0,5203.0,5155.0,5982,7088,309.89,BhavCopyCommodiyWise_01072019 (38).xls,False,5208.208208208208,58
2020-11-04,GOLDPETAL,2020-12-31,5181.0,5198.0,5145.0,5152.0,5203.0,8605,9392,445.51,BhavCopyCommodiyWise_01072019 (38).xls,False,5157.157157157158,57
2020-11-05,GOLDPETAL,2020-12-31,5161.0,5294.0,5161.0,5254.0,5152.0,17806,12075,931.27,BhavCopyCommodiyWise_01072019 (38).xls,False,5259.259259259259,56
2020-11-06,GOLDPETAL,2020-12-31,5255.0,5299.0,5232.0,5280.0,5254.0,14540,15399,765.99,BhavCopyCommodiyWise_01072019 (38).xls,False,5285.285285285286,55
2020-11-09,GOLDPETAL,2020-12-31,5296.0,5316.0,5028.0,5053.0,5280.0,39458,22688,2024.15,BhavCopyCommodiyWise_01072019 (38).xls,False,5058.058058058058,52
2020-11-10,GOLDPETAL,2020-12-31,5088.0,5130.0,5088.0,5126.0,5053.0,11056,20651,565.29,BhavCopyCommodiyWise_01072019 (38).xls,False,5131.131131131131,51
2020-11-11,GOLDPETAL,2020-12-31,5121.0,5126.0,5075.0,5101.0,5126.0,10362,22503,528.99,BhavCopyCommodiyWise_01072019 (38).xls,False,5106.106106106106,50
2020-11-12,GOLDPETAL,2020-12-31,5105.0,5139.0,5101.0,5122.0,5101.0,7735,21521,396.0,BhavCopyCommodiyWise_01072019 (38).xls,False,5127.127127127127,49
2020-11-13,GOLDPETAL,2020-12-31,5122.0,5168.0,5122.0,5154.0,5122.0,8606,21285,443.16,BhavCopyCommodiyWise_01072019 (38).xls,False,5159.15915915916,48
2020-11-14,GOLDPETAL,2020-12-31,5160.0,5175.0,5155.0,5165.0,5154.0,976,21481,50.43,BhavCopyCommodiyWise_01072019 (38).xls,False,5170.17017017017,47
2020-11-16,GOLDPETAL,2020-12-31,5160.0,5169.0,5096.0,5149.0,5165.0,8304,22586,426.08,BhavCopyCommodiyWise_01072019 (38).xls,False,5154.154154154154,45
2020-11-17,GOLDPETAL,2020-12-31,5153.0,5159.0,5135.0,5142.0,5149.0,9510,24478,489.39,BhavCopyCommodiyWise_01072019 (38).xls,False,5147.147147147147,44
2020-11-18,GOLDPETAL,2020-12-31,5135.0,5138.0,5085.0,5101.0,5142.0,16521,29560,844.3,BhavCopyCommodiyWise_01072019 (38).xls,False,5106.106106106106,43
2020-11-19,GOLDPETAL,2020-12-31,5091.0,5095.0,5053.0,5067.0,5101.0,16117,35994,817.46,BhavCopyCommodiyWise_01072019 (38).xls,False,5072.072072072072,42
2020-11-20,GOLDPETAL,2020-12-31,5072.0,5093.0,5060.0,5066.0,5067.0,37223,39212,1889.89,BhavCopyCommodiyWise_01072019 (38).xls,False,5071.071071071071,41
2020-11-23,GOLDPETAL,2020-12-31,5069.0,5088.0,4990.0,5001.0,5066.0,57433,50641,2893.13,BhavCopyCommodiyWise_01072019 (38).xls,False,5006.006006006006,38
2020-11-24,GOLDPETAL,2020-12-31,4995.0,4995.0,4900.0,4905.0,5001.0,54893,54411,2706.89,BhavCopyCommodiyWise_01072019 (38).xls,False,4909.90990990991,37
2020-11-25,GOLDPETAL,2020-12-31,4910.0,4927.0,4883.0,4898.0,4905.0,42011,53648,2062.01,BhavCopyCommodiyWise_01072019 (38).xls,False,4902.9029029029025,36
2020-11-26,GOLDPETAL,2020-12-31,4904.0,4920.0,4895.0,4907.0,4898.0,28958,54702,1421.14,BhavCopyCommodiyWise_01072019 (38).xls,False,4911.911911911912,35
2020-11-27,GOLDPETAL,2020-12-31,4905.0,4912.0,4840.0,4846.0,4907.0,51772,53548,2521.05,BhavCopyCommodiyWise_01072019 (38).xls,False,4850.850850850851,34
2020-11-30,GOLDPETAL,2020-12-31,4835.0,4840.0,4796.0,4832.0,4846.0,32642,54091,1572.95,BhavCopyCommodiyWise_01072019 (38).xls,False,4836.8368368368365,31
2020-12-01,GOLDPETAL,2020-12-31,4834.0,4889.0,4802.0,4880.0,4832.0,51494,54173,2502.73,BhavCopyCommodiyWise_01072019 (38).xls,False,4884.884884884885,30
2020-12-02,GOLDPETAL,2020-12-31,4866.0,4919.0,4861.0,4908.0,4880.0,76785,51801,3759.27,BhavCopyCommodiyWise_01072019 (38).xls,False,4912.912912912913,29
2020-12-03,GOLDPETAL,2020-12-31,4912.0,4959.0,4912.0,4941.0,4908.0,58019,45669,2863.23,BhavCopyCommodiyWise_01072019 (38).xls,False,4945.945945945946,28
2020-12-04,GOLDPETAL,2020-12-31,4949.0,4954.0,4926.0,4932.0,4941.0,46252,44909,2283.29,BhavCopyCommodiyWise_01072019 (38).xls,False,4936.936936936937,27
2020-12-07,GOLDPETAL,2020-12-31,4932.0,5007.0,4901.0,5000.0,4932.0,83899,39792,4160.21,BhavCopyCommodiyWise_01072019 (38).xls,False,5005.005005005005,24
2020-12-08,GOLDPETAL,2020-12-31,4994.0,5019.0,4981.0,5008.0,5000.0,54689,37840,2735.87,BhavCopyCommodiyWise_01072019 (38).xls,False,5013.013013013013,23
2020-12-09,GOLDPETAL,2020-12-31,4997.0,5005.0,4935.0,4945.0,5008.0,60079,39188,2985.62,BhavCopyCommodiyWise_01072019 (38).xls,False,4949.94994994995,22
2020-12-10,GOLDPETAL,2020-12-31,4949.0,4956.0,4918.0,4927.0,4945.0,53609,39475,2646.32,BhavCopyCommodiyWise_01072019 (38).xls,False,4931.931931931932,21
2020-12-11,GOLDPETAL,2020-12-31,4932.0,4948.0,4911.0,4941.0,4927.0,45271,40617,2232.11,BhavCopyCommodiyWise_01072019 (38).xls,False,4945.945945945946,20
2020-12-14,GOLDPETAL,2020-12-31,4935.0,4938.0,4891.0,4901.0,4941.0,49783,42325,2442.75,BhavCopyCommodiyWise_01072019 (38).xls,False,4905.9059059059055,17
2020-12-15,GOLDPETAL,2020-12-31,4905.0,4953.0,4901.0,4948.0,4901.0,46587,39908,2299.87,BhavCopyCommodiyWise_01072019 (38).xls,False,4952.952952952953,16
2020-12-16,GOLDPETAL,2020-12-31,4954.0,4987.0,4954.0,4958.0,4948.0,55679,35394,2765.65,BhavCopyCommodiyWise_01072019 (38).xls,False,4962.962962962963,15
2020-12-17,GOLDPETAL,2020-12-31,4963.0,5047.0,4963.0,5036.0,4958.0,67597,27663,3387.76,BhavCopyCommodiyWise_01072019 (38).xls,False,5041.041041041041,14
2020-12-18,GOLDPETAL,2020-12-31,5021.0,5029.0,5004.0,5018.0,5036.0,38260,27361,1919.66,BhavCopyCommodiyWise_01072019 (38).xls,False,5023.023023023023,13
2020-12-21,GOLDPETAL,2020-12-31,5029.0,5074.0,4953.0,5017.0,5018.0,70784,22773,3559.87,BhavCopyCommodiyWise_01072019 (38).xls,False,5022.022022022022,10
2020-12-22,GOLDPETAL,2020-12-31,5011.0,5040.0,4976.0,4982.0,5017.0,42665,18478,2132.19,BhavCopyCommodiyWise_01072019 (38).xls,False,4986.986986986987,9
2020-12-23,GOLDPETAL,2020-12-31,4982.0,4992.0,4906.0,4972.0,4982.0,43718,5964,2173.51,BhavCopyCommodiyWise_01072019 (38).xls,False,4976.976976976977,8
2020-12-24,GOLDPETAL,2020-12-31,4975.0,4982.0,4952.0,4962.0,4972.0,7042,2193,349.91,BhavCopyCommodiyWise_01072019 (38).xls,False,4966.9669669669665,7
2020-12-28,GOLDPETAL,2020-12-31,5065.0,5065.0,4985.0,5002.0,4962.0,211,1655,10.59,BhavCopyCommodiyWise_01072019 (38).xls,False,5007.007007007007,3
2020-12-29,GOLDPETAL,2020-12-31,5025.0,5025.0,4985.0,4995.0,5002.0,37,1619,1.85,BhavCopyCommodiyWise_01072019 (38).xls,False,5000.0,2
2020-12-30,GOLDPETAL,2020-12-31,4995.0,5009.0,4980.0,4986.0,4995.0,38,881,1.9,BhavCopyCommodiyWise_01072019 (38).xls,False,4990.990990990991,1
2020-12-31,GOLDPETAL,2020-12-31,5006.0,5050.0,4954.0,5021.0,4986.0,56,672,2.8,BhavCopyCommodiyWise_01072019 (38).xls,False,5026.026026026026,0
